nomeEntidade,ano,descricaoPrograma,descricao,objetivo,descricaoOrgao,descricaoUnidade,descricaoFuncao,descricaoSubfuncao,idAcao,descricaoAcao,natureza,idDespesa,numeroElemento,descricaoElemento,descricaoLocalizador,categoriaEconomica,valorOrcado,valorOrcadoAlterado,valorOrcadoAtualizado,valorEmpenhado,valorEmpenhadoAtualizado,valorLiquidado,valorLiquidadoAtualizado,valorALiquidar,valorPago,valorPagoAnulado,valorPagoAtualizado,valorAPagarEmpenhado,valorAPagarLiquidado,"percentualEmpenhadoSobreOrcadoInicial","percentualEmpenhadoSobreOrcadoAtualizado","percentualLiquidadoSobreOrcadoInicial","percentualLiquidadoSobreOrcadoAtualizado","percentualPagoSobreOrcadoInicial","percentualPagoSobreOrcadoAtualizado",fontesRecursos,informacaoPlanejamento,empenhos,suplementacoes,descricaoRecurso
"FUNDO MUNICIPAL DE INCENTIVO CULTURAL DE CRICIUMA",2024,"CULTURA PARA TODOS","Fundo de Incentivo a Cultura","Tem por objetivo incentivar, difundir, fomentar e promover a prática e o desenvolvimento de atividades culturais artísticas e turísticas do Município. Atender melhor as crianças através dos programas disponíveis e os a serem ampliados e melhorados.","FUNDO MUNICIPAL DE INCENTIVO CULTURAL DE CRICIÚMA","Fundo Municipal de Incentivo Cultural",Cultura,"Difusão Cultural",1091,"Fundo de Incentivo a Cultura","Aplicacoes Diretas",4,44900000000000,"Aplicacoes Diretas","FUNDO MUNICIPAL DE INCENTIVO CULTURAL DE CRICIUMA","DESPESAS DE CAPITAL",110000,0,110000,0,0,0,0,0,0,0,0,0,0,0.0,0.0,0.0,0.0,0.0,0.0,"fontesRecursos_c3c61056-a951-435f-9f69-f8fd342d7d94.csv","informacaoPlanejamento_e3545cc8-5c08-4374-b4b8-9ac864324061.csv"," "," "," "
"FUNDACAO CULTURAL DE CRICIUMA",2024,"CULTURA PARA TODOS","Praça da PEC","Tem por objetivo incentivar, difundir, fomentar e promover a prática e o desenvolvimento de atividades culturais artísticas e turísticas do Município. Atender melhor as crianças através dos programas disponíveis e os a serem ampliados e melhorados.","FUNDAÇÃO MUN. DE CULTURA","Fundação Mun. de Cultura",Cultura,"Serviços Urbanos",1092,"Praça da PEC","Aplicacoes Diretas",14,44900000000000,"Aplicacoes Diretas","FUNDACAO CULTURAL DE CRICIUMA","DESPESAS DE CAPITAL",5000,0,5000,0,0,0,0,0,0,0,0,0,0,0.0,0.0,0.0,0.0,0.0,0.0,"fontesRecursos_5228b750-9774-47f5-bedd-b49d505e05db.csv","informacaoPlanejamento_ac8cae50-b710-43a5-ad1e-63e3c6c1ed2f.csv"," "," "," "
"FUNDACAO CULTURAL DE CRICIUMA",2024,"CULTURA PARA TODOS","Manut. da Fundação Cultural","Tem por objetivo incentivar, difundir, fomentar e promover a prática e o desenvolvimento de atividades culturais artísticas e turísticas do Município. Atender melhor as crianças através dos programas disponíveis e os a serem ampliados e melhorados.","FUNDAÇÃO MUN. DE CULTURA","Fundação Mun. de Cultura",Cultura,"Administração Geral",1088,"Manut. da Fundação Cultural","Transf. a Instituicoes Privadas c/ Fins Lucrativos",4,33600000000000,"Transf. a Instituicoes Privadas c/ Fins Lucrativos","FUNDACAO CULTURAL DE CRICIUMA","DESPESAS CORRENTES",100000,-21854,78146,0,0,0,0,0,0,0,0,0,0,0.0,0.0,0.0,0.0,0.0,0.0,"fontesRecursos_64fb549c-cca9-4e33-8847-085d20cc410f.csv","informacaoPlanejamento_c3971b66-0906-40b1-907b-760de9b578d9.csv"," ","suplementacoes_53b79329-9dab-44d6-8fdb-fd44dc96a93d.csv"," "
"FUNDACAO CULTURAL DE CRICIUMA",2024,"CULTURA PARA TODOS","Manut. da Fundação Cultural","Tem por objetivo incentivar, difundir, fomentar e promover a prática e o desenvolvimento de atividades culturais artísticas e turísticas do Município. Atender melhor as crianças através dos programas disponíveis e os a serem ampliados e melhorados.","FUNDAÇÃO MUN. DE CULTURA","Fundação Mun. de Cultura",Cultura,"Administração Geral",1088,"Manut. da Fundação Cultural","Transferencias a Instituicoes Privadas sem Fins Lu",3,33500000000000,"Transferencias a Instituicoes Privadas sem Fins Lu","FUNDACAO CULTURAL DE CRICIUMA","DESPESAS CORRENTES",400000,-400000,0,0,0,0,0,0,0,0,0,0,0,0.0,0.0,0.0,0.0,0.0,0.0,"fontesRecursos_2dc545ff-6a16-4865-a169-e3fa34a8d5f0.csv","informacaoPlanejamento_6cfbad72-ca91-4d03-90e9-fb21e6c49945.csv"," ","suplementacoes_2a30de46-21a7-4769-befd-a75d7e42b2b4.csv"," "
"FUNDACAO CULTURAL DE CRICIUMA",2024,"CULTURA PARA TODOS","Manut. da Fundação Cultural","Tem por objetivo incentivar, difundir, fomentar e promover a prática e o desenvolvimento de atividades culturais artísticas e turísticas do Município. Atender melhor as crianças através dos programas disponíveis e os a serem ampliados e melhorados.","FUNDAÇÃO MUN. DE CULTURA","Fundação Mun. de Cultura",Cultura,"Administração Geral",1088,"Manut. da Fundação Cultural","Aplicacoes Diretas",5,33900000000000,"Aplicacoes Diretas","FUNDACAO CULTURAL DE CRICIUMA","DESPESAS CORRENTES",1600000,944000,2544000,2551914.35,1026502.63,1022832.1,1022832.1,3670.53,938161.0,0,938161.0,88341.63,84671.1,159.49,100.31,63.93,40.21,58.64,271.17,"fontesRecursos_d65a40e6-330f-4793-ba78-f12575b460ae.csv","informacaoPlanejamento_b0b10aa0-985b-45ea-84d3-cf312535f04c.csv","empenhos_8a9a3a3b-9db2-4fac-9593-77e78ba3c682.csv","suplementacoes_e6dbbc0b-cf3c-4bb6-9ad6-61d38ac66338.csv"," "
"FUNDACAO CULTURAL DE CRICIUMA",2024,"CULTURA PARA TODOS","Praça da PEC","Tem por objetivo incentivar, difundir, fomentar e promover a prática e o desenvolvimento de atividades culturais artísticas e turísticas do Município. Atender melhor as crianças através dos programas disponíveis e os a serem ampliados e melhorados.","FUNDAÇÃO MUN. DE CULTURA","Fundação Mun. de Cultura",Cultura,"Serviços Urbanos",1092,"Praça da PEC","Aplicacoes Diretas",13,33900000000000,"Aplicacoes Diretas","FUNDACAO CULTURAL DE CRICIUMA","DESPESAS CORRENTES",5000,0,5000,0,0,0,0,0,0,0,0,0,0,0.0,0.0,0.0,0.0,0.0,0.0,"fontesRecursos_53e1cf2b-a26f-442d-8318-64bde83ea455.csv","informacaoPlanejamento_850fec24-3e71-4236-bd3e-cbcf5de0c891.csv"," "," "," "
"FUNDACAO CULTURAL DE CRICIUMA",2024,"CULTURA PARA TODOS","Desenvolvimento Artistico e Cultural","Tem por objetivo incentivar, difundir, fomentar e promover a prática e o desenvolvimento de atividades culturais artísticas e turísticas do Município. Atender melhor as crianças através dos programas disponíveis e os a serem ampliados e melhorados.","FUNDAÇÃO MUN. DE CULTURA","Fundação Mun. de Cultura",Cultura,"Patrimônio Histórico, Artístico e Arqueológico",1089,"Desenvolvimento Artistico e Cultural","Transferencias a Instituicoes Privadas sem Fins Lu",7,33500000000000,"Transferencias a Instituicoes Privadas sem Fins Lu","FUNDACAO CULTURAL DE CRICIUMA","DESPESAS CORRENTES",700000,-100000,600000,504100.0,447812.64,504100.0,447812.64,0.0,504100.0,56287.36,447812.64,0.0,0.0,72.01,84.02,72.01,84.02,72.01,119.02,"fontesRecursos_0af3f354-bb63-4668-aca5-f3018f03f3b2.csv","informacaoPlanejamento_4f7b97c1-a20f-41c1-9ddc-aa0612f195e4.csv","empenhos_3aa97940-4195-47eb-b56d-b9d9b9ed7a03.csv","suplementacoes_bc473342-722e-4ac2-8655-6520bf7b4c62.csv"," "
"FUNDACAO CULTURAL DE CRICIUMA",2024,"CULTURA PARA TODOS","Desenvolvimento Artistico e Cultural","Tem por objetivo incentivar, difundir, fomentar e promover a prática e o desenvolvimento de atividades culturais artísticas e turísticas do Município. Atender melhor as crianças através dos programas disponíveis e os a serem ampliados e melhorados.","FUNDAÇÃO MUN. DE CULTURA","Fundação Mun. de Cultura",Cultura,"Patrimônio Histórico, Artístico e Arqueológico",1089,"Desenvolvimento Artistico e Cultural","Aplicacoes Diretas",10,44900000000000,"Aplicacoes Diretas","FUNDACAO CULTURAL DE CRICIUMA","DESPESAS DE CAPITAL",150000,-150000,0,0,0,0,0,0,0,0,0,0,0,0.0,0.0,0.0,0.0,0.0,0.0,"fontesRecursos_d7c55b1f-cf46-4e96-93fe-4a2006fba74e.csv","informacaoPlanejamento_5e911353-cbbb-4db2-a6bc-18a18df3cebd.csv"," ","suplementacoes_72b55b76-33b1-46bf-9594-28253fd59dec.csv"," "
"FUNDACAO CULTURAL DE CRICIUMA",2024,"CULTURA PARA TODOS","Manut. da Fundação Cultural","Tem por objetivo incentivar, difundir, fomentar e promover a prática e o desenvolvimento de atividades culturais artísticas e turísticas do Município. Atender melhor as crianças através dos programas disponíveis e os a serem ampliados e melhorados.","FUNDAÇÃO MUN. DE CULTURA","Fundação Mun. de Cultura",Cultura,"Administração Geral",1088,"Manut. da Fundação Cultural","Aplicacoes Diretas",6,44900000000000,"Aplicacoes Diretas","FUNDACAO CULTURAL DE CRICIUMA","DESPESAS DE CAPITAL",700000,-522146,177854,91854.0,44000.0,44000.0,44000.0,0.0,44000.0,0,44000.0,0.0,0.0,13.12,51.65,6.29,24.74,6.29,404.21,"fontesRecursos_a9a91971-bd06-4a89-a13b-2aeac886b62d.csv","informacaoPlanejamento_c089c58e-326f-4fc9-a926-72210e8a912c.csv","empenhos_418b76e2-4f67-4161-9af1-0779a8666c98.csv","suplementacoes_beb7f144-0e77-4d67-9691-d2a7307264e1.csv"," "
"FUNDACAO CULTURAL DE CRICIUMA",2024,"CULTURA PARA TODOS","Unidades Culturais","Tem por objetivo incentivar, difundir, fomentar e promover a prática e o desenvolvimento de atividades culturais artísticas e turísticas do Município. Atender melhor as crianças através dos programas disponíveis e os a serem ampliados e melhorados.","FUNDAÇÃO MUN. DE CULTURA","Fundação Mun. de Cultura",Cultura,"Difusão Cultural",1090,"Unidades Culturais","Aplicacoes Diretas",11,33900000000000,"Aplicacoes Diretas","FUNDACAO CULTURAL DE CRICIUMA","DESPESAS CORRENTES",40000,0,40000,0,0,0,0,0,0,0,0,0,0,0.0,0.0,0.0,0.0,0.0,0.0,"fontesRecursos_2e98a03b-3160-4843-aa78-633049f68154.csv","informacaoPlanejamento_99b9d817-f26d-4e55-b611-ef46210b7690.csv"," "," "," "
"FUNDACAO CULTURAL DE CRICIUMA",2024,"CULTURA PARA TODOS","Unidades Culturais","Tem por objetivo incentivar, difundir, fomentar e promover a prática e o desenvolvimento de atividades culturais artísticas e turísticas do Município. Atender melhor as crianças através dos programas disponíveis e os a serem ampliados e melhorados.","FUNDAÇÃO MUN. DE CULTURA","Fundação Mun. de Cultura",Cultura,"Difusão Cultural",1090,"Unidades Culturais","Aplicacoes Diretas",12,44900000000000,"Aplicacoes Diretas","FUNDACAO CULTURAL DE CRICIUMA","DESPESAS DE CAPITAL",40000,0,40000,0,0,0,0,0,0,0,0,0,0,0.0,0.0,0.0,0.0,0.0,0.0,"fontesRecursos_6e4fc3fc-fc3c-49b9-ab64-59ecb2dc5ad7.csv","informacaoPlanejamento_fd66c3d2-1d83-4144-9bb0-b04ce0524b24.csv"," "," "," "
"FUNDACAO CULTURAL DE CRICIUMA",2024,"CULTURA PARA TODOS","Desenvolvimento Artistico e Cultural","Tem por objetivo incentivar, difundir, fomentar e promover a prática e o desenvolvimento de atividades culturais artísticas e turísticas do Município. Atender melhor as crianças através dos programas disponíveis e os a serem ampliados e melhorados.","FUNDAÇÃO MUN. DE CULTURA","Fundação Mun. de Cultura",Cultura,"Patrimônio Histórico, Artístico e Arqueológico",1089,"Desenvolvimento Artistico e Cultural","Transf. a Instituicoes Privadas c/ Fins Lucrativos",8,33600000000000,"Transf. a Instituicoes Privadas c/ Fins Lucrativos","FUNDACAO CULTURAL DE CRICIUMA","DESPESAS CORRENTES",100000,-100000,0,0,0,0,0,0,0,0,0,0,0,0.0,0.0,0.0,0.0,0.0,0.0,"fontesRecursos_84b52e61-a8d3-4c17-882f-acb4d591e1f7.csv","informacaoPlanejamento_00d7396f-6f88-47f7-863d-9218715a02f3.csv"," ","suplementacoes_d2df2fa6-f84b-4d56-8a41-ab88df7a48b7.csv"," "
"FUNDACAO CULTURAL DE CRICIUMA",2024,"CULTURA PARA TODOS","Desenvolvimento Artistico e Cultural","Tem por objetivo incentivar, difundir, fomentar e promover a prática e o desenvolvimento de atividades culturais artísticas e turísticas do Município. Atender melhor as crianças através dos programas disponíveis e os a serem ampliados e melhorados.","FUNDAÇÃO MUN. DE CULTURA","Fundação Mun. de Cultura",Cultura,"Patrimônio Histórico, Artístico e Arqueológico",1089,"Desenvolvimento Artistico e Cultural","Aplicacoes Diretas",9,33900000000000,"Aplicacoes Diretas","FUNDACAO CULTURAL DE CRICIUMA","DESPESAS CORRENTES",850000,679294.43,1529294.43,1260625.0,1237807.75,530728.45,530728.45,707079.3,530728.45,0,530728.45,707079.3,0.0,148.31,82.43,62.44,34.7,62.44,288.15,"fontesRecursos_d1399544-0456-48bc-ace4-b951bb1ad424.csv","informacaoPlanejamento_8ff2a2a9-5004-4179-ba89-ff5c3af1ac10.csv","empenhos_9c364fe8-e92c-4c92-8845-9ffd8ed52372.csv","suplementacoes_78e1a903-49f8-46a3-b72a-e46d3994ffc1.csv"," "
"FUNDACAO CULTURAL DE CRICIUMA",2024,"GESTÃO ADMINISTRATIVA","Manutenção do Fundo Municipal do Turismo - FUMTUR","Planejar a gestão publica atraves de implementações de dados gerenciais visando a redução de custos, e estrategicas na defesa civil do municipio.","FUNDAÇÃO MUN. DE CULTURA","Fundação Mun. de Cultura","Comércio e Serviços",Turismo,1219,"Manutenção do Fundo Municipal do Turismo - FUMTUR","Aplicacoes Diretas",2,44900000000000,"Aplicacoes Diretas","FUNDACAO CULTURAL DE CRICIUMA","DESPESAS DE CAPITAL",150000,0,150000,0,0,0,0,0,0,0,0,0,0,0.0,0.0,0.0,0.0,0.0,0.0,"fontesRecursos_217cb4d8-3365-4746-b661-370807e2d929.csv","informacaoPlanejamento_e1bddd1c-3929-4841-acbb-764ac6cca0a2.csv"," "," "," "
"FUNDACAO CULTURAL DE CRICIUMA",2024,"GESTÃO ADMINISTRATIVA","Manutenção do Fundo Municipal do Turismo - FUMTUR","Planejar a gestão publica atraves de implementações de dados gerenciais visando a redução de custos, e estrategicas na defesa civil do municipio.","FUNDAÇÃO MUN. DE CULTURA","Fundação Mun. de Cultura","Comércio e Serviços",Turismo,1219,"Manutenção do Fundo Municipal do Turismo - FUMTUR","Aplicacoes Diretas",1,33900000000000,"Aplicacoes Diretas","FUNDACAO CULTURAL DE CRICIUMA","DESPESAS CORRENTES",150000,0,150000,0,0,0,0,0,0,0,0,0,0,0.0,0.0,0.0,0.0,0.0,0.0,"fontesRecursos_d5f8842a-ccba-4f6f-b2c2-07538231d51a.csv","informacaoPlanejamento_4594418d-d746-491b-8675-b93c495c5223.csv"," "," "," "
"FUNDACAO CULTURAL DE CRICIUMA",2024,"CULTURA PARA TODOS","Praça da PEC","Tem por objetivo incentivar, difundir, fomentar e promover a prática e o desenvolvimento de atividades culturais artísticas e turísticas do Município. Atender melhor as crianças através dos programas disponíveis e os a serem ampliados e melhorados.","FUNDAÇÃO MUN. DE CULTURA","Fundação Mun. de Cultura",Cultura,"Serviços Urbanos",1092,"Praça da PEC","Aplicacoes Diretas",14,44900000000000,"Aplicacoes Diretas","FUNDACAO CULTURAL DE CRICIUMA","DESPESAS DE CAPITAL",5000,0,5000,0,0,0,0,0,0,0,0,0,0,0.0,0.0,0.0,0.0,0.0,0.0,"fontesRecursos_2399aad8-0266-45bf-adab-b394117c67af.csv","informacaoPlanejamento_9fade145-cee9-4e44-907e-12ca33c2d827.csv"," "," "," "
"FUNDACAO CULTURAL DE CRICIUMA",2024,"CULTURA PARA TODOS","Manut. da Fundação Cultural","Tem por objetivo incentivar, difundir, fomentar e promover a prática e o desenvolvimento de atividades culturais artísticas e turísticas do Município. Atender melhor as crianças através dos programas disponíveis e os a serem ampliados e melhorados.","FUNDAÇÃO MUN. DE CULTURA","Fundação Mun. de Cultura",Cultura,"Administração Geral",1088,"Manut. da Fundação Cultural","Transf. a Instituicoes Privadas c/ Fins Lucrativos",4,33600000000000,"Transf. a Instituicoes Privadas c/ Fins Lucrativos","FUNDACAO CULTURAL DE CRICIUMA","DESPESAS CORRENTES",100000,-21854,78146,0,0,0,0,0,0,0,0,0,0,0.0,0.0,0.0,0.0,0.0,0.0,"fontesRecursos_91bab93d-690a-4b22-8ed7-a51bdc799b9d.csv","informacaoPlanejamento_fff93623-99c1-4e77-9f8c-e01b70953dce.csv"," ","suplementacoes_61d97eaa-080a-41a2-a78e-81b242efaf61.csv"," "
"FUNDACAO CULTURAL DE CRICIUMA",2024,"CULTURA PARA TODOS","Manut. da Fundação Cultural","Tem por objetivo incentivar, difundir, fomentar e promover a prática e o desenvolvimento de atividades culturais artísticas e turísticas do Município. Atender melhor as crianças através dos programas disponíveis e os a serem ampliados e melhorados.","FUNDAÇÃO MUN. DE CULTURA","Fundação Mun. de Cultura",Cultura,"Administração Geral",1088,"Manut. da Fundação Cultural","Transferencias a Instituicoes Privadas sem Fins Lu",3,33500000000000,"Transferencias a Instituicoes Privadas sem Fins Lu","FUNDACAO CULTURAL DE CRICIUMA","DESPESAS CORRENTES",400000,-400000,0,0,0,0,0,0,0,0,0,0,0,0.0,0.0,0.0,0.0,0.0,0.0,"fontesRecursos_2fb9f7a7-81ae-4ada-86a2-574ef394892f.csv","informacaoPlanejamento_731ec615-88f5-47ea-ae4c-d7d6d04a36fd.csv"," ","suplementacoes_0868cdbc-f492-4986-b28a-dbfa08a2fb9c.csv"," "
"FUNDACAO CULTURAL DE CRICIUMA",2024,"CULTURA PARA TODOS","Praça da PEC","Tem por objetivo incentivar, difundir, fomentar e promover a prática e o desenvolvimento de atividades culturais artísticas e turísticas do Município. Atender melhor as crianças através dos programas disponíveis e os a serem ampliados e melhorados.","FUNDAÇÃO MUN. DE CULTURA","Fundação Mun. de Cultura",Cultura,"Serviços Urbanos",1092,"Praça da PEC","Aplicacoes Diretas",13,33900000000000,"Aplicacoes Diretas","FUNDACAO CULTURAL DE CRICIUMA","DESPESAS CORRENTES",5000,0,5000,0,0,0,0,0,0,0,0,0,0,0.0,0.0,0.0,0.0,0.0,0.0,"fontesRecursos_731ed7b4-9bef-47af-bd16-039e87f9f81c.csv","informacaoPlanejamento_8288b89f-a4e9-45b9-ac46-7154c736480d.csv"," "," "," "
"FUNDACAO CULTURAL DE CRICIUMA",2024,"CULTURA PARA TODOS","Desenvolvimento Artistico e Cultural","Tem por objetivo incentivar, difundir, fomentar e promover a prática e o desenvolvimento de atividades culturais artísticas e turísticas do Município. Atender melhor as crianças através dos programas disponíveis e os a serem ampliados e melhorados.","FUNDAÇÃO MUN. DE CULTURA","Fundação Mun. de Cultura",Cultura,"Patrimônio Histórico, Artístico e Arqueológico",1089,"Desenvolvimento Artistico e Cultural","Transferencias a Instituicoes Privadas sem Fins Lu",7,33500000000000,"Transferencias a Instituicoes Privadas sem Fins Lu","FUNDACAO CULTURAL DE CRICIUMA","DESPESAS CORRENTES",700000,-100000,600000,504100.0,447812.64,504100.0,447812.64,0.0,504100.0,56287.36,447812.64,0.0,0.0,72.01,84.02,72.01,84.02,72.01,119.02,"fontesRecursos_20c3a566-55d6-426a-900c-d6f98003cdd6.csv","informacaoPlanejamento_d6e8bddd-f396-4b50-a899-40a7b87718e9.csv","empenhos_037bfc05-ff41-4eee-840f-1b17cacf8d4c.csv","suplementacoes_9c85dacb-a0a5-4092-ae79-05c77a33e39c.csv"," "
"FUNDACAO CULTURAL DE CRICIUMA",2024,"CULTURA PARA TODOS","Desenvolvimento Artistico e Cultural","Tem por objetivo incentivar, difundir, fomentar e promover a prática e o desenvolvimento de atividades culturais artísticas e turísticas do Município. Atender melhor as crianças através dos programas disponíveis e os a serem ampliados e melhorados.","FUNDAÇÃO MUN. DE CULTURA","Fundação Mun. de Cultura",Cultura,"Patrimônio Histórico, Artístico e Arqueológico",1089,"Desenvolvimento Artistico e Cultural","Aplicacoes Diretas",10,44900000000000,"Aplicacoes Diretas","FUNDACAO CULTURAL DE CRICIUMA","DESPESAS DE CAPITAL",150000,-150000,0,0,0,0,0,0,0,0,0,0,0,0.0,0.0,0.0,0.0,0.0,0.0,"fontesRecursos_d8ea9d7d-ea55-429a-8a0f-1ab490c4ba03.csv","informacaoPlanejamento_cd319905-fcd3-4e88-bfe2-2583758ddf3d.csv"," ","suplementacoes_aec08652-ab0d-4436-a459-937b39b0cabc.csv"," "
"FUNDACAO CULTURAL DE CRICIUMA",2024,"CULTURA PARA TODOS","Manut. da Fundação Cultural","Tem por objetivo incentivar, difundir, fomentar e promover a prática e o desenvolvimento de atividades culturais artísticas e turísticas do Município. Atender melhor as crianças através dos programas disponíveis e os a serem ampliados e melhorados.","FUNDAÇÃO MUN. DE CULTURA","Fundação Mun. de Cultura",Cultura,"Administração Geral",1088,"Manut. da Fundação Cultural","Aplicacoes Diretas",6,44900000000000,"Aplicacoes Diretas","FUNDACAO CULTURAL DE CRICIUMA","DESPESAS DE CAPITAL",700000,-522146,177854,91854.0,44000.0,44000.0,44000.0,0.0,44000.0,0,44000.0,0.0,0.0,13.12,51.65,6.29,24.74,6.29,404.21,"fontesRecursos_30d6d301-4e8a-4a00-83bd-49d636b4cf14.csv","informacaoPlanejamento_58e8d512-c9df-4dd3-926c-801ddefd045d.csv","empenhos_875c3091-3118-4e38-b6f5-f8bd571db8e8.csv","suplementacoes_f5370895-2249-401f-98e9-0cbcf1ab4040.csv"," "
"FUNDACAO CULTURAL DE CRICIUMA",2024,"CULTURA PARA TODOS","Unidades Culturais","Tem por objetivo incentivar, difundir, fomentar e promover a prática e o desenvolvimento de atividades culturais artísticas e turísticas do Município. Atender melhor as crianças através dos programas disponíveis e os a serem ampliados e melhorados.","FUNDAÇÃO MUN. DE CULTURA","Fundação Mun. de Cultura",Cultura,"Difusão Cultural",1090,"Unidades Culturais","Aplicacoes Diretas",11,33900000000000,"Aplicacoes Diretas","FUNDACAO CULTURAL DE CRICIUMA","DESPESAS CORRENTES",40000,0,40000,0,0,0,0,0,0,0,0,0,0,0.0,0.0,0.0,0.0,0.0,0.0,"fontesRecursos_e1139895-9654-4e74-8d4c-a1698c565307.csv","informacaoPlanejamento_825d0522-fb0e-4e47-be39-7697f62793b8.csv"," "," "," "
"FUNDACAO CULTURAL DE CRICIUMA",2024,"CULTURA PARA TODOS","Unidades Culturais","Tem por objetivo incentivar, difundir, fomentar e promover a prática e o desenvolvimento de atividades culturais artísticas e turísticas do Município. Atender melhor as crianças através dos programas disponíveis e os a serem ampliados e melhorados.","FUNDAÇÃO MUN. DE CULTURA","Fundação Mun. de Cultura",Cultura,"Difusão Cultural",1090,"Unidades Culturais","Aplicacoes Diretas",12,44900000000000,"Aplicacoes Diretas","FUNDACAO CULTURAL DE CRICIUMA","DESPESAS DE CAPITAL",40000,0,40000,0,0,0,0,0,0,0,0,0,0,0.0,0.0,0.0,0.0,0.0,0.0,"fontesRecursos_0ba685bf-dd2b-4c1a-96a8-be69f4fc66ba.csv","informacaoPlanejamento_20761dd0-58bd-4134-b4c4-17c4e5bebbd1.csv"," "," "," "
"FUNDACAO CULTURAL DE CRICIUMA",2024,"CULTURA PARA TODOS","Desenvolvimento Artistico e Cultural","Tem por objetivo incentivar, difundir, fomentar e promover a prática e o desenvolvimento de atividades culturais artísticas e turísticas do Município. Atender melhor as crianças através dos programas disponíveis e os a serem ampliados e melhorados.","FUNDAÇÃO MUN. DE CULTURA","Fundação Mun. de Cultura",Cultura,"Patrimônio Histórico, Artístico e Arqueológico",1089,"Desenvolvimento Artistico e Cultural","Transf. a Instituicoes Privadas c/ Fins Lucrativos",8,33600000000000,"Transf. a Instituicoes Privadas c/ Fins Lucrativos","FUNDACAO CULTURAL DE CRICIUMA","DESPESAS CORRENTES",100000,-100000,0,0,0,0,0,0,0,0,0,0,0,0.0,0.0,0.0,0.0,0.0,0.0,"fontesRecursos_03f1dcbb-ad98-442b-9de8-454a380329ec.csv","informacaoPlanejamento_290743b1-4a17-48a7-954b-44a08cb91dc0.csv"," ","suplementacoes_c2721ec0-cb4c-43a4-aa48-fc2a0f86f24f.csv"," "
"FUNDACAO CULTURAL DE CRICIUMA",2024,"CULTURA PARA TODOS","Desenvolvimento Artistico e Cultural","Tem por objetivo incentivar, difundir, fomentar e promover a prática e o desenvolvimento de atividades culturais artísticas e turísticas do Município. Atender melhor as crianças através dos programas disponíveis e os a serem ampliados e melhorados.","FUNDAÇÃO MUN. DE CULTURA","Fundação Mun. de Cultura",Cultura,"Patrimônio Histórico, Artístico e Arqueológico",1089,"Desenvolvimento Artistico e Cultural","Aplicacoes Diretas",9,33900000000000,"Aplicacoes Diretas","FUNDACAO CULTURAL DE CRICIUMA","DESPESAS CORRENTES",850000,679294.43,1529294.43,1260625.0,1237807.75,530728.45,530728.45,707079.3,530728.45,0,530728.45,707079.3,0.0,148.31,82.43,62.44,34.7,62.44,288.15,"fontesRecursos_7d2f76de-5cee-40cc-aef7-5677f8f100ff.csv","informacaoPlanejamento_156260be-c814-4d10-90a0-54e979fa5895.csv","empenhos_6c9759a7-13d1-4427-afd5-83efb913d58a.csv","suplementacoes_9d5352bc-e522-4417-968d-0e0b038eb607.csv"," "
"FUNDACAO CULTURAL DE CRICIUMA",2024,"GESTÃO ADMINISTRATIVA","Manutenção do Fundo Municipal do Turismo - FUMTUR","Planejar a gestão publica atraves de implementações de dados gerenciais visando a redução de custos, e estrategicas na defesa civil do municipio.","FUNDAÇÃO MUN. DE CULTURA","Fundação Mun. de Cultura","Comércio e Serviços",Turismo,1219,"Manutenção do Fundo Municipal do Turismo - FUMTUR","Aplicacoes Diretas",2,44900000000000,"Aplicacoes Diretas","FUNDACAO CULTURAL DE CRICIUMA","DESPESAS DE CAPITAL",150000,0,150000,0,0,0,0,0,0,0,0,0,0,0.0,0.0,0.0,0.0,0.0,0.0,"fontesRecursos_fcbb765c-63cf-4812-8cb2-f2ed348b3998.csv","informacaoPlanejamento_41903ce8-d488-4db0-bc2a-251f0716a105.csv"," "," "," "
"FUNDACAO CULTURAL DE CRICIUMA",2024,"GESTÃO ADMINISTRATIVA","Manutenção do Fundo Municipal do Turismo - FUMTUR","Planejar a gestão publica atraves de implementações de dados gerenciais visando a redução de custos, e estrategicas na defesa civil do municipio.","FUNDAÇÃO MUN. DE CULTURA","Fundação Mun. de Cultura","Comércio e Serviços",Turismo,1219,"Manutenção do Fundo Municipal do Turismo - FUMTUR","Aplicacoes Diretas",1,33900000000000,"Aplicacoes Diretas","FUNDACAO CULTURAL DE CRICIUMA","DESPESAS CORRENTES",150000,0,150000,0,0,0,0,0,0,0,0,0,0,0.0,0.0,0.0,0.0,0.0,0.0,"fontesRecursos_145b4acd-aca8-45ad-a1e6-cbd93b5dc59c.csv","informacaoPlanejamento_28a8f380-4a8f-44b7-b3bc-d1987af42f2c.csv"," "," "," "
"FUNDO MUNICIPAL DE INCENTIVO CULTURAL DE CRICIUMA",2024,"CULTURA PARA TODOS","Fundo de Incentivo a Cultura","Tem por objetivo incentivar, difundir, fomentar e promover a prática e o desenvolvimento de atividades culturais artísticas e turísticas do Município. Atender melhor as crianças através dos programas disponíveis e os a serem ampliados e melhorados.","FUNDO MUNICIPAL DE INCENTIVO CULTURAL DE CRICIÚMA","Fundo Municipal de Incentivo Cultural",Cultura,"Difusão Cultural",1091,"Fundo de Incentivo a Cultura","Transf. a Instituicoes Privadas c/ Fins Lucrativos",2,33600000000000,"Transf. a Instituicoes Privadas c/ Fins Lucrativos","FUNDO MUNICIPAL DE INCENTIVO CULTURAL DE CRICIUMA","DESPESAS CORRENTES",50000,274968.34,324968.34,248500.0,248500.0,248500.0,248500.0,0.0,248500.0,0,248500.0,0.0,0.0,497.0,76.47,497.0,76.47,497.0,130.77,"fontesRecursos_3e4e0b68-93ee-44b9-963b-0745169c05f5.csv","informacaoPlanejamento_2805b160-cb37-40a7-82c3-dfa68aea15c9.csv","empenhos_0470c464-ef1d-447a-8f7a-53e254d775ed.csv","suplementacoes_3f0bd5fc-5931-4916-8c06-b24ebff31567.csv"," "
"FUNDO MUNICIPAL DE INCENTIVO CULTURAL DE CRICIUMA",2024,"CULTURA PARA TODOS","Fundo de Incentivo a Cultura","Tem por objetivo incentivar, difundir, fomentar e promover a prática e o desenvolvimento de atividades culturais artísticas e turísticas do Município. Atender melhor as crianças através dos programas disponíveis e os a serem ampliados e melhorados.","FUNDO MUNICIPAL DE INCENTIVO CULTURAL DE CRICIÚMA","Fundo Municipal de Incentivo Cultural",Cultura,"Difusão Cultural",1091,"Fundo de Incentivo a Cultura","Transferencias a Instituicoes Privadas sem Fins Lu",1,33500000000000,"Transferencias a Instituicoes Privadas sem Fins Lu","FUNDO MUNICIPAL DE INCENTIVO CULTURAL DE CRICIUMA","DESPESAS CORRENTES",150000,230000,380000,230000.0,230000.0,230000.0,230000.0,0.0,230000.0,0,230000.0,0.0,0.0,153.33,60.53,153.33,60.53,153.33,165.22,"fontesRecursos_24def076-438d-467d-a314-6fe70b96e0a9.csv","informacaoPlanejamento_846362e0-4691-4f42-8b71-474e6b1693b2.csv","empenhos_fdc62ec5-55b3-45e9-adb6-a15854eda172.csv","suplementacoes_7dd4b974-0ae2-433b-b99b-c0afb9480bc7.csv"," "
"FUNDO MUNICIPAL DE INCENTIVO CULTURAL DE CRICIUMA",2024,"CULTURA PARA TODOS","Fundo de Incentivo a Cultura","Tem por objetivo incentivar, difundir, fomentar e promover a prática e o desenvolvimento de atividades culturais artísticas e turísticas do Município. Atender melhor as crianças através dos programas disponíveis e os a serem ampliados e melhorados.","FUNDO MUNICIPAL DE INCENTIVO CULTURAL DE CRICIÚMA","Fundo Municipal de Incentivo Cultural",Cultura,"Difusão Cultural",1091,"Fundo de Incentivo a Cultura","Aplicacoes Diretas",3,33900000000000,"Aplicacoes Diretas","FUNDO MUNICIPAL DE INCENTIVO CULTURAL DE CRICIUMA","DESPESAS CORRENTES",390000,976000.0,1366000.0,1030302.87,987083.46,987083.46,987083.46,0.0,983697.29,0,983697.29,3386.17,3386.17,264.18,75.42,253.1,72.26,252.23,138.86,"fontesRecursos_006a1512-f4b7-4a77-b2c9-ff0280e2a78f.csv","informacaoPlanejamento_3a3993de-36c0-4a17-a26b-9cee61e2b4de.csv","empenhos_15e646eb-9ce8-45bb-a053-c8683ba6313d.csv","suplementacoes_f2ec6777-3fe6-44b6-b59d-3e9235064501.csv"," "
"FUNDACAO CULTURAL DE CRICIUMA",2024,"CULTURA PARA TODOS","Manut. da Fundação Cultural","Tem por objetivo incentivar, difundir, fomentar e promover a prática e o desenvolvimento de atividades culturais artísticas e turísticas do Município. Atender melhor as crianças através dos programas disponíveis e os a serem ampliados e melhorados.","FUNDAÇÃO MUN. DE CULTURA","Fundação Mun. de Cultura",Cultura,"Administração Geral",1088,"Manut. da Fundação Cultural","Aplicacoes Diretas",5,33900000000000,"Aplicacoes Diretas","FUNDACAO CULTURAL DE CRICIUMA","DESPESAS CORRENTES",1600000,944000,2544000,2551914.35,1026502.63,1022832.1,1022832.1,3670.53,938161.0,0,938161.0,88341.63,84671.1,159.49,100.31,63.93,40.21,58.64,271.17,"fontesRecursos_cb4cf037-0b78-4a22-9dd7-68659e3a69c2.csv","informacaoPlanejamento_8b2ed2b0-9194-473d-96c3-3413b7c1007c.csv","empenhos_58cfac4d-636b-4441-8a90-b4fa57d8f811.csv","suplementacoes_1e120d72-7657-41ef-a1ab-dc211f0ebf2c.csv"," "
"FUNDO MUN. SANEAMENTO BASICO DE CRICIUMA - FUNSAB",2024,"SANEAMENTO BÁSICO MUNICIPAL (LIMPEZA PÚBLICA URBANA)","Limpeza de vias e logradouro públicos","Além da TAXA DE LIMPEZA PÚBLICA, pretende o município criar as condições para que através do Contrato de Programa com a CASAN, possa o município utilizar recursos desse Contrato para melhorar a limpeza pública urbana, conforme prevê a Lei do Saneamento Basico.","FUNDO MUN. DE SANEAMENTO BASICO-FUNSAB","Limpeza Pública",Urbanismo,"Serviços Urbanos",1099,"Limpeza de vias e logradouro públicos","Aplicacoes Diretas",3,33900000000000,"Aplicacoes Diretas","FUNDO MUN. SANEAMENTO BASICO DE CRICIUMA - FUNSAB","DESPESAS CORRENTES",15150000,30000,15180000,1.914193732E7,1.17995381E7,1.160309498E7,1.081461472E7,984923.38,1.081461472E7,0,1.081461472E7,984923.38,0.0,126.35,126.1,76.59,76.44,71.38,140.37,"fontesRecursos_c40a86a3-6740-4323-8061-64b9faa73136.csv","informacaoPlanejamento_24703330-f225-428c-bf60-653727537d6f.csv","empenhos_06063987-7c8e-42ba-aeaa-e4729a48583d.csv","suplementacoes_d8929c32-cbf7-41d0-a657-64ce99f31b87.csv"," "
"PREFEITURA MUNICIPAL DE CRICIUMA",2024,"GESTÃO FISCAL E FINANCEIRA","Manutenção do Apoio Administrativo, Contribuição a Entidades Associativas","Que as receitas possam crescer o suficiente para podermos cobrir as despesas fixas, e ainda obtermos sobra para os investimentos.","SEC. MUN. DA FAZENDA",Financeiro,Administração,"Administração Geral",1237,"Manutenção do Apoio Administrativo, Contribuição a Entidades Associativas","Aplicacoes Diretas",79,33900000000000,"Aplicacoes Diretas","PREFEITURA MUNICIPAL DE CRICIUMA","DESPESAS CORRENTES",10000000,3650000,13650000,1.459886634E7,9267332.67,8507516.28,8507516.28,759816.39,8477516.28,0,8477516.28,789816.39,30000.0,145.99,106.95,85.08,62.33,84.78,161.01,"fontesRecursos_63c1e611-f8cb-45f4-aa11-80b221d92f79.csv","informacaoPlanejamento_01d9b272-f0c7-47de-9387-82803e649a47.csv","empenhos_3bc06d27-4736-406b-bd5f-8b5a147772eb.csv","suplementacoes_988374fa-ac07-4788-965e-6a33b8385240.csv"," "
"FUNDO MUN. SANEAMENTO BASICO DE CRICIUMA - FUNSAB",2024,"SANEAMENTO BÁSICO MUNICIPAL (AGUA E ESGOTO)","Recuperação de pavimentação asfáltica de Obras de Infraestrutura - Convênio/Casan","Criar as condições para que com o Contrato de Programa PMC/CASAN, possa o município ser parceiro na administração dos sistemas de distribuição de água e de coleta do esgoto sanitário e possa usar recursos desse Contrato para melhorar a drenagem urbana e para desassoriar rios da região.","FUNDO MUN. DE SANEAMENTO BASICO-FUNSAB","Convênios com o Estado",Saneamento,"Infra-Estrutura Urbana",1214,"Recuperação de pavimentação asfáltica de Obras de Infraestrutura - Convênio/Casan","Aplicacoes Diretas",8,44900000000000,"Aplicacoes Diretas","FUNDO MUN. SANEAMENTO BASICO DE CRICIUMA - FUNSAB","DESPESAS DE CAPITAL",27400000,-10000000,17400000,0,0,0,0,0,0,0,0,0,0,0.0,0.0,0.0,0.0,0.0,0.0,"fontesRecursos_d7d4d508-d053-41ad-9c70-8b63e0df6da9.csv","informacaoPlanejamento_d5b78970-2079-42d6-9cf9-fdefcb300e0c.csv"," ","suplementacoes_d09b0f2f-ff89-4baa-b20e-764a2d21aaef.csv"," "
"FUNDO MUN. SANEAMENTO BASICO DE CRICIUMA - FUNSAB",2024,"SANEAMENTO BÁSICO MUNICIPAL (AGUA E ESGOTO)","Recuperação de pavimentação asfáltica de Obras de Infraestrutura - Convênio/Casan","Criar as condições para que com o Contrato de Programa PMC/CASAN, possa o município ser parceiro na administração dos sistemas de distribuição de água e de coleta do esgoto sanitário e possa usar recursos desse Contrato para melhorar a drenagem urbana e para desassoriar rios da região.","FUNDO MUN. DE SANEAMENTO BASICO-FUNSAB","Convênios com o Estado",Saneamento,"Infra-Estrutura Urbana",1214,"Recuperação de pavimentação asfáltica de Obras de Infraestrutura - Convênio/Casan","Aplicacoes Diretas",7,33900000000000,"Aplicacoes Diretas","FUNDO MUN. SANEAMENTO BASICO DE CRICIUMA - FUNSAB","DESPESAS CORRENTES",2900000,0,2900000,2282563.89,1234312.14,929809.27,929809.27,304502.87,929809.27,0,929809.27,304502.87,0.0,78.71,78.71,32.06,32.06,32.06,311.89,"fontesRecursos_f5d16daf-1e15-4427-ac25-ce2fd7b89a01.csv","informacaoPlanejamento_80456b82-82f8-46a9-b7c8-d23699b9ffd9.csv","empenhos_80639776-45d6-4f2c-bcdf-df588a313f4f.csv"," "," "
"FUNDO MUN. SANEAMENTO BASICO DE CRICIUMA - FUNSAB",2024,"SANEAMENTO BÁSICO MUNICIPAL (LIMPEZA PÚBLICA URBANA)","Limpeza de vias e logradouro públicos","Além da TAXA DE LIMPEZA PÚBLICA, pretende o município criar as condições para que através do Contrato de Programa com a CASAN, possa o município utilizar recursos desse Contrato para melhorar a limpeza pública urbana, conforme prevê a Lei do Saneamento Basico.","FUNDO MUN. DE SANEAMENTO BASICO-FUNSAB","Limpeza Pública",Urbanismo,"Serviços Urbanos",1099,"Limpeza de vias e logradouro públicos","Aplicacoes Diretas",4,44900000000000,"Aplicacoes Diretas","FUNDO MUN. SANEAMENTO BASICO DE CRICIUMA - FUNSAB","DESPESAS DE CAPITAL",550000,-30000,520000,0,0,0,0,0,0,0,0,0,0,0.0,0.0,0.0,0.0,0.0,0.0,"fontesRecursos_a8efcfe2-e373-4b9d-b0f4-fe2cfd41ccde.csv","informacaoPlanejamento_8b768e37-54e5-4a9d-a02b-3931bfb59ef4.csv"," ","suplementacoes_dabb0de9-6820-4800-aa09-289cc082d7be.csv"," "
"FUNDO MUN. SANEAMENTO BASICO DE CRICIUMA - FUNSAB",2024,"SANEAMENTO BÁSICO MUNICIPAL (COLETA DE RESIDUOS)","Coleta e tranporte de Residuos Sólidos","Criar as condições para que, além da taxa de resíduos sólidos, possa o município utilizar  recursos do Contrato de Programa com a CASAN, para suprir também a tarefa de coleta, transporte e destino final dos Resíduos Sólidos, conforme previsto na Lei do Saneamento Básico.","FUNDO MUN. DE SANEAMENTO BASICO-FUNSAB","Administração e Controle","Gestão Ambiental","Preservação e Conservação Ambiental",1098,"Coleta e tranporte de Residuos Sólidos","Aplicacoes Diretas",2,44900000000000,"Aplicacoes Diretas","FUNDO MUN. SANEAMENTO BASICO DE CRICIUMA - FUNSAB","DESPESAS DE CAPITAL",2160000,495000,2655000,4657581.71,1460522.99,1460522.99,1460522.99,0.0,1460522.99,0,1460522.99,0.0,0.0,215.63,175.43,67.62,55.01,67.62,181.78,"fontesRecursos_f57c523f-b817-4a23-bfcf-c206b4669027.csv","informacaoPlanejamento_142dd2bd-b19e-411a-99ab-09bffbad45fe.csv","empenhos_64f1e9b6-8f5f-4086-b924-89be935b3459.csv","suplementacoes_836ae202-2d68-4f0b-8bb2-3c567421a4d4.csv"," "
"FUNDO MUN. SANEAMENTO BASICO DE CRICIUMA - FUNSAB",2024,"SANEAMENTO BÁSICO MUNICIPAL (COLETA DE RESIDUOS)","Coleta e tranporte de Residuos Sólidos","Criar as condições para que, além da taxa de resíduos sólidos, possa o município utilizar  recursos do Contrato de Programa com a CASAN, para suprir também a tarefa de coleta, transporte e destino final dos Resíduos Sólidos, conforme previsto na Lei do Saneamento Básico.","FUNDO MUN. DE SANEAMENTO BASICO-FUNSAB","Administração e Controle","Gestão Ambiental","Preservação e Conservação Ambiental",1098,"Coleta e tranporte de Residuos Sólidos","Aplicacoes Diretas",1,33900000000000,"Aplicacoes Diretas","FUNDO MUN. SANEAMENTO BASICO DE CRICIUMA - FUNSAB","DESPESAS CORRENTES",26600000,-3975270.02,2.262472998E7,2.847213237E7,1.571133862E7,1.571133862E7,1.571133862E7,0.0,1.568559946E7,0,1.568559946E7,25739.16,25739.16,107.04,125.85,59.07,69.44,58.97,144.24,"fontesRecursos_13997384-c10e-4376-bc3e-e602503d3faa.csv","informacaoPlanejamento_7ddaa02d-08a6-44b5-af4e-96072ff05062.csv","empenhos_b2bebcc5-072e-4252-ac08-2a493fa49c41.csv","suplementacoes_3230611d-593f-4ea5-9837-7ea04aaaa9c9.csv"," "
"FUNDO MUN. SANEAMENTO BASICO DE CRICIUMA - FUNSAB",2024,"SANEAMENTO BÁSICO MUNICIPAL (AGUA E ESGOTO)","manut. do Sistema de Saneamento Básico - Contrato CASAN/FUNSAB","Criar as condições para que com o Contrato de Programa PMC/CASAN, possa o município ser parceiro na administração dos sistemas de distribuição de água e de coleta do esgoto sanitário e possa usar recursos desse Contrato para melhorar a drenagem urbana e para desassoriar rios da região.","FUNDO MUN. DE SANEAMENTO BASICO-FUNSAB","Convênios com o Estado",Saneamento,"Saneamento Básico Urbano",1097,"manut. do Sistema de Saneamento Básico - Contrato CASAN/FUNSAB","Aplicacoes Diretas",6,44900000000000,"Aplicacoes Diretas","FUNDO MUN. SANEAMENTO BASICO DE CRICIUMA - FUNSAB","DESPESAS DE CAPITAL",120000,6300,126300,126300.0,126300.0,126300.0,126300.0,0.0,126300.0,0,126300.0,0.0,0.0,105.25,100.0,105.25,100.0,105.25,100.0,"fontesRecursos_7f084389-f822-4c26-b286-590962977e24.csv","informacaoPlanejamento_d2cd84ca-671b-4ae1-b12a-a20521a2d311.csv","empenhos_cb890a27-4f18-4931-9ee5-c8e13fa5fbc3.csv","suplementacoes_a4c1269f-488e-4214-8557-9c300135ae1a.csv"," "
"FUNDO MUN. SANEAMENTO BASICO DE CRICIUMA - FUNSAB",2024,"SANEAMENTO BÁSICO MUNICIPAL (AGUA E ESGOTO)","manut. do Sistema de Saneamento Básico - Contrato CASAN/FUNSAB","Criar as condições para que com o Contrato de Programa PMC/CASAN, possa o município ser parceiro na administração dos sistemas de distribuição de água e de coleta do esgoto sanitário e possa usar recursos desse Contrato para melhorar a drenagem urbana e para desassoriar rios da região.","FUNDO MUN. DE SANEAMENTO BASICO-FUNSAB","Convênios com o Estado",Saneamento,"Saneamento Básico Urbano",1097,"manut. do Sistema de Saneamento Básico - Contrato CASAN/FUNSAB","Aplicacoes Diretas",5,33900000000000,"Aplicacoes Diretas","FUNDO MUN. SANEAMENTO BASICO DE CRICIUMA - FUNSAB","DESPESAS CORRENTES",1730000,-6300,1723700,1446978.87,1133535.85,1133535.85,1133535.85,0.0,1126763.51,0,1126763.51,6772.34,6772.34,83.64,83.95,65.52,65.76,65.13,152.98,"fontesRecursos_061ffc3d-f1a5-40cc-9fc9-399972f8f07b.csv","informacaoPlanejamento_66989283-72c5-48ce-b4b8-f3d54b6d8ba4.csv","empenhos_adef1e48-4388-4638-9443-2dfb5aea0c06.csv","suplementacoes_7472ec65-aedf-4acf-ad11-cab2ffa639e4.csv"," "
"PREFEITURA MUNICIPAL DE CRICIUMA",2024,"GESTÃO ADMINISTRATIVA","Manut. do Comitê Gestor e da Assessoria de Gabinete","Planejar a gestão publica atraves de implementações de dados gerenciais visando a redução de custos, e estrategicas na defesa civil do municipio.","GABINETE DO PREFEITO","Gabinete do Prefeito",Administração,"Administração Geral",1004,"Manut. do Comitê Gestor e da Assessoria de Gabinete","Aplicacoes Diretas",7,31900000000000,"Aplicacoes Diretas","PREFEITURA MUNICIPAL DE CRICIUMA","DESPESAS CORRENTES",500000,310000,810000,771187.32,771187.32,771187.32,771187.32,0.0,767051.51,0,767051.51,4135.81,4135.81,154.24,95.21,154.24,95.21,153.41,105.6,"fontesRecursos_98e9b343-1eb2-4c8c-894e-8d8df9bde51f.csv","informacaoPlanejamento_0c099837-dee3-4269-89d7-af0354cac37a.csv","empenhos_62bd01af-99a1-4739-abce-9b077f3750ad.csv","suplementacoes_64f27c53-0202-4cdd-867d-c8323ad9e39e.csv"," "
"PREFEITURA MUNICIPAL DE CRICIUMA",2024,"GESTÃO ADMINISTRATIVA","Manut. do Comitê Gestor e da Assessoria de Gabinete","Planejar a gestão publica atraves de implementações de dados gerenciais visando a redução de custos, e estrategicas na defesa civil do municipio.","GABINETE DO PREFEITO","Gabinete do Prefeito",Administração,"Administração Geral",1004,"Manut. do Comitê Gestor e da Assessoria de Gabinete","Aplicacoes Diretas",9,44900000000000,"Aplicacoes Diretas","PREFEITURA MUNICIPAL DE CRICIUMA","DESPESAS DE CAPITAL",20000,0,20000,0,0,0,0,0,0,0,0,0,0,0.0,0.0,0.0,0.0,0.0,0.0,"fontesRecursos_c2529f56-1f7b-4b80-8463-7d145ad8d0b0.csv","informacaoPlanejamento_45e30494-b0b2-418e-b5ed-7a84311957dd.csv"," "," "," "
"PREFEITURA MUNICIPAL DE CRICIUMA",2024,"GESTÃO ADMINISTRATIVA","Manut. da Secretaria Geral","Planejar a gestão publica atraves de implementações de dados gerenciais visando a redução de custos, e estrategicas na defesa civil do municipio.","GABINETE DO PREFEITO","Gabinete do Prefeito",Administração,"Administração Geral",1003,"Manut. da Secretaria Geral","Aplicacoes Diretas",4,31900000000000,"Aplicacoes Diretas","PREFEITURA MUNICIPAL DE CRICIUMA","DESPESAS CORRENTES",250000,-200000,50000,0,0,0,0,0,0,0,0,0,0,0.0,0.0,0.0,0.0,0.0,0.0,"fontesRecursos_8036474e-37ee-45c7-9571-a5e948fa90c8.csv","informacaoPlanejamento_99c723df-0512-42b4-86bd-babf64c961c1.csv"," ","suplementacoes_db1160da-92b8-48d7-8589-59129634f336.csv"," "
"PREFEITURA MUNICIPAL DE CRICIUMA",2024,"GESTÃO ADMINISTRATIVA","Manut. da Diretoria de Transito e Transporte","Planejar a gestão publica atraves de implementações de dados gerenciais visando a redução de custos, e estrategicas na defesa civil do municipio.","GABINETE DO PREFEITO","Gabinete do Prefeito",Urbanismo,"Infra-Estrutura Urbana",1013,"Manut. da Diretoria de Transito e Transporte","Transferencias a Uniao",15,33200000000000,"Transferencias a Uniao","PREFEITURA MUNICIPAL DE CRICIUMA","DESPESAS CORRENTES",40000,0,40000,0,0,0,0,0,0,0,0,0,0,0.0,0.0,0.0,0.0,0.0,0.0,"fontesRecursos_b42f40d1-de0b-471f-a704-35548253ad72.csv","informacaoPlanejamento_22a666a8-bb0e-4634-8592-8fb3c502c54b.csv"," "," "," "
"PREFEITURA MUNICIPAL DE CRICIUMA",2024,"GESTÃO ADMINISTRATIVA","Manut. da Diretoria de Transito e Transporte","Planejar a gestão publica atraves de implementações de dados gerenciais visando a redução de custos, e estrategicas na defesa civil do municipio.","GABINETE DO PREFEITO","Gabinete do Prefeito",Urbanismo,"Infra-Estrutura Urbana",1013,"Manut. da Diretoria de Transito e Transporte","Aplicacoes Diretas",17,33900000000000,"Aplicacoes Diretas","PREFEITURA MUNICIPAL DE CRICIUMA","DESPESAS CORRENTES",31900000,-800000,31100000,2.97189354E7,2.371145362E7,2.456785972E7,2.303111347E7,680340.15,2.291063548E7,0,2.291063548E7,800818.14,120477.99,93.16,95.56,77.02,79.0,71.82,135.74,"fontesRecursos_770d69eb-de77-4949-aefd-938f952423e1.csv","informacaoPlanejamento_63a280de-cbb7-42ca-a370-27f7c0fcd6c9.csv","empenhos_4001d10e-9670-4f01-ad74-74fb4658bee6.csv","suplementacoes_7fa36e6a-fee6-45da-8cdb-17fa683eec05.csv"," "
"PREFEITURA MUNICIPAL DE CRICIUMA",2024,"GESTÃO ADMINISTRATIVA","Manut. da Diretoria de Transito e Transporte","Planejar a gestão publica atraves de implementações de dados gerenciais visando a redução de custos, e estrategicas na defesa civil do municipio.","GABINETE DO PREFEITO","Gabinete do Prefeito",Urbanismo,"Infra-Estrutura Urbana",1013,"Manut. da Diretoria de Transito e Transporte","Aplicações Diretas - Oper.Intra-Orçamentárias",14,31910000000000,"Aplicações Diretas - Oper.Intra-Orçamentárias","PREFEITURA MUNICIPAL DE CRICIUMA","DESPESAS CORRENTES",50000,0,50000,0,0,0,0,0,0,0,0,0,0,0.0,0.0,0.0,0.0,0.0,0.0,"fontesRecursos_1288704a-1271-43db-a5b7-98e778228708.csv","informacaoPlanejamento_62277921-32e5-4722-b724-20d24cd5cbfe.csv"," "," "," "
"PREFEITURA MUNICIPAL DE CRICIUMA",2024,"GESTÃO ADMINISTRATIVA","Manut. do Comitê Gestor e da Assessoria de Gabinete","Planejar a gestão publica atraves de implementações de dados gerenciais visando a redução de custos, e estrategicas na defesa civil do municipio.","GABINETE DO PREFEITO","Gabinete do Prefeito",Administração,"Administração Geral",1004,"Manut. do Comitê Gestor e da Assessoria de Gabinete","Aplicacoes Diretas",8,33900000000000,"Aplicacoes Diretas","PREFEITURA MUNICIPAL DE CRICIUMA","DESPESAS CORRENTES",20000,0,20000,2613.41,2613.41,2613.41,2613.41,0.0,2613.41,0,2613.41,0.0,0.0,13.07,13.07,13.07,13.07,13.07,765.28,"fontesRecursos_b5df6398-90f3-4518-a138-896a0c51afb5.csv","informacaoPlanejamento_c389977b-6c0a-4c5d-a205-d4640de8ca4a.csv","empenhos_6d88b2cd-7de9-46af-965c-9c53239a08d4.csv"," "," "
"PREFEITURA MUNICIPAL DE CRICIUMA",2024,"GESTÃO ADMINISTRATIVA","Manut. da Secretaria Geral","Planejar a gestão publica atraves de implementações de dados gerenciais visando a redução de custos, e estrategicas na defesa civil do municipio.","GABINETE DO PREFEITO","Gabinete do Prefeito",Administração,"Administração Geral",1003,"Manut. da Secretaria Geral","Aplicacoes Diretas",6,44900000000000,"Aplicacoes Diretas","PREFEITURA MUNICIPAL DE CRICIUMA","DESPESAS DE CAPITAL",100000,0,100000,22021.5,22021.5,22021.5,22021.5,0.0,22021.5,0,22021.5,0.0,0.0,22.02,22.02,22.02,22.02,22.02,454.1,"fontesRecursos_71c62442-d1ec-4498-b8a4-22011deb1ec4.csv","informacaoPlanejamento_fb7fbcc8-b11b-4269-b019-25e439556f81.csv","empenhos_39bf7fa7-5039-4e1e-9f24-c7231b735c0f.csv"," "," "
"PREFEITURA MUNICIPAL DE CRICIUMA",2024,"GESTÃO ADMINISTRATIVA","Manut. da Diretoria de Logistica","Planejar a gestão publica atraves de implementações de dados gerenciais visando a redução de custos, e estrategicas na defesa civil do municipio.","GABINETE DO PREFEITO","Gabinete do Prefeito",Administração,"Administração Geral",1012,"Manut. da Diretoria de Logistica","Aplicacoes Diretas",10,31900000000000,"Aplicacoes Diretas","PREFEITURA MUNICIPAL DE CRICIUMA","DESPESAS CORRENTES",1900000,-250000,1650000,1527543.87,1527543.87,1527543.87,1527543.87,0.0,1527543.87,0,1527543.87,0.0,0.0,80.4,92.58,80.4,92.58,80.4,108.02,"fontesRecursos_81965c52-ccf2-40dc-882c-9ea1ac31a69c.csv","informacaoPlanejamento_b93ae906-0648-47f8-83d0-48645efce8c3.csv","empenhos_3802e586-8395-4b59-9fbb-ecb3c6c9263c.csv","suplementacoes_80006103-64f3-45ac-b193-2991aa93fcdf.csv"," "
"PREFEITURA MUNICIPAL DE CRICIUMA",2024,"GESTÃO ADMINISTRATIVA","Manut. da Diretoria de Comunicação","Planejar a gestão publica atraves de implementações de dados gerenciais visando a redução de custos, e estrategicas na defesa civil do municipio.","GABINETE DO PREFEITO","Diretoria Executiva de Comunicação",Administração,"Administração Geral",1011,"Manut. da Diretoria de Comunicação","Aplicacoes Diretas",36,31900000000000,"Aplicacoes Diretas","PREFEITURA MUNICIPAL DE CRICIUMA","DESPESAS CORRENTES",600000,0,600000,541509.03,541509.03,541509.03,541509.03,0.0,541509.03,0,541509.03,0.0,0.0,90.25,90.25,90.25,90.25,90.25,110.8,"fontesRecursos_9292a93e-7275-4ae5-9204-eb71fa42ceb6.csv","informacaoPlanejamento_d39716a0-85aa-44f3-9859-e3c017e7ec11.csv","empenhos_a0619d0b-c03e-4037-a494-5289574e5df9.csv"," "," "
"PREFEITURA MUNICIPAL DE CRICIUMA",2024,"GESTÃO ADMINISTRATIVA","Manut. da Diretoria de Logistica","Planejar a gestão publica atraves de implementações de dados gerenciais visando a redução de custos, e estrategicas na defesa civil do municipio.","GABINETE DO PREFEITO","Gabinete do Prefeito",Administração,"Administração Geral",1012,"Manut. da Diretoria de Logistica","Aplicacoes Diretas",12,44900000000000,"Aplicacoes Diretas","PREFEITURA MUNICIPAL DE CRICIUMA","DESPESAS DE CAPITAL",120000,-120000,0,0,0,0,0,0,0,0,0,0,0,0.0,0.0,0.0,0.0,0.0,0.0,"fontesRecursos_2730b4dd-6e1a-490e-8b9c-bc814ac9e221.csv","informacaoPlanejamento_b208b2f9-2382-4c52-83e4-7723b9d963e1.csv"," ","suplementacoes_9376c5a3-a428-45ad-864c-6b2f6ff19a16.csv"," "
"PREFEITURA MUNICIPAL DE CRICIUMA",2024,"GESTÃO ADMINISTRATIVA","Manut. da Diretoria de Logistica","Planejar a gestão publica atraves de implementações de dados gerenciais visando a redução de custos, e estrategicas na defesa civil do municipio.","GABINETE DO PREFEITO","Gabinete do Prefeito",Administração,"Administração Geral",1012,"Manut. da Diretoria de Logistica","Aplicacoes Diretas",11,33900000000000,"Aplicacoes Diretas","PREFEITURA MUNICIPAL DE CRICIUMA","DESPESAS CORRENTES",80000,370000,450000,423388.0,325646.0,315310.0,315310.0,10336.0,315310.0,0,315310.0,10336.0,0.0,529.24,94.09,394.14,70.07,394.14,142.72,"fontesRecursos_2b0a0534-dda0-4f57-ba68-e3e36353b159.csv","informacaoPlanejamento_71aecccd-92db-4060-8af3-991b73c2bf86.csv","empenhos_fac33711-1324-46ca-9c86-5918ef361d07.csv","suplementacoes_b64258f8-781d-411a-a151-a5152fb3a86e.csv"," "
"PREFEITURA MUNICIPAL DE CRICIUMA",2024,"GESTÃO DE QUALIDADE NO ENSINO","Funcional do FUNDEB (Folha Pagamanento)","Garantir espaço educativo adequado para a promoção da formação humana; fornecer materiais de consumo e didático, generos alimenticios, limpeza e outros paa as escolas e CEIMs; Acompanhar e das suporte administrativo e financeiro as Unidades Escolares; Manter e ampliar os espaços fisicos internos e externos das escolas e CEIMs.","SEC. MUN. DE EDUCAÇÃO",FUNDEB,Educação,"Ensino Fundamental",1033,"Funcional do FUNDEB (Folha Pagamanento)","Aplicacoes Diretas",141,33900000000000,"Aplicacoes Diretas","PREFEITURA MUNICIPAL DE CRICIUMA","DESPESAS CORRENTES",6270000,1850000,8120000,7792297.65,7428144.75,7396197.25,7396197.25,31947.5,7396197.25,0,7396197.25,31947.5,0.0,124.28,95.96,117.96,91.09,117.96,109.79,"fontesRecursos_ab6894d3-61de-4b05-8031-e808a9f28f3d.csv","informacaoPlanejamento_1df55e43-f0f6-4af3-8252-161c4b76d479.csv","empenhos_f31e7069-744b-4b81-adda-18082ce9687c.csv","suplementacoes_05a31c32-de88-4a1c-9eb3-65cd750f64d4.csv"," "
"PREFEITURA MUNICIPAL DE CRICIUMA",2024,"GESTÃO DE QUALIDADE NA EDUCAÇÃO INFANTIL","Convênios com Entidades Educacionais","Garantir espço educativo adequado para a promoção da formação humana; Ampliar o numero de crianças atendidas na Educação Infantil na faixa etária de 4 a 5 anos  na rede Municipal de Educação; Ampliar os espaços fisicos dos CEIMs; Fornecer materiais diversos e outros para a manutenção dos CEIMs; Ampliar a equipe tecnica Pedagogica para atender as especifidades da Ed. Infantil; Fomentar Pojetos Educativos nos CEIMs.","SEC. MUN. DE EDUCAÇÃO","Unidades Escolares",Educação,"Educação Infantil",1039,"Convênios com Entidades Educacionais","Transferencias a Instituicoes Privadas sem Fins Lu",135,33500000000000,"Transferencias a Instituicoes Privadas sem Fins Lu","PREFEITURA MUNICIPAL DE CRICIUMA","DESPESAS CORRENTES",3000000,2680000,5680000,5688624.94,5413832.65,5616350.37,5413832.65,0.0,5616350.37,202517.72,5413832.65,0.0,0.0,189.62,100.15,187.21,98.88,187.21,101.13,"fontesRecursos_6d9f850d-2eec-4241-80f1-1c4a66d8f4fe.csv","informacaoPlanejamento_7644e403-967c-47c0-a710-a272eb2f6ae6.csv","empenhos_a97a850a-2097-43dd-80de-9a05bde87f8e.csv","suplementacoes_ee4fb26e-373b-4c1c-a497-cbf99e26b474.csv"," "
"PREFEITURA MUNICIPAL DE CRICIUMA",2024,"GESTÃO DE QUALIDADE NO ENSINO","Creches e Pré-Escolares - Educação Infantil","Garantir espaço educativo adequado para a promoção da formação humana; fornecer materiais de consumo e didático, generos alimenticios, limpeza e outros paa as escolas e CEIMs; Acompanhar e das suporte administrativo e financeiro as Unidades Escolares; Manter e ampliar os espaços fisicos internos e externos das escolas e CEIMs.","SEC. MUN. DE EDUCAÇÃO","Creches e Pré-Escolares",Educação,"Educação Infantil",1031,"Creches e Pré-Escolares - Educação Infantil","Aplicacoes Diretas",121,31900000000000,"Aplicacoes Diretas","PREFEITURA MUNICIPAL DE CRICIUMA","DESPESAS CORRENTES",81000000,-22350000,58650000,4.014921772E7,4.01459526E7,4.014921772E7,4.01459526E7,0.0,4.014921772E7,3265.12,4.01459526E7,0.0,0.0,49.57,68.46,49.57,68.46,49.57,146.08,"fontesRecursos_c9f0bbcf-298f-4ca2-8077-6f1991c480a2.csv","informacaoPlanejamento_71402564-3a2b-49f8-925e-2267c10caa36.csv","empenhos_23518cf2-3e76-4f19-8739-7fe1237a6367.csv","suplementacoes_293a6fad-d6ba-4668-87df-22596651f38c.csv"," "
"PREFEITURA MUNICIPAL DE CRICIUMA",2024,"GESTÃO DE QUALIDADE NO ENSINO","Auxílio ao Ensino Superior","Garantir espaço educativo adequado para a promoção da formação humana; fornecer materiais de consumo e didático, generos alimenticios, limpeza e outros paa as escolas e CEIMs; Acompanhar e das suporte administrativo e financeiro as Unidades Escolares; Manter e ampliar os espaços fisicos internos e externos das escolas e CEIMs.","SEC. MUN. DE EDUCAÇÃO","Auxilio ao Ensino",Educação,"Ensino Superior",1036,"Auxílio ao Ensino Superior","Transferencias a Instituicoes Privadas sem Fins Lu",144,33500000000000,"Transferencias a Instituicoes Privadas sem Fins Lu","PREFEITURA MUNICIPAL DE CRICIUMA","DESPESAS CORRENTES",5000000,275923.64,5275923.64,5208544.84,4711871.36,4711871.36,4711871.36,0.0,4711871.36,0,4711871.36,0.0,0.0,104.17,98.72,94.24,89.31,94.24,111.97,"fontesRecursos_ff40749c-3f4c-42aa-8796-70d7963ce545.csv","informacaoPlanejamento_188a3909-cdc4-4a21-a583-c7cd4eebff8f.csv","empenhos_212dc9e8-6f65-40bd-8b8d-d7de732de858.csv","suplementacoes_ae6a53fb-3c84-4d7a-8f6e-c9015c986174.csv"," "
"PREFEITURA MUNICIPAL DE CRICIUMA",2024,"GESTÃO DE QUALIDADE NO ENSINO","Auxílio ao Ensino Superior","Garantir espaço educativo adequado para a promoção da formação humana; fornecer materiais de consumo e didático, generos alimenticios, limpeza e outros paa as escolas e CEIMs; Acompanhar e das suporte administrativo e financeiro as Unidades Escolares; Manter e ampliar os espaços fisicos internos e externos das escolas e CEIMs.","SEC. MUN. DE EDUCAÇÃO","Auxilio ao Ensino",Educação,"Ensino Superior",1036,"Auxílio ao Ensino Superior","Aplicacoes Diretas",145,33900000000000,"Aplicacoes Diretas","PREFEITURA MUNICIPAL DE CRICIUMA","DESPESAS CORRENTES",5000000,724076.36,5724076.36,7683877.58,3497663.47,3489223.86,3489223.86,8439.61,3489223.86,0,3489223.86,8439.61,0.0,153.68,134.24,69.78,60.96,69.78,164.05,"fontesRecursos_073055d9-c88c-4ba7-a6a6-5577f84aaeb7.csv","informacaoPlanejamento_2902c3f2-8e5b-4083-99ce-61ea00daf237.csv","empenhos_95554ba1-278e-4846-8e3d-f68d9226a18b.csv","suplementacoes_fdd8d89c-0d12-4900-88c2-2c9ba8f4f990.csv"," "
"PREFEITURA MUNICIPAL DE CRICIUMA",2024,"GESTÃO DE QUALIDADE NO ENSINO","Funcional do FUNDEB (Folha Pagamanento)","Garantir espaço educativo adequado para a promoção da formação humana; fornecer materiais de consumo e didático, generos alimenticios, limpeza e outros paa as escolas e CEIMs; Acompanhar e das suporte administrativo e financeiro as Unidades Escolares; Manter e ampliar os espaços fisicos internos e externos das escolas e CEIMs.","SEC. MUN. DE EDUCAÇÃO",FUNDEB,Educação,"Ensino Fundamental",1033,"Funcional do FUNDEB (Folha Pagamanento)","Aplicacoes Diretas",139,31900000000000,"Aplicacoes Diretas","PREFEITURA MUNICIPAL DE CRICIUMA","DESPESAS CORRENTES",97000000,2.41473368E7,1.211473368E8,1.1291877088E8,1.124639797E8,1.1289923813E8,1.124639797E8,0.0,1.1229719068E8,432250.08,1.118649406E8,599039.1,599039.1,116.41,93.21,116.39,93.19,115.77,107.88,"fontesRecursos_445914c1-eeb2-4be4-909a-9a8dc54d9b21.csv","informacaoPlanejamento_7cbe5da7-cc4d-40eb-b018-181ed2baa743.csv","empenhos_57534078-34f1-4e2e-b62c-0f140f2e6666.csv","suplementacoes_d5943034-27d7-4726-b6e3-022224b749d6.csv"," "
"PREFEITURA MUNICIPAL DE CRICIUMA",2024,"GESTÃO DE QUALIDADE NO ENSINO","Funcional do FUNDEB (Folha Pagamanento)","Garantir espaço educativo adequado para a promoção da formação humana; fornecer materiais de consumo e didático, generos alimenticios, limpeza e outros paa as escolas e CEIMs; Acompanhar e das suporte administrativo e financeiro as Unidades Escolares; Manter e ampliar os espaços fisicos internos e externos das escolas e CEIMs.","SEC. MUN. DE EDUCAÇÃO",FUNDEB,Educação,"Ensino Fundamental",1033,"Funcional do FUNDEB (Folha Pagamanento)","Aplicações Diretas - Oper.Intra-Orçamentárias",140,31910000000000,"Aplicações Diretas - Oper.Intra-Orçamentárias","PREFEITURA MUNICIPAL DE CRICIUMA","DESPESAS CORRENTES",20000000,2500000,22500000,2.250108336E7,2.233853109E7,2.233853109E7,2.233853109E7,0.0,2.055305862E7,0,2.055305862E7,1785472.47,1785472.47,112.51,100.0,111.69,99.28,102.77,109.47,"fontesRecursos_c1195036-57b3-4475-8185-f2a263bb3bd6.csv","informacaoPlanejamento_33d81da1-0f94-4786-b883-5f4e10733c92.csv","empenhos_baa69210-f573-407e-b333-a0f088b92322.csv","suplementacoes_63be4934-75e0-44df-bd2f-ec4aa9a83aa8.csv"," "
"PREFEITURA MUNICIPAL DE CRICIUMA",2024,"GESTÃO ADMINISTRATIVA","Manut. Funcional do Gabinete do Prefeito","Planejar a gestão publica atraves de implementações de dados gerenciais visando a redução de custos, e estrategicas na defesa civil do municipio.","GABINETE DO PREFEITO","Gabinete do Prefeito",Administração,"Administração Geral",1002,"Manut. Funcional do Gabinete do Prefeito","Aplicacoes Diretas",1,31900000000000,"Aplicacoes Diretas","PREFEITURA MUNICIPAL DE CRICIUMA","DESPESAS CORRENTES",1900000,498000,2398000,2365768.26,2365768.26,2365768.26,2365768.26,0.0,2361632.45,0,2361632.45,4135.81,4135.81,124.51,98.66,124.51,98.66,124.3,101.54,"fontesRecursos_a73c0578-ace8-493c-8d49-9e52ca1030f8.csv","informacaoPlanejamento_fe93c450-103a-4ed0-8429-848c4679b65e.csv","empenhos_44088c6a-1e74-4b8f-9fd2-4ee675e21d1e.csv","suplementacoes_e77f10ac-39aa-403d-816f-b5dc831090f5.csv"," "
"PREFEITURA MUNICIPAL DE CRICIUMA",2024,"DEFENSORIA PUBLICA","Manut. Fundo de Defesa dos Dir. Difusos-FMDD","Para que os processos e ações movidas contra ou a favor o municipio, possam ser estudado e receberem o tratamento necessario.","PROCURADORIA GERAL DO MUNICIPIO","PROCON Municipal","Direitos da Cidadania","Direitos Individuais, Coletivos e Difusos",1018,"Manut. Fundo de Defesa dos Dir. Difusos-FMDD","Aplicacoes Diretas",51,33900000000000,"Aplicacoes Diretas","PREFEITURA MUNICIPAL DE CRICIUMA","DESPESAS CORRENTES",600000,-50000,550000,474894.3,356192.81,325774.87,325774.87,30417.94,325774.87,0,325774.87,30417.94,0.0,79.15,86.34,54.3,59.23,54.3,168.83,"fontesRecursos_c962931c-4cc0-4cf6-93cf-ee0a6247a197.csv","informacaoPlanejamento_35a2049e-cf2c-4c65-b4b1-eb6b9dda9c45.csv","empenhos_9626d202-b84c-44a8-aa84-621e84b756db.csv","suplementacoes_afe6bb37-22ea-4420-b05e-1051c13903ac.csv"," "
"PREFEITURA MUNICIPAL DE CRICIUMA",2024,"DEFENSORIA PUBLICA","Manut. da Casa da Cidadania","Para que os processos e ações movidas contra ou a favor o municipio, possam ser estudado e receberem o tratamento necessario.","PROCURADORIA GERAL DO MUNICIPIO","Casa da Cidadania","Direitos da Cidadania","Direitos Individuais, Coletivos e Difusos",1017,"Manut. da Casa da Cidadania","Aplicacoes Diretas",54,33900000000000,"Aplicacoes Diretas","PREFEITURA MUNICIPAL DE CRICIUMA","DESPESAS CORRENTES",100000,51000,151000,157229.04,101234.81,92859.6,92859.6,8375.21,92859.6,0,92859.6,8375.21,0.0,157.23,104.13,92.86,61.5,92.86,162.61,"fontesRecursos_5ce051f9-545b-48a6-b50f-31144fa0d934.csv","informacaoPlanejamento_de808aea-9a3b-4511-a497-75b1876fc93a.csv","empenhos_df49347c-22a4-4e25-b180-b902321662e7.csv","suplementacoes_6452cb85-d632-4162-a521-149e1b171f3b.csv"," "
"PREFEITURA MUNICIPAL DE CRICIUMA",2024,"DEFENSORIA PUBLICA","Manut. Fundo de Defesa dos Dir. Difusos-FMDD","Para que os processos e ações movidas contra ou a favor o municipio, possam ser estudado e receberem o tratamento necessario.","PROCURADORIA GERAL DO MUNICIPIO","PROCON Municipal","Direitos da Cidadania","Direitos Individuais, Coletivos e Difusos",1018,"Manut. Fundo de Defesa dos Dir. Difusos-FMDD","Aplicacoes Diretas",52,44900000000000,"Aplicacoes Diretas","PREFEITURA MUNICIPAL DE CRICIUMA","DESPESAS DE CAPITAL",100000,50000,150000,126300.0,126300.0,126300.0,126300.0,0.0,126300.0,0,126300.0,0.0,0.0,126.3,84.2,126.3,84.2,126.3,118.76,"fontesRecursos_f9a2893d-260a-4e9f-837f-295745ff8643.csv","informacaoPlanejamento_8d7e2fc9-1748-44fc-b6c0-23de0e0a7aba.csv","empenhos_93eac068-47bd-4f91-bcae-87e2662faf81.csv","suplementacoes_bafa568d-22fc-4eba-9cbb-e25162c33436.csv"," "
"PREFEITURA MUNICIPAL DE CRICIUMA",2024,"DEFENSORIA PUBLICA","Manut. Fundo de Defesa dos Dir. Difusos-FMDD","Para que os processos e ações movidas contra ou a favor o municipio, possam ser estudado e receberem o tratamento necessario.","PROCURADORIA GERAL DO MUNICIPIO","PROCON Municipal","Direitos da Cidadania","Direitos Individuais, Coletivos e Difusos",1018,"Manut. Fundo de Defesa dos Dir. Difusos-FMDD","Aplicacoes Diretas",50,31900000000000,"Aplicacoes Diretas","PREFEITURA MUNICIPAL DE CRICIUMA","DESPESAS CORRENTES",800000,0,800000,548963.57,548963.57,548963.57,548963.57,0.0,532437.27,0,532437.27,16526.3,16526.3,68.62,68.62,68.62,68.62,66.55,150.25,"fontesRecursos_e088ddd0-ad24-40fe-85a9-5af94b5fd7af.csv","informacaoPlanejamento_a252a7ed-2c37-4afe-8a32-0255a085a8c1.csv","empenhos_683bf40a-ec2e-4f03-8bc4-98933b1eac05.csv"," "," "
"PREFEITURA MUNICIPAL DE CRICIUMA",2024,"DEFENSORIA PUBLICA","Manut. da Casa da Cidadania","Para que os processos e ações movidas contra ou a favor o municipio, possam ser estudado e receberem o tratamento necessario.","PROCURADORIA GERAL DO MUNICIPIO","Casa da Cidadania","Direitos da Cidadania","Direitos Individuais, Coletivos e Difusos",1017,"Manut. da Casa da Cidadania","Aplicacoes Diretas",53,31900000000000,"Aplicacoes Diretas","PREFEITURA MUNICIPAL DE CRICIUMA","DESPESAS CORRENTES",50000,-28000,22000,0,0,0,0,0,0,0,0,0,0,0.0,0.0,0.0,0.0,0.0,0.0,"fontesRecursos_5a6a1efe-85b4-4504-94b2-5489f4620f90.csv","informacaoPlanejamento_9766e86e-e2f3-4150-9be9-4050798dc0f9.csv"," ","suplementacoes_5b0ae9c2-f7d6-4dc4-b6f3-a2e3f676a279.csv"," "
"PREFEITURA MUNICIPAL DE CRICIUMA",2024,"DEFENSORIA PUBLICA","Manut. da Casa da Cidadania","Para que os processos e ações movidas contra ou a favor o municipio, possam ser estudado e receberem o tratamento necessario.","PROCURADORIA GERAL DO MUNICIPIO","Casa da Cidadania","Direitos da Cidadania","Direitos Individuais, Coletivos e Difusos",1017,"Manut. da Casa da Cidadania","Aplicacoes Diretas",55,44900000000000,"Aplicacoes Diretas","PREFEITURA MUNICIPAL DE CRICIUMA","DESPESAS DE CAPITAL",50000,-23000,27000,0,0,0,0,0,0,0,0,0,0,0.0,0.0,0.0,0.0,0.0,0.0,"fontesRecursos_5dff3352-942b-4b41-abd8-909268cbe075.csv","informacaoPlanejamento_46cd0a56-afa3-449e-aa10-2a6b6eaeea32.csv"," ","suplementacoes_c3dfeb57-46bf-4cfb-b7c3-cfbf35a01e67.csv"," "
"PREFEITURA MUNICIPAL DE CRICIUMA",2024,"GESTÃO ADMINISTRATIVA","Manut. Funcional do Gabinete do Prefeito","Planejar a gestão publica atraves de implementações de dados gerenciais visando a redução de custos, e estrategicas na defesa civil do municipio.","GABINETE DO PREFEITO","Gabinete do Prefeito",Administração,"Administração Geral",1002,"Manut. Funcional do Gabinete do Prefeito","Aplicacoes Diretas",3,44900000000000,"Aplicacoes Diretas","PREFEITURA MUNICIPAL DE CRICIUMA","DESPESAS DE CAPITAL",100000,-50000,50000,0,0,0,0,0,0,0,0,0,0,0.0,0.0,0.0,0.0,0.0,0.0,"fontesRecursos_5aa71748-937b-4382-9b35-d1088681c448.csv","informacaoPlanejamento_16b8f489-fffb-46e0-9639-de03ebc8ef68.csv"," ","suplementacoes_3d3dc144-ddb8-4df5-bee9-a6b9aa6a7081.csv"," "
"PREFEITURA MUNICIPAL DE CRICIUMA",2024,"GESTÃO ADMINISTRATIVA","Manut. Funcional do Gabinete do Prefeito","Planejar a gestão publica atraves de implementações de dados gerenciais visando a redução de custos, e estrategicas na defesa civil do municipio.","GABINETE DO PREFEITO","Gabinete do Prefeito",Administração,"Administração Geral",1002,"Manut. Funcional do Gabinete do Prefeito","Aplicacoes Diretas",2,33900000000000,"Aplicacoes Diretas","PREFEITURA MUNICIPAL DE CRICIUMA","DESPESAS CORRENTES",100000,-93000,7000,6864.77,6864.77,6864.77,6864.77,0.0,6864.77,0,6864.77,0.0,0.0,6.86,98.07,6.86,98.07,6.86,101.97,"fontesRecursos_5ca74734-f62c-4324-8a60-10482dce0261.csv","informacaoPlanejamento_f9669563-d4e7-4503-9127-b328d4ebd310.csv","empenhos_57e2067a-374c-4cbd-8b75-51f4bc22f180.csv","suplementacoes_89ba2017-c65f-47c2-abf4-226785612c46.csv"," "
"PREFEITURA MUNICIPAL DE CRICIUMA",2024,"GESTÃO ADMINISTRATIVA","Manut. da Diretoria de Comunicação","Planejar a gestão publica atraves de implementações de dados gerenciais visando a redução de custos, e estrategicas na defesa civil do municipio.","GABINETE DO PREFEITO","Diretoria Executiva de Comunicação",Administração,"Administração Geral",1011,"Manut. da Diretoria de Comunicação","Aplicacoes Diretas",37,33900000000000,"Aplicacoes Diretas","PREFEITURA MUNICIPAL DE CRICIUMA","DESPESAS CORRENTES",5000000,-50000,4950000,4806774.44,3049228.67,1732787.73,1732787.73,1316440.94,1732631.54,0,1732631.54,1316597.13,156.19,96.14,97.11,34.66,35.01,34.65,285.69,"fontesRecursos_1ecaaa6c-997a-46eb-8ff4-f4d6b1a92e51.csv","informacaoPlanejamento_59ac7942-aaeb-454a-a4f1-4d062e030427.csv","empenhos_059dd991-3341-4791-a85f-5bed82bf7b8c.csv","suplementacoes_76136a6b-a2bf-4dbb-a7e4-1f4a7f030f1c.csv"," "
"PREFEITURA MUNICIPAL DE CRICIUMA",2024,"GESTÃO ADMINISTRATIVA","Manut. da Diretoria de Comunicação","Planejar a gestão publica atraves de implementações de dados gerenciais visando a redução de custos, e estrategicas na defesa civil do municipio.","GABINETE DO PREFEITO","Diretoria Executiva de Comunicação",Administração,"Administração Geral",1011,"Manut. da Diretoria de Comunicação","Aplicacoes Diretas",38,44900000000000,"Aplicacoes Diretas","PREFEITURA MUNICIPAL DE CRICIUMA","DESPESAS DE CAPITAL",20000,50000,70000,48400.0,48400.0,48400.0,48400.0,0.0,48400.0,0,48400.0,0.0,0.0,242.0,69.14,242.0,69.14,242.0,144.63,"fontesRecursos_858f0eb0-6efc-4e05-98f7-35fa60f6cae4.csv","informacaoPlanejamento_e071924c-34be-4aae-b219-8a662ca3ca5c.csv","empenhos_45122e1d-5f36-426c-8d0a-0770010bfe94.csv","suplementacoes_0f63e20b-289e-4841-bcf7-a10d150cd52a.csv"," "
"PREFEITURA MUNICIPAL DE CRICIUMA",2024,"GESTÃO ADMINISTRATIVA","Manut. da Junta do Serviço Militar","Planejar a gestão publica atraves de implementações de dados gerenciais visando a redução de custos, e estrategicas na defesa civil do municipio.","GABINETE DO PREFEITO","Junta do Serviço Militar",Administração,"Administração Geral",1005,"Manut. da Junta do Serviço Militar","Aplicacoes Diretas",32,44900000000000,"Aplicacoes Diretas","PREFEITURA MUNICIPAL DE CRICIUMA","DESPESAS DE CAPITAL",10000,0,10000,0,0,0,0,0,0,0,0,0,0,0.0,0.0,0.0,0.0,0.0,0.0,"fontesRecursos_fb16e449-c2d9-49d3-8b76-a9d8893cfc30.csv","informacaoPlanejamento_b2b988f4-c4b6-4c27-80ef-414459a6138c.csv"," "," "," "
"PREFEITURA MUNICIPAL DE CRICIUMA",2024,"GESTÃO ADMINISTRATIVA","Manut. da Ouvidoria","Planejar a gestão publica atraves de implementações de dados gerenciais visando a redução de custos, e estrategicas na defesa civil do municipio.","GABINETE DO PREFEITO",Ouvidoria,Administração,"Administração Geral",1006,"Manut. da Ouvidoria","Aplicacoes Diretas",28,33900000000000,"Aplicacoes Diretas","PREFEITURA MUNICIPAL DE CRICIUMA","DESPESAS CORRENTES",25000,26000,51000,50000.0,0.0,0,0,0.0,0,0,0,0.0,0,200.0,98.04,0.0,0.0,0.0,0.0,"fontesRecursos_6d65971c-da67-4f32-99af-84d46e17fc75.csv","informacaoPlanejamento_b9ab53c6-56e5-4c0e-9553-b0386fe771f0.csv","empenhos_2b432529-b896-4d05-9732-f588e0cd232e.csv","suplementacoes_d7be943b-6e77-4104-a80a-7552bfd544c4.csv"," "
"PREFEITURA MUNICIPAL DE CRICIUMA",2024,"GESTÃO ADMINISTRATIVA","Manut. do Fundo do Idoso - Proteção ao Idoso","Planejar a gestão publica atraves de implementações de dados gerenciais visando a redução de custos, e estrategicas na defesa civil do municipio.","GABINETE DO PREFEITO","Proteção ao Idoso","Assistência Social","Assistência ao Idoso",1014,"Manut. do Fundo do Idoso - Proteção ao Idoso","Aplicacoes Diretas",22,31900000000000,"Aplicacoes Diretas","PREFEITURA MUNICIPAL DE CRICIUMA","DESPESAS CORRENTES",50000,0,50000,0,0,0,0,0,0,0,0,0,0,0.0,0.0,0.0,0.0,0.0,0.0,"fontesRecursos_48862e5c-37c4-498b-b81e-b3f38e1d5fde.csv","informacaoPlanejamento_bfa470eb-c8f5-45c2-b11a-9e96d7c4200c.csv"," "," "," "
"PREFEITURA MUNICIPAL DE CRICIUMA",2024,"GESTÃO ADMINISTRATIVA","Manut. do Fundo do Idoso - Proteção ao Idoso","Planejar a gestão publica atraves de implementações de dados gerenciais visando a redução de custos, e estrategicas na defesa civil do municipio.","GABINETE DO PREFEITO","Proteção ao Idoso","Assistência Social","Assistência ao Idoso",1014,"Manut. do Fundo do Idoso - Proteção ao Idoso","Aplicacoes Diretas",24,33900000000000,"Aplicacoes Diretas","PREFEITURA MUNICIPAL DE CRICIUMA","DESPESAS CORRENTES",250000,-190000,60000,43098.9,35.56,35.56,35.56,0.0,35.56,0,35.56,0.0,0.0,17.24,71.83,0.01,0.06,0.01,168728.91,"fontesRecursos_a04ee107-2da5-49d4-aefb-85fc51aadef6.csv","informacaoPlanejamento_66c2c806-6f54-42fd-88ee-e4ce5cf8307c.csv","empenhos_9117281e-2158-4f49-8a34-43dab15e51b5.csv","suplementacoes_eece0d28-2c7b-4f12-bab3-15411e842ebe.csv"," "
"PREFEITURA MUNICIPAL DE CRICIUMA",2024,"GESTÃO ADMINISTRATIVA","Manut. da Junta do Serviço Militar","Planejar a gestão publica atraves de implementações de dados gerenciais visando a redução de custos, e estrategicas na defesa civil do municipio.","GABINETE DO PREFEITO","Junta do Serviço Militar",Administração,"Administração Geral",1005,"Manut. da Junta do Serviço Militar","Aplicacoes Diretas",30,31900000000000,"Aplicacoes Diretas","PREFEITURA MUNICIPAL DE CRICIUMA","DESPESAS CORRENTES",70000,0,70000,14976.96,14976.96,14976.96,14976.96,0.0,14976.96,0,14976.96,0.0,0.0,21.4,21.4,21.4,21.4,21.4,467.38,"fontesRecursos_d58ba6ed-b5f9-4841-9b77-84a9c1ee0803.csv","informacaoPlanejamento_1456b0e1-9a43-45d6-b623-c4d3a9eae307.csv","empenhos_ecbc4459-fafb-41ce-951c-163c54a44d6a.csv"," "," "
"PREFEITURA MUNICIPAL DE CRICIUMA",2024,"GESTÃO ADMINISTRATIVA","Manut. da Junta do Serviço Militar","Planejar a gestão publica atraves de implementações de dados gerenciais visando a redução de custos, e estrategicas na defesa civil do municipio.","GABINETE DO PREFEITO","Junta do Serviço Militar",Administração,"Administração Geral",1005,"Manut. da Junta do Serviço Militar","Aplicacoes Diretas",31,33900000000000,"Aplicacoes Diretas","PREFEITURA MUNICIPAL DE CRICIUMA","DESPESAS CORRENTES",20000,0,20000,0,0,0,0,0,0,0,0,0,0,0.0,0.0,0.0,0.0,0.0,0.0,"fontesRecursos_048863e8-0a8a-4276-9fd1-7f2c55600f90.csv","informacaoPlanejamento_ac97d002-4910-418c-8176-7d70226e7132.csv"," "," "," "
"PREFEITURA MUNICIPAL DE CRICIUMA",2024,"GESTÃO ADMINISTRATIVA","Manut. da Ouvidoria","Planejar a gestão publica atraves de implementações de dados gerenciais visando a redução de custos, e estrategicas na defesa civil do municipio.","GABINETE DO PREFEITO",Ouvidoria,Administração,"Administração Geral",1006,"Manut. da Ouvidoria","Aplicacoes Diretas",29,44900000000000,"Aplicacoes Diretas","PREFEITURA MUNICIPAL DE CRICIUMA","DESPESAS DE CAPITAL",25000,-25000,0,0,0,0,0,0,0,0,0,0,0,0.0,0.0,0.0,0.0,0.0,0.0,"fontesRecursos_98059526-22d8-4bbd-9f98-b18ebf2792e5.csv","informacaoPlanejamento_bad4d376-0b75-4f9a-98e1-20b21d4288a8.csv"," ","suplementacoes_10935d67-4451-43fc-b1e3-a660623fe32d.csv"," "
"PREFEITURA MUNICIPAL DE CRICIUMA",2024,"GESTÃO ADMINISTRATIVA","Manut. da Ouvidoria","Planejar a gestão publica atraves de implementações de dados gerenciais visando a redução de custos, e estrategicas na defesa civil do municipio.","GABINETE DO PREFEITO",Ouvidoria,Administração,"Administração Geral",1006,"Manut. da Ouvidoria","Aplicacoes Diretas",27,31900000000000,"Aplicacoes Diretas","PREFEITURA MUNICIPAL DE CRICIUMA","DESPESAS CORRENTES",60000,-1000,59000,0,0,0,0,0,0,0,0,0,0,0.0,0.0,0.0,0.0,0.0,0.0,"fontesRecursos_4fa5c271-a73f-4db1-af2b-09f337ac25bb.csv","informacaoPlanejamento_40002cc8-0d33-4034-a036-d261f28ab68d.csv"," ","suplementacoes_5bcd0fcf-0c4b-40ac-ae13-35e7d27d6e77.csv"," "
"PREFEITURA MUNICIPAL DE CRICIUMA",2024,"GESTÃO ADMINISTRATIVA","Manut. do Conselho Tutelar","Planejar a gestão publica atraves de implementações de dados gerenciais visando a redução de custos, e estrategicas na defesa civil do municipio.","GABINETE DO PREFEITO","Conselho Tutelar",Administração,"Administração Geral",1009,"Manut. do Conselho Tutelar","Aplicacoes Diretas",21,44900000000000,"Aplicacoes Diretas","PREFEITURA MUNICIPAL DE CRICIUMA","DESPESAS DE CAPITAL",20000,0,20000,0,0,0,0,0,0,0,0,0,0,0.0,0.0,0.0,0.0,0.0,0.0,"fontesRecursos_5d908917-d24f-4241-a51b-71a04fa5d084.csv","informacaoPlanejamento_9bb0c28c-72a4-410b-9372-1448b44f7b08.csv"," "," "," "
"PREFEITURA MUNICIPAL DE CRICIUMA",2024,"GESTÃO ADMINISTRATIVA","Manut. da Diretoria de Transito e Transporte","Planejar a gestão publica atraves de implementações de dados gerenciais visando a redução de custos, e estrategicas na defesa civil do municipio.","GABINETE DO PREFEITO","Gabinete do Prefeito",Urbanismo,"Infra-Estrutura Urbana",1013,"Manut. da Diretoria de Transito e Transporte","Aplicacoes Diretas",18,44900000000000,"Aplicacoes Diretas","PREFEITURA MUNICIPAL DE CRICIUMA","DESPESAS DE CAPITAL",16540000,0,16540000,3092078.65,2658393.65,2646466.35,2646466.35,11927.3,2646466.35,0,2646466.35,11927.3,0.0,18.69,18.69,16.0,16.0,16.0,624.98,"fontesRecursos_efc8e8cc-88e1-4777-82f8-1d18e060fd08.csv","informacaoPlanejamento_317995a8-869e-46a3-806d-fff2c3fedbdd.csv","empenhos_6569d532-9ed3-4fd0-a759-73108f2828f4.csv"," "," "
"PREFEITURA MUNICIPAL DE CRICIUMA",2024,"GESTÃO ADMINISTRATIVA","Manut. da Diretoria de Transito e Transporte","Planejar a gestão publica atraves de implementações de dados gerenciais visando a redução de custos, e estrategicas na defesa civil do municipio.","GABINETE DO PREFEITO","Gabinete do Prefeito",Urbanismo,"Infra-Estrutura Urbana",1013,"Manut. da Diretoria de Transito e Transporte","Transferencias a Estados e ao Distrito Federal",16,33300000000000,"Transferencias a Estados e ao Distrito Federal","PREFEITURA MUNICIPAL DE CRICIUMA","DESPESAS CORRENTES",500000,0,500000,0,0,0,0,0,0,0,0,0,0,0.0,0.0,0.0,0.0,0.0,0.0,"fontesRecursos_27b49201-81bd-4a73-9932-003a80f157fb.csv","informacaoPlanejamento_2a87d70b-2cf3-4d84-98d9-83fa38db4db9.csv"," "," "," "
"PREFEITURA MUNICIPAL DE CRICIUMA",2024,"GESTÃO ADMINISTRATIVA","Manut. da Diretoria de Transito e Transporte","Planejar a gestão publica atraves de implementações de dados gerenciais visando a redução de custos, e estrategicas na defesa civil do municipio.","GABINETE DO PREFEITO","Gabinete do Prefeito",Urbanismo,"Infra-Estrutura Urbana",1013,"Manut. da Diretoria de Transito e Transporte","Aplicacoes Diretas",13,31900000000000,"Aplicacoes Diretas","PREFEITURA MUNICIPAL DE CRICIUMA","DESPESAS CORRENTES",5900000,0,5900000,5749589.73,5748827.13,5749589.73,5748827.13,0.0,5679670.75,762.6,5678908.15,69918.98,69918.98,97.45,97.45,97.45,97.45,96.27,103.88,"fontesRecursos_becaffc9-06d8-436d-9dc1-3d8636beb33e.csv","informacaoPlanejamento_bdee471d-ca9f-4167-944d-348c20673173.csv","empenhos_e66a4257-7ab3-4da4-8ae4-1ed7426d900d.csv"," "," "
"PREFEITURA MUNICIPAL DE CRICIUMA",2024,"GESTÃO ADMINISTRATIVA","Manut. do Fundo do Idoso - Proteção ao Idoso","Planejar a gestão publica atraves de implementações de dados gerenciais visando a redução de custos, e estrategicas na defesa civil do municipio.","GABINETE DO PREFEITO","Proteção ao Idoso","Assistência Social","Assistência ao Idoso",1014,"Manut. do Fundo do Idoso - Proteção ao Idoso","Aplicacoes Diretas",26,44900000000000,"Aplicacoes Diretas","PREFEITURA MUNICIPAL DE CRICIUMA","DESPESAS DE CAPITAL",1000000,-927000,73000,0,0,0,0,0,0,0,0,0,0,0.0,0.0,0.0,0.0,0.0,0.0,"fontesRecursos_1c440913-9db2-4ff3-877d-8e76ef0dc44d.csv","informacaoPlanejamento_07fc21a7-2f13-4a76-908d-30215c5988c2.csv"," ","suplementacoes_015969f9-1558-4432-9b83-d0b2a791b121.csv"," "
"PREFEITURA MUNICIPAL DE CRICIUMA",2024,"GESTÃO ADMINISTRATIVA","Manut. do Conselho Tutelar","Planejar a gestão publica atraves de implementações de dados gerenciais visando a redução de custos, e estrategicas na defesa civil do municipio.","GABINETE DO PREFEITO","Conselho Tutelar",Administração,"Administração Geral",1009,"Manut. do Conselho Tutelar","Aplicacoes Diretas",20,33900000000000,"Aplicacoes Diretas","PREFEITURA MUNICIPAL DE CRICIUMA","DESPESAS CORRENTES",200000,50000,250000,166471.96,70558.73,69777.06,69670.06,888.67,69777.06,107.0,69670.06,888.67,0.0,83.24,66.59,34.89,27.91,34.89,358.28,"fontesRecursos_0ec326f6-2cc7-4584-be07-9388c72803a0.csv","informacaoPlanejamento_fef1ef96-08c7-487b-b032-85a323695157.csv","empenhos_7d01ba27-1b30-401f-b734-4f369f883373.csv","suplementacoes_4034ef06-9130-4944-b1ee-758f5090ded0.csv"," "
"PREFEITURA MUNICIPAL DE CRICIUMA",2024,"GESTÃO ADMINISTRATIVA","Manut. do Conselho Tutelar","Planejar a gestão publica atraves de implementações de dados gerenciais visando a redução de custos, e estrategicas na defesa civil do municipio.","GABINETE DO PREFEITO","Conselho Tutelar",Administração,"Administração Geral",1009,"Manut. do Conselho Tutelar","Aplicacoes Diretas",19,31900000000000,"Aplicacoes Diretas","PREFEITURA MUNICIPAL DE CRICIUMA","DESPESAS CORRENTES",1000000,25000,1025000,977924.29,977924.29,977924.29,977924.29,0.0,977924.29,0,977924.29,0.0,0.0,97.79,95.41,97.79,95.41,97.79,104.81,"fontesRecursos_3931b634-187c-4cff-aa54-51de7539544f.csv","informacaoPlanejamento_18a8973b-0a88-45a5-8a31-b31020890c29.csv","empenhos_c606959f-7014-489b-9bb5-d819916c22c2.csv","suplementacoes_768c6687-d26a-46ce-a584-0f84bab7d981.csv"," "
"PREFEITURA MUNICIPAL DE CRICIUMA",2024,"AVANÇAR CRICIUMA","Fundo 169","Elaborar projetos arquitetônicos, urbanísticos e geométricos (rodoviários) de espaços públicos; Revisar e regulamentar constantemente a legislação urbanística do Plano Diretor; Executar obras de edificações e espaços públicos de interesse da coletividade. Garantir o desenvolvimento econômico do município por meio de execução de obras significativas ao crescimento urbano.Tornar à cidade mais humanizada, bonita e agradável de se viver, sempre em conformidade com o novo Plano Diretor do Municipio.","SEC. M. DE INFRAEST.,PLANEJ. E MOBILIDADE URBANA","Manut. Fdo. de Desenvolvimento Municipal/FUNDEM",Administração,"Administração Geral",1231,"Fundo 169","Aplicacoes Diretas",216,33900000000000,"Aplicacoes Diretas","PREFEITURA MUNICIPAL DE CRICIUMA","DESPESAS CORRENTES",1500000,-800000,700000,0,0,0,0,0,0,0,0,0,0,0.0,0.0,0.0,0.0,0.0,0.0,"fontesRecursos_2ac2b642-9222-4ebb-88be-b30e1cd4d993.csv","informacaoPlanejamento_1d72a594-b8d7-4e58-b0ab-b0e1b826cac4.csv"," ","suplementacoes_179b5664-a6eb-4a92-b64e-dd86d591b053.csv"," "
"PREFEITURA MUNICIPAL DE CRICIUMA",2024,"AVANÇAR CRICIUMA","Fundo 169","Elaborar projetos arquitetônicos, urbanísticos e geométricos (rodoviários) de espaços públicos; Revisar e regulamentar constantemente a legislação urbanística do Plano Diretor; Executar obras de edificações e espaços públicos de interesse da coletividade. Garantir o desenvolvimento econômico do município por meio de execução de obras significativas ao crescimento urbano.Tornar à cidade mais humanizada, bonita e agradável de se viver, sempre em conformidade com o novo Plano Diretor do Municipio.","SEC. M. DE INFRAEST.,PLANEJ. E MOBILIDADE URBANA","Manut. Fdo. de Desenvolvimento Municipal/FUNDEM",Administração,"Administração Geral",1231,"Fundo 169","Aplicacoes Diretas",217,44900000000000,"Aplicacoes Diretas","PREFEITURA MUNICIPAL DE CRICIUMA","DESPESAS DE CAPITAL",1500000,-1200000,300000,0,0,0,0,0,0,0,0,0,0,0.0,0.0,0.0,0.0,0.0,0.0,"fontesRecursos_0e4b9b66-2cc5-4df6-9da2-096c8c707800.csv","informacaoPlanejamento_b73ef840-4adb-4aa5-aa79-f990bde4937f.csv"," ","suplementacoes_14ef4180-ac49-4694-9f1c-a0ec4166ea88.csv"," "
"PREFEITURA MUNICIPAL DE CRICIUMA",2024,"DEFENSORIA PUBLICA","Manut. da Procuradoria Geral","Para que os processos e ações movidas contra ou a favor o municipio, possam ser estudado e receberem o tratamento necessario.","PROCURADORIA GERAL DO MUNICIPIO","Defensoria Publica",Judiciária,"Ação Judiciária",1016,"Manut. da Procuradoria Geral","Aplicacoes Diretas",47,31900000000000,"Aplicacoes Diretas","PREFEITURA MUNICIPAL DE CRICIUMA","DESPESAS CORRENTES",4800000,100000,4900000,4794158.26,4794158.26,4794158.26,4794158.26,0.0,4794158.26,0,4794158.26,0.0,0.0,99.88,97.84,99.88,97.84,99.88,102.21,"fontesRecursos_a6934306-0ee6-46cf-939b-d93a6583c501.csv","informacaoPlanejamento_ef551672-1e47-4729-9139-f8b6a2ba51d0.csv","empenhos_6fab094e-e6f6-494e-b19e-21e65266ef73.csv","suplementacoes_169cf126-d528-4a1d-b178-e5e723fcfc4a.csv"," "
"PREFEITURA MUNICIPAL DE CRICIUMA",2024,"DEFENSORIA PUBLICA","Manut. da Procuradoria Geral","Para que os processos e ações movidas contra ou a favor o municipio, possam ser estudado e receberem o tratamento necessario.","PROCURADORIA GERAL DO MUNICIPIO","Defensoria Publica",Judiciária,"Ação Judiciária",1016,"Manut. da Procuradoria Geral","Aplicacoes Diretas",49,44900000000000,"Aplicacoes Diretas","PREFEITURA MUNICIPAL DE CRICIUMA","DESPESAS DE CAPITAL",200000,0,200000,0,0,0,0,0,0,0,0,0,0,0.0,0.0,0.0,0.0,0.0,0.0,"fontesRecursos_3c05501a-345b-4f7e-b2db-b9d62e38774e.csv","informacaoPlanejamento_e45f89f4-5157-496b-bacd-99c367562ff3.csv"," "," "," "
"PREFEITURA MUNICIPAL DE CRICIUMA",2024,"APOIO A GESTÃO ADMINISTRATIVA","Manut. Funcional do Gabinete do Vice Prefeito","Incentivar e apoiar a gestão publica atraves de implementação de dados gerenciais visando a redução de custos, e estrategicas na defesa civil do municipio.","GABINETE DO VICE-PREFEITO","Gabinete do Vice-Prefeito",Administração,"Administração Geral",1015,"Manut. Funcional do Gabinete do Vice Prefeito","Aplicacoes Diretas",44,31900000000000,"Aplicacoes Diretas","PREFEITURA MUNICIPAL DE CRICIUMA","DESPESAS CORRENTES",370000,0,370000,223613.0,223613.0,223613.0,223613.0,0.0,223613.0,0,223613.0,0.0,0.0,60.44,60.44,60.44,60.44,60.44,165.46,"fontesRecursos_cdaa4c77-a53b-4b76-be9d-a677a4710b32.csv","informacaoPlanejamento_ba3e03e7-8893-417a-9b51-b8dc0e041cb5.csv","empenhos_3e43252b-71b1-4a11-a113-cc545c46f97c.csv"," "," "
"PREFEITURA MUNICIPAL DE CRICIUMA",2024,"GESTÃO ADMINISTRATIVA","Manut. da Direitoria de Tecnologia da Informação","Planejar a gestão publica atraves de implementações de dados gerenciais visando a redução de custos, e estrategicas na defesa civil do municipio.","GABINETE DO PREFEITO","Diretoria Executiva de Tecnologia de Informação",Administração,"Tecnologia da Informatização",1010,"Manut. da Direitoria de Tecnologia da Informação","Aplicacoes Diretas",39,31900000000000,"Aplicacoes Diretas","PREFEITURA MUNICIPAL DE CRICIUMA","DESPESAS CORRENTES",1000000,-100000,900000,682723.11,682723.11,682723.11,682723.11,0.0,682723.11,0,682723.11,0.0,0.0,68.27,75.86,68.27,75.86,68.27,131.83,"fontesRecursos_1368144d-09b5-4a93-a957-f58d003825ec.csv","informacaoPlanejamento_9b27f271-1ba3-437d-acf1-62a783401bb3.csv","empenhos_c031ebd0-35cd-4189-a89d-fbf94689b07e.csv","suplementacoes_d49b667d-511e-40d8-aea3-5a9e757ef274.csv"," "
"PREFEITURA MUNICIPAL DE CRICIUMA",2024,"APOIO A GESTÃO ADMINISTRATIVA","Manut. Funcional do Gabinete do Vice Prefeito","Incentivar e apoiar a gestão publica atraves de implementação de dados gerenciais visando a redução de custos, e estrategicas na defesa civil do municipio.","GABINETE DO VICE-PREFEITO","Gabinete do Vice-Prefeito",Administração,"Administração Geral",1015,"Manut. Funcional do Gabinete do Vice Prefeito","Aplicacoes Diretas",46,44900000000000,"Aplicacoes Diretas","PREFEITURA MUNICIPAL DE CRICIUMA","DESPESAS DE CAPITAL",20000,0,20000,0,0,0,0,0,0,0,0,0,0,0.0,0.0,0.0,0.0,0.0,0.0,"fontesRecursos_f83e6b70-e69a-43fa-a96a-d09ecf32adf7.csv","informacaoPlanejamento_4a4d6946-0408-4a28-83b0-926420187f4a.csv"," "," "," "
"PREFEITURA MUNICIPAL DE CRICIUMA",2024,"APOIO A GESTÃO ADMINISTRATIVA","Manut. Funcional do Gabinete do Vice Prefeito","Incentivar e apoiar a gestão publica atraves de implementação de dados gerenciais visando a redução de custos, e estrategicas na defesa civil do municipio.","GABINETE DO VICE-PREFEITO","Gabinete do Vice-Prefeito",Administração,"Administração Geral",1015,"Manut. Funcional do Gabinete do Vice Prefeito","Aplicacoes Diretas",45,33900000000000,"Aplicacoes Diretas","PREFEITURA MUNICIPAL DE CRICIUMA","DESPESAS CORRENTES",50000,0,50000,2052.23,1881.26,2052.23,1881.26,0.0,2052.23,170.97,1881.26,0.0,0.0,4.1,4.1,4.1,4.1,4.1,2436.37,"fontesRecursos_b06ff014-af72-4018-88e3-e8f0bcf076c6.csv","informacaoPlanejamento_652f930a-11a8-4718-939e-47af37851146.csv","empenhos_c6d40d55-c3f9-4bfb-8c2f-45ff459526fe.csv"," "," "
"PREFEITURA MUNICIPAL DE CRICIUMA",2024,"GESTÃO ADMINISTRATIVA","Manut. da Direitoria de Tecnologia da Informação","Planejar a gestão publica atraves de implementações de dados gerenciais visando a redução de custos, e estrategicas na defesa civil do municipio.","GABINETE DO PREFEITO","Diretoria Executiva de Tecnologia de Informação",Administração,"Tecnologia da Informatização",1010,"Manut. da Direitoria de Tecnologia da Informação","Aplicacoes Diretas",40,33900000000000,"Aplicacoes Diretas","PREFEITURA MUNICIPAL DE CRICIUMA","DESPESAS CORRENTES",800000,1322901,2122901,2272670.41,1953246.5,1799072.18,1797029.68,156216.82,1799072.18,2042.5,1797029.68,156216.82,0.0,284.08,107.05,224.88,84.75,224.88,118.0,"fontesRecursos_26e77e87-a019-4888-9cb9-2dcb9495ac4b.csv","informacaoPlanejamento_62c4364c-f8c8-4f2f-a3fa-ab2a89dbf86d.csv","empenhos_c41bdd73-056a-4880-a9f1-216ee9186384.csv","suplementacoes_cd00ff49-0673-4faa-a69d-493b84cfc3d5.csv"," "
"PREFEITURA MUNICIPAL DE CRICIUMA",2024,"GESTÃO ADMINISTRATIVA","Manut. da Direitoria de Tecnologia da Informação","Planejar a gestão publica atraves de implementações de dados gerenciais visando a redução de custos, e estrategicas na defesa civil do municipio.","GABINETE DO PREFEITO","Diretoria Executiva de Tecnologia de Informação",Administração,"Tecnologia da Informatização",1010,"Manut. da Direitoria de Tecnologia da Informação","Aplicacoes Diretas",41,44900000000000,"Aplicacoes Diretas","PREFEITURA MUNICIPAL DE CRICIUMA","DESPESAS DE CAPITAL",600000,-572901,27099,0,0,0,0,0,0,0,0,0,0,0.0,0.0,0.0,0.0,0.0,0.0,"fontesRecursos_012a7cb2-ef49-4c48-a3ea-b4dbd6351970.csv","informacaoPlanejamento_a71dcce9-8af0-4d8c-9af0-efdbe29ca460.csv"," ","suplementacoes_0489128e-5cf2-4af2-a7e0-b58676b2564e.csv"," "
"PREFEITURA MUNICIPAL DE CRICIUMA",2024,"GESTÃO DE QUALIDADE NO ENSINO","Manut. do Gabinete da Secretaria de Educação","Garantir espaço educativo adequado para a promoção da formação humana; fornecer materiais de consumo e didático, generos alimenticios, limpeza e outros paa as escolas e CEIMs; Acompanhar e das suporte administrativo e financeiro as Unidades Escolares; Manter e ampliar os espaços fisicos internos e externos das escolas e CEIMs.","SEC. MUN. DE EDUCAÇÃO","Gab. Secretaria de Educação",Educação,"Ensino Fundamental",1030,"Manut. do Gabinete da Secretaria de Educação","Aplicacoes Diretas",120,44900000000000,"Aplicacoes Diretas","PREFEITURA MUNICIPAL DE CRICIUMA","DESPESAS DE CAPITAL",40000,0,40000,0,0,0,0,0,0,0,0,0,0,0.0,0.0,0.0,0.0,0.0,0.0,"fontesRecursos_9b6cc9c0-32c4-4fd9-98f6-64eaf637ea2f.csv","informacaoPlanejamento_80ce8a77-bcde-4384-8944-26ba36d532ac.csv"," "," "," "
"PREFEITURA MUNICIPAL DE CRICIUMA",2024,"GESTÃO DE QUALIDADE - PROEJA - PROGRAMA DE EDUCAÇÃO DE EDUCAÇÃO DE JOVENS E ADULTOS","Alfabetização de Jovens e Adultos","Ampliar o acesso e permanencia dos jovens e adultos sem escolaridade no PROEJA; Qualificar profissionalmente os jovens e adultos atencidos pelo Programa, por meio de parcerias; Criar uma unidade Polo do Programa (NEJAC - Nucleo Educacional de Jovens e Adultos de Criciuma).","SEC. MUN. DE EDUCAÇÃO","Alfabetização de Jovens e Adultos - PROEJA",Educação,"Ensino Fundamental",1040,"Alfabetização de Jovens e Adultos","Aplicacoes Diretas",127,44900000000000,"Aplicacoes Diretas","PREFEITURA MUNICIPAL DE CRICIUMA","DESPESAS DE CAPITAL",200000,-100000,100000,0,0,0,0,0,0,0,0,0,0,0.0,0.0,0.0,0.0,0.0,0.0,"fontesRecursos_648bbc98-4072-413a-bc34-7a5e14d2349f.csv","informacaoPlanejamento_afeb7a2a-42cf-488e-abab-5747836fb11d.csv"," ","suplementacoes_ed072546-0d07-4d15-b5fa-5fb25e55ec28.csv"," "
"PREFEITURA MUNICIPAL DE CRICIUMA",2024,"GESTÃO DE QUALIDADE NO ENSINO","Manut. do Gabinete da Secretaria de Educação","Garantir espaço educativo adequado para a promoção da formação humana; fornecer materiais de consumo e didático, generos alimenticios, limpeza e outros paa as escolas e CEIMs; Acompanhar e das suporte administrativo e financeiro as Unidades Escolares; Manter e ampliar os espaços fisicos internos e externos das escolas e CEIMs.","SEC. MUN. DE EDUCAÇÃO","Gab. Secretaria de Educação",Educação,"Ensino Fundamental",1030,"Manut. do Gabinete da Secretaria de Educação","Aplicacoes Diretas",117,31900000000000,"Aplicacoes Diretas","PREFEITURA MUNICIPAL DE CRICIUMA","DESPESAS CORRENTES",2000000,0,2000000,252076.51,212076.51,212076.51,212076.51,0.0,212076.51,0,212076.51,0.0,0.0,12.6,12.6,10.6,10.6,10.6,943.06,"fontesRecursos_8c144198-b03b-4e35-a8bc-0df38fd8c36e.csv","informacaoPlanejamento_079562a7-5270-4333-8085-6538f3931e8f.csv","empenhos_2c91cca4-165c-43cb-913d-2a5d64a0d949.csv"," "," "
"PREFEITURA MUNICIPAL DE CRICIUMA",2024,"GESTÃO DE QUALIDADE NO ENSINO","Manut. do Gabinete da Secretaria de Educação","Garantir espaço educativo adequado para a promoção da formação humana; fornecer materiais de consumo e didático, generos alimenticios, limpeza e outros paa as escolas e CEIMs; Acompanhar e das suporte administrativo e financeiro as Unidades Escolares; Manter e ampliar os espaços fisicos internos e externos das escolas e CEIMs.","SEC. MUN. DE EDUCAÇÃO","Gab. Secretaria de Educação",Educação,"Ensino Fundamental",1030,"Manut. do Gabinete da Secretaria de Educação","Aplicacoes Diretas",119,33900000000000,"Aplicacoes Diretas","PREFEITURA MUNICIPAL DE CRICIUMA","DESPESAS CORRENTES",200000,0,200000,3186.0,3186.0,3186.0,3186.0,0.0,3186.0,0,3186.0,0.0,0.0,1.59,1.59,1.59,1.59,1.59,6277.46,"fontesRecursos_f1b1998b-f661-4700-87d8-3ed81fcbe981.csv","informacaoPlanejamento_20e1b0f7-d596-413f-8ab3-9252fbf04dd8.csv","empenhos_fde5e418-1a24-4f21-82da-678bd5683954.csv"," "," "
"PREFEITURA MUNICIPAL DE CRICIUMA",2024,"GESTÃO DE QUALIDADE NO ENSINO","Manut. do Gabinete da Secretaria de Educação","Garantir espaço educativo adequado para a promoção da formação humana; fornecer materiais de consumo e didático, generos alimenticios, limpeza e outros paa as escolas e CEIMs; Acompanhar e das suporte administrativo e financeiro as Unidades Escolares; Manter e ampliar os espaços fisicos internos e externos das escolas e CEIMs.","SEC. MUN. DE EDUCAÇÃO","Gab. Secretaria de Educação",Educação,"Ensino Fundamental",1030,"Manut. do Gabinete da Secretaria de Educação","Aplicações Diretas - Oper.Intra-Orçamentárias",118,31910000000000,"Aplicações Diretas - Oper.Intra-Orçamentárias","PREFEITURA MUNICIPAL DE CRICIUMA","DESPESAS CORRENTES",200000,0,200000,105920.36,44245.87,44245.87,44245.87,0.0,44245.87,0,44245.87,0.0,0.0,52.96,52.96,22.12,22.12,22.12,452.02,"fontesRecursos_f2052e26-f57f-4c42-9ebd-0247f3790ee3.csv","informacaoPlanejamento_387cd055-42f0-43a6-b7e0-f44929496a94.csv","empenhos_d75b3a3b-bfb8-475e-b71b-d1a5a6a78d12.csv"," "," "
"PREFEITURA MUNICIPAL DE CRICIUMA",2024,"GESTÃO DE QUALIDADE NO ENSINO","Manut. do Depto. Administrativo da Educação, formação continuada","Garantir espaço educativo adequado para a promoção da formação humana; fornecer materiais de consumo e didático, generos alimenticios, limpeza e outros paa as escolas e CEIMs; Acompanhar e das suporte administrativo e financeiro as Unidades Escolares; Manter e ampliar os espaços fisicos internos e externos das escolas e CEIMs.","SEC. MUN. DE EDUCAÇÃO","Administrativo da Educação",Educação,"Ensino Fundamental",1034,"Manut. do Depto. Administrativo da Educação, formação continuada","Aplicacoes Diretas",156,44900000000000,"Aplicacoes Diretas","PREFEITURA MUNICIPAL DE CRICIUMA","DESPESAS DE CAPITAL",5020000,-3700000,1320000,145874.16,145874.16,145874.16,145874.16,0.0,145874.16,0,145874.16,0.0,0.0,2.91,11.05,2.91,11.05,2.91,904.89,"fontesRecursos_ca20a31b-3de3-4a14-b902-4a7a72495eb1.csv","informacaoPlanejamento_1455517c-c407-407d-887e-d43e7b9bb4d2.csv","empenhos_c10ea3e1-00d5-4ce9-a5cf-76fa0d027fa6.csv","suplementacoes_79b36484-3e91-497e-9a12-73e8c8cfe0e8.csv"," "
"PREFEITURA MUNICIPAL DE CRICIUMA",2024,"GESTÃO DE QUALIDADE NO ENSINO","Manut. do Depto. Administrativo da Educação, formação continuada","Garantir espaço educativo adequado para a promoção da formação humana; fornecer materiais de consumo e didático, generos alimenticios, limpeza e outros paa as escolas e CEIMs; Acompanhar e das suporte administrativo e financeiro as Unidades Escolares; Manter e ampliar os espaços fisicos internos e externos das escolas e CEIMs.","SEC. MUN. DE EDUCAÇÃO","Administrativo da Educação",Educação,"Ensino Fundamental",1034,"Manut. do Depto. Administrativo da Educação, formação continuada","Aplicacoes Diretas",153,31900000000000,"Aplicacoes Diretas","PREFEITURA MUNICIPAL DE CRICIUMA","DESPESAS CORRENTES",6000000,0,6000000,310987.15,272949.93,272949.93,272949.93,0.0,272949.93,0,272949.93,0.0,0.0,5.18,5.18,4.55,4.55,4.55,2198.21,"fontesRecursos_78e648de-3461-4947-a7a5-4008abd3c717.csv","informacaoPlanejamento_317506b9-164c-4179-9f0e-7bd94f1acde9.csv","empenhos_720e9154-5435-470a-a425-369af2bc847d.csv"," "," "
"PREFEITURA MUNICIPAL DE CRICIUMA",2024,"GESTÃO DE QUALIDADE NO ENSINO","Manut. do Depto. Administrativo da Educação, formação continuada","Garantir espaço educativo adequado para a promoção da formação humana; fornecer materiais de consumo e didático, generos alimenticios, limpeza e outros paa as escolas e CEIMs; Acompanhar e das suporte administrativo e financeiro as Unidades Escolares; Manter e ampliar os espaços fisicos internos e externos das escolas e CEIMs.","SEC. MUN. DE EDUCAÇÃO","Administrativo da Educação",Educação,"Ensino Fundamental",1034,"Manut. do Depto. Administrativo da Educação, formação continuada","Aplicações Diretas - Oper.Intra-Orçamentárias",154,31910000000000,"Aplicações Diretas - Oper.Intra-Orçamentárias","PREFEITURA MUNICIPAL DE CRICIUMA","DESPESAS CORRENTES",20000000,-2500000,17500000,0,0,0,0,0,0,0,0,0,0,0.0,0.0,0.0,0.0,0.0,0.0,"fontesRecursos_38fc641b-8a04-44dc-b957-3602b7c8b866.csv","informacaoPlanejamento_91bfea9b-4edf-43d9-b8d5-d6ea5f4486da.csv"," ","suplementacoes_abbfce80-4cba-4c7b-8282-fd326b15a177.csv"," "
"PREFEITURA MUNICIPAL DE CRICIUMA",2024,"DIVERSIDADE ETNICO-RACIAL/PERSPECTIVA INCLUSIVA","Diversidade Etnica Racial","Reduzir as desigualdades raciais existentes nas estruturas de poder e que perpassam o sistema sócio/educacional/econômico no município, atendendo o ensino da educação básica e seus profissionais no processo das relações sociais de diversidade étnico-racial. Adquirir livros de literatura infanto-juvenil, brinquedos ejogos. Promover o I Seminário de Africanidades.","SEC. MUN. DE EDUCAÇÃO","Diversidade Étnica Racial",Educação,"Ensino Fundamental",1044,"Diversidade Etnica Racial","Aplicacoes Diretas",158,33900000000000,"Aplicacoes Diretas","PREFEITURA MUNICIPAL DE CRICIUMA","DESPESAS CORRENTES",50000,0,50000,4148.21,4148.21,4148.21,4148.21,0.0,4148.21,0,4148.21,0.0,0.0,8.3,8.3,8.3,8.3,8.3,1205.34,"fontesRecursos_add3daec-b12a-4a7e-bd24-6cb57d35bbba.csv","informacaoPlanejamento_02dfdca0-7cd3-4c6c-9a83-40d65fb9b7d8.csv","empenhos_48bfe7bf-09f6-4a45-8423-5a91b43e1ebc.csv"," "," "
"PREFEITURA MUNICIPAL DE CRICIUMA",2024,"ESPAÇO DE FORMAÇÃO E PESQUISA ""THEREZA DÁRIO MILANEZZI""","Centro de Formação Municipal Thereza Dário Milanezzi","Promover a cultura de formação continuada de profissionais que atuam na rede municipal de educação. Proporcionar um espaço adequado para pesquisas e leituras dos profissionais da rede municipal de educação; Aquisição de espaço próprio ou construção de um espaço físico;","SEC. MUN. DE EDUCAÇÃO","Centro de Formação Mun. Thereza Dário Milanezzi",Educação,"Ensino Fundamental",1042,"Centro de Formação Municipal Thereza Dário Milanezzi","Aplicacoes Diretas",148,33900000000000,"Aplicacoes Diretas","PREFEITURA MUNICIPAL DE CRICIUMA","DESPESAS CORRENTES",100000,0,100000,0,0,0,0,0,0,0,0,0,0,0.0,0.0,0.0,0.0,0.0,0.0,"fontesRecursos_a9faa5c4-0ef5-4e20-b4cd-7e9fc0aa0fda.csv","informacaoPlanejamento_7baa3ccb-4359-41ab-b67b-29762c04be38.csv"," "," "," "
"PREFEITURA MUNICIPAL DE CRICIUMA",2024,"GESTÃO DE QUALIDADE NO ENSINO","Auxílio ao Ensino Médio","Garantir espaço educativo adequado para a promoção da formação humana; fornecer materiais de consumo e didático, generos alimenticios, limpeza e outros paa as escolas e CEIMs; Acompanhar e das suporte administrativo e financeiro as Unidades Escolares; Manter e ampliar os espaços fisicos internos e externos das escolas e CEIMs.","SEC. MUN. DE EDUCAÇÃO","Auxilio ao Ensino",Educação,"Ensino Médio",1232,"Auxílio ao Ensino Médio","Transferencias a Instituicoes Privadas sem Fins Lu",146,33500000000000,"Transferencias a Instituicoes Privadas sem Fins Lu","PREFEITURA MUNICIPAL DE CRICIUMA","DESPESAS CORRENTES",1000000,0,1000000,0,0,0,0,0,0,0,0,0,0,0.0,0.0,0.0,0.0,0.0,0.0,"fontesRecursos_118dd0fc-6dd9-472c-9f33-e474ca442498.csv","informacaoPlanejamento_858e38e7-b0b5-4048-9598-03716a334f03.csv"," "," "," "
"PREFEITURA MUNICIPAL DE CRICIUMA",2024,"GESTÃO DE QUALIDADE NO ENSINO","Auxílio ao Ensino Médio","Garantir espaço educativo adequado para a promoção da formação humana; fornecer materiais de consumo e didático, generos alimenticios, limpeza e outros paa as escolas e CEIMs; Acompanhar e das suporte administrativo e financeiro as Unidades Escolares; Manter e ampliar os espaços fisicos internos e externos das escolas e CEIMs.","SEC. MUN. DE EDUCAÇÃO","Auxilio ao Ensino",Educação,"Ensino Médio",1232,"Auxílio ao Ensino Médio","Aplicacoes Diretas",147,33900000000000,"Aplicacoes Diretas","PREFEITURA MUNICIPAL DE CRICIUMA","DESPESAS CORRENTES",2000000,0,2000000,725544.91,341067.94,340185.94,340185.94,882.0,340185.94,0,340185.94,882.0,0.0,36.28,36.28,17.01,17.01,17.01,587.91,"fontesRecursos_f7f5f261-394f-458b-b1bb-76c00bd58a11.csv","informacaoPlanejamento_d13770d6-de71-4bde-982a-2a56ccb5e665.csv","empenhos_7b33de2f-0850-4bfa-8050-8ec87732df9f.csv"," "," "
"PREFEITURA MUNICIPAL DE CRICIUMA",2024,"GESTÃO DE QUALIDADE NO ENSINO","Transporte Escolar","Garantir espaço educativo adequado para a promoção da formação humana; fornecer materiais de consumo e didático, generos alimenticios, limpeza e outros paa as escolas e CEIMs; Acompanhar e das suporte administrativo e financeiro as Unidades Escolares; Manter e ampliar os espaços fisicos internos e externos das escolas e CEIMs.","SEC. MUN. DE EDUCAÇÃO","Aquisição de Veículos/Transp. de Alunos",Educação,"Ensino Fundamental",1035,"Transporte Escolar","Aplicacoes Diretas",142,33900000000000,"Aplicacoes Diretas","PREFEITURA MUNICIPAL DE CRICIUMA","DESPESAS CORRENTES",10650000,2418000,13068000,1.283978609E7,1.244797541E7,1.159539067E7,1.159539067E7,852584.74,1.146838392E7,0,1.146838392E7,979591.49,127006.75,120.56,98.25,108.88,88.73,107.68,113.95,"fontesRecursos_7cc5200f-6074-42a4-8ff6-edbc0b5e82ff.csv","informacaoPlanejamento_9ad1bb37-9d86-4663-a25f-3c2a394101da.csv","empenhos_15edef56-ada5-4180-bd5c-1a7253a079d4.csv","suplementacoes_9116a1bb-8023-4977-9b11-481ab93ee05e.csv"," "
"PREFEITURA MUNICIPAL DE CRICIUMA",2024,"GESTÃO DE QUALIDADE NA PERSPECTIVA DA EDUCAÇÃO INCLUSIVA","Educação Inclusiva","Implementara Politica Nacional de Educação Especial na perspectiva da Educação Inclusiva e o atendimento educacional especializado a toda rede; Garantir a oferta de Formação Bilingue em Lingua Brasileira de Sinais (LIBRAS); Articular o Convenio com Associação ADVISUL; Criar uma escola Polo de atencimento Bilingue; Adquirir materiais pedagogicos  para o atendimento dos alunos cegos.","SEC. MUN. DE EDUCAÇÃO","Educação Inclusiva",Educação,"Ensino Fundamental",1041,"Educação Inclusiva","Aplicacoes Diretas",151,33900000000000,"Aplicacoes Diretas","PREFEITURA MUNICIPAL DE CRICIUMA","DESPESAS CORRENTES",200000,0,200000,0,0,0,0,0,0,0,0,0,0,0.0,0.0,0.0,0.0,0.0,0.0,"fontesRecursos_6c29772a-42e0-4203-9898-aa4d5a849276.csv","informacaoPlanejamento_00724bab-0544-4f42-89a2-4dbecffbbfad.csv"," "," "," "
"PREFEITURA MUNICIPAL DE CRICIUMA",2024,"GESTÃO DE QUALIDADE NA PERSPECTIVA DA EDUCAÇÃO INCLUSIVA","Educação Inclusiva","Implementara Politica Nacional de Educação Especial na perspectiva da Educação Inclusiva e o atendimento educacional especializado a toda rede; Garantir a oferta de Formação Bilingue em Lingua Brasileira de Sinais (LIBRAS); Articular o Convenio com Associação ADVISUL; Criar uma escola Polo de atencimento Bilingue; Adquirir materiais pedagogicos  para o atendimento dos alunos cegos.","SEC. MUN. DE EDUCAÇÃO","Educação Inclusiva",Educação,"Ensino Fundamental",1041,"Educação Inclusiva","Aplicacoes Diretas",152,44900000000000,"Aplicacoes Diretas","PREFEITURA MUNICIPAL DE CRICIUMA","DESPESAS DE CAPITAL",150000,0,150000,0,0,0,0,0,0,0,0,0,0,0.0,0.0,0.0,0.0,0.0,0.0,"fontesRecursos_8459a3e0-8188-4626-9aa7-c3b6e9a08aeb.csv","informacaoPlanejamento_d5363c91-fc76-4ad4-8326-bf624f7bf2d1.csv"," "," "," "
"PREFEITURA MUNICIPAL DE CRICIUMA",2024,"GESTÃO DE QUALIDADE NA PERSPECTIVA DA EDUCAÇÃO INCLUSIVA","Educação Inclusiva","Implementara Politica Nacional de Educação Especial na perspectiva da Educação Inclusiva e o atendimento educacional especializado a toda rede; Garantir a oferta de Formação Bilingue em Lingua Brasileira de Sinais (LIBRAS); Articular o Convenio com Associação ADVISUL; Criar uma escola Polo de atencimento Bilingue; Adquirir materiais pedagogicos  para o atendimento dos alunos cegos.","SEC. MUN. DE EDUCAÇÃO","Educação Inclusiva",Educação,"Ensino Fundamental",1041,"Educação Inclusiva","Aplicacoes Diretas",150,31900000000000,"Aplicacoes Diretas","PREFEITURA MUNICIPAL DE CRICIUMA","DESPESAS CORRENTES",3300000,0,3300000,2208780.54,2208780.54,2208780.54,2208780.54,0.0,2208780.54,0,2208780.54,0.0,0.0,66.93,66.93,66.93,66.93,66.93,149.4,"fontesRecursos_6a3494d3-683f-4783-9ffe-5d3748e4a9eb.csv","informacaoPlanejamento_72f0270e-dd43-4de6-9eb1-16cf135cc443.csv","empenhos_a5b2cc3e-c4b7-441a-a61e-b7b8cbfd4282.csv"," "," "
"PREFEITURA MUNICIPAL DE CRICIUMA",2024,"ESPAÇO DE FORMAÇÃO E PESQUISA ""THEREZA DÁRIO MILANEZZI""","Centro de Formação Municipal Thereza Dário Milanezzi","Promover a cultura de formação continuada de profissionais que atuam na rede municipal de educação. Proporcionar um espaço adequado para pesquisas e leituras dos profissionais da rede municipal de educação; Aquisição de espaço próprio ou construção de um espaço físico;","SEC. MUN. DE EDUCAÇÃO","Centro de Formação Mun. Thereza Dário Milanezzi",Educação,"Ensino Fundamental",1042,"Centro de Formação Municipal Thereza Dário Milanezzi","Aplicacoes Diretas",149,44900000000000,"Aplicacoes Diretas","PREFEITURA MUNICIPAL DE CRICIUMA","DESPESAS DE CAPITAL",100000,0,100000,19189.0,19189.0,19189.0,19189.0,0.0,19189.0,0,19189.0,0.0,0.0,19.19,19.19,19.19,19.19,19.19,521.13,"fontesRecursos_822983c3-e1bd-4275-9589-2bb83bd435e5.csv","informacaoPlanejamento_f05f5421-b452-4b87-ba0e-9d6ae209a6c2.csv","empenhos_89a93adb-185c-44fd-b15e-d537ae968933.csv"," "," "
"PREFEITURA MUNICIPAL DE CRICIUMA",2024,"GESTÃO DE QUALIDADE NO ENSINO","Transporte Escolar","Garantir espaço educativo adequado para a promoção da formação humana; fornecer materiais de consumo e didático, generos alimenticios, limpeza e outros paa as escolas e CEIMs; Acompanhar e das suporte administrativo e financeiro as Unidades Escolares; Manter e ampliar os espaços fisicos internos e externos das escolas e CEIMs.","SEC. MUN. DE EDUCAÇÃO","Aquisição de Veículos/Transp. de Alunos",Educação,"Ensino Fundamental",1035,"Transporte Escolar","Aplicacoes Diretas",143,44900000000000,"Aplicacoes Diretas","PREFEITURA MUNICIPAL DE CRICIUMA","DESPESAS DE CAPITAL",1150000,-1150000,0,0,0,0,0,0,0,0,0,0,0,0.0,0.0,0.0,0.0,0.0,0.0,"fontesRecursos_c0e2a4b8-0c89-4ded-a185-475e1a8febdc.csv","informacaoPlanejamento_f9fe7089-2085-4fa4-a317-8db0dcf505d0.csv"," ","suplementacoes_631972f9-136d-4a2e-8b30-70b3525fae61.csv"," "
"PREFEITURA MUNICIPAL DE CRICIUMA",2024,"GESTÃO DE QUALIDADE - PROEJA - PROGRAMA DE EDUCAÇÃO DE EDUCAÇÃO DE JOVENS E ADULTOS","Alfabetização de Jovens e Adultos","Ampliar o acesso e permanencia dos jovens e adultos sem escolaridade no PROEJA; Qualificar profissionalmente os jovens e adultos atencidos pelo Programa, por meio de parcerias; Criar uma unidade Polo do Programa (NEJAC - Nucleo Educacional de Jovens e Adultos de Criciuma).","SEC. MUN. DE EDUCAÇÃO","Alfabetização de Jovens e Adultos - PROEJA",Educação,"Ensino Fundamental",1040,"Alfabetização de Jovens e Adultos","Aplicacoes Diretas",126,33900000000000,"Aplicacoes Diretas","PREFEITURA MUNICIPAL DE CRICIUMA","DESPESAS CORRENTES",100000,100000,200000,100000.0,7786.0,7786.0,7786.0,0.0,7621.62,0,7621.62,164.38,164.38,100.0,50.0,7.79,3.89,7.62,2624.11,"fontesRecursos_057b8c95-f19e-48f9-9bdf-04b1c1340b4b.csv","informacaoPlanejamento_dab65f4a-1236-497a-9ab4-8f78fb774372.csv","empenhos_51178558-7799-4095-8847-fcbc8fc9a07f.csv","suplementacoes_57c887e5-2c79-435a-8236-5bafc75b1829.csv"," "
"PREFEITURA MUNICIPAL DE CRICIUMA",2024,"GESTÃO FISCAL E FINANCEIRA","Manut. da Tesouraria e Contabilidade - Financeiro","Que as receitas possam crescer o suficiente para podermos cobrir as despesas fixas, e ainda obtermos sobra para os investimentos.","SEC. MUN. DA FAZENDA",Financeiro,Administração,"Administração Financeira",1023,"Manut. da Tesouraria e Contabilidade - Financeiro","Aplicacoes Diretas",72,31900000000000,"Aplicacoes Diretas","PREFEITURA MUNICIPAL DE CRICIUMA","DESPESAS CORRENTES",2000000,-732000,1268000,1210988.53,1210988.53,1210988.53,1210988.53,0.0,1210988.53,0,1210988.53,0.0,0.0,60.55,95.5,60.55,95.5,60.55,104.71,"fontesRecursos_10625bbe-94e2-46d0-bfe9-987c554b66a0.csv","informacaoPlanejamento_106f1ebd-1f4a-466c-9b47-56d7e84cb342.csv","empenhos_6bdd3e5c-0b7c-4dd2-9620-630f42b349c0.csv","suplementacoes_23af798a-2589-46f2-afb4-799876e1a4b1.csv"," "
"PREFEITURA MUNICIPAL DE CRICIUMA",2024,"GESTÃO ADMINISTRATIVA","Manut. da Coordenadoria de Organizações Comunitarias","Planejar a gestão publica atraves de implementações de dados gerenciais visando a redução de custos, e estrategicas na defesa civil do municipio.","GABINETE DO PREFEITO","Coord. Mun. de Integração Comunitária",Administração,"Administração Geral",1007,"Manut. da Coordenadoria de Organizações Comunitarias","Aplicacoes Diretas",35,44900000000000,"Aplicacoes Diretas","PREFEITURA MUNICIPAL DE CRICIUMA","DESPESAS DE CAPITAL",20000,0,20000,0,0,0,0,0,0,0,0,0,0,0.0,0.0,0.0,0.0,0.0,0.0,"fontesRecursos_870b605a-5926-4938-9b34-cf7e52e541f6.csv","informacaoPlanejamento_103add3f-4526-496c-98f9-8647d6991ef6.csv"," "," "," "
"PREFEITURA MUNICIPAL DE CRICIUMA",2024,"GESTÃO ADMINISTRATIVA","Manut. da Coordenadoria de Organizações Comunitarias","Planejar a gestão publica atraves de implementações de dados gerenciais visando a redução de custos, e estrategicas na defesa civil do municipio.","GABINETE DO PREFEITO","Coord. Mun. de Integração Comunitária",Administração,"Administração Geral",1007,"Manut. da Coordenadoria de Organizações Comunitarias","Aplicacoes Diretas",34,33900000000000,"Aplicacoes Diretas","PREFEITURA MUNICIPAL DE CRICIUMA","DESPESAS CORRENTES",20000,0,20000,10000.0,43.65,43.65,43.65,0.0,43.65,0,43.65,0.0,0.0,50.0,50.0,0.22,0.22,0.22,45819.01,"fontesRecursos_84c45fad-f774-429f-aba2-024ac1cd14f4.csv","informacaoPlanejamento_08969a5d-1802-4ac4-b6f9-6ab69a098fec.csv","empenhos_d53ffc30-582b-4bb9-8841-ef526dff6abf.csv"," "," "
"PREFEITURA MUNICIPAL DE CRICIUMA",2024,"AVANÇAR CRICIUMA","Manut. do Fdo de Desenvolvimento Municipal/FUNDEM","Elaborar projetos arquitetônicos, urbanísticos e geométricos (rodoviários) de espaços públicos; Revisar e regulamentar constantemente a legislação urbanística do Plano Diretor; Executar obras de edificações e espaços públicos de interesse da coletividade. Garantir o desenvolvimento econômico do município por meio de execução de obras significativas ao crescimento urbano.Tornar à cidade mais humanizada, bonita e agradável de se viver, sempre em conformidade com o novo Plano Diretor do Municipio.","SEC. M. DE INFRAEST.,PLANEJ. E MOBILIDADE URBANA","Manut. Fdo. de Desenvolvimento Municipal/FUNDEM",Administração,"Administração Geral",1220,"Manut. do Fdo de Desenvolvimento Municipal/FUNDEM","Aplicacoes Diretas",215,44900000000000,"Aplicacoes Diretas","PREFEITURA MUNICIPAL DE CRICIUMA","DESPESAS DE CAPITAL",1500000,-1500000,0,0,0,0,0,0,0,0,0,0,0,0.0,0.0,0.0,0.0,0.0,0.0,"fontesRecursos_df845b61-3b97-46b0-9fba-df3c78e21029.csv","informacaoPlanejamento_7d794828-80f9-4f5d-8da4-81e0833b23e5.csv"," ","suplementacoes_9de942e3-fbd3-48d5-989c-00e55d4908fa.csv"," "
"PREFEITURA MUNICIPAL DE CRICIUMA",2024,"GESTÃO FISCAL E FINANCEIRA","Manut. da Tesouraria e Contabilidade - Financeiro","Que as receitas possam crescer o suficiente para podermos cobrir as despesas fixas, e ainda obtermos sobra para os investimentos.","SEC. MUN. DA FAZENDA",Financeiro,Administração,"Administração Financeira",1023,"Manut. da Tesouraria e Contabilidade - Financeiro","Aplicacoes Diretas",74,33900000000000,"Aplicacoes Diretas","PREFEITURA MUNICIPAL DE CRICIUMA","DESPESAS CORRENTES",13000000,835000,13835000,1.383298862E7,1.342653607E7,1.269192981E7,1.269192981E7,734606.26,1.267674529E7,0,1.267674529E7,749790.78,15184.52,106.41,99.99,97.63,91.74,97.51,109.14,"fontesRecursos_1e94dc86-2639-44ee-aade-6c8d0c9a114a.csv","informacaoPlanejamento_e4bd9646-e98e-4547-86dc-ac5b71dcdcc9.csv","empenhos_48bb7620-c622-40f6-a34b-2705f59de77c.csv","suplementacoes_02438549-6599-4c81-a8b2-908839e717a4.csv"," "
"PREFEITURA MUNICIPAL DE CRICIUMA",2024,"GESTÃO FISCAL E FINANCEIRA","Manut. da Tesouraria e Contabilidade - Financeiro","Que as receitas possam crescer o suficiente para podermos cobrir as despesas fixas, e ainda obtermos sobra para os investimentos.","SEC. MUN. DA FAZENDA",Financeiro,Administração,"Administração Financeira",1023,"Manut. da Tesouraria e Contabilidade - Financeiro","Aplicacoes Diretas",75,44900000000000,"Aplicacoes Diretas","PREFEITURA MUNICIPAL DE CRICIUMA","DESPESAS DE CAPITAL",50000,-50000,0,0,0,0,0,0,0,0,0,0,0,0.0,0.0,0.0,0.0,0.0,0.0,"fontesRecursos_0ffbb462-1e24-4952-b2ca-7ce129262327.csv","informacaoPlanejamento_f7f0debf-6349-41c8-881c-510434faf2b4.csv"," ","suplementacoes_69fad63c-6d1f-47ed-a375-29d8df36d835.csv"," "
"PREFEITURA MUNICIPAL DE CRICIUMA",2024,"GESTÃO FISCAL E FINANCEIRA","Manut. da Tesouraria e Contabilidade - Financeiro","Que as receitas possam crescer o suficiente para podermos cobrir as despesas fixas, e ainda obtermos sobra para os investimentos.","SEC. MUN. DA FAZENDA",Financeiro,Administração,"Administração Financeira",1023,"Manut. da Tesouraria e Contabilidade - Financeiro","Transferencias a Instituicoes Privadas sem Fins Lu",73,33500000000000,"Transferencias a Instituicoes Privadas sem Fins Lu","PREFEITURA MUNICIPAL DE CRICIUMA","DESPESAS CORRENTES",100000,-53000,47000,45000.0,41136.0,37708.0,37708.0,3428.0,37708.0,0,37708.0,3428.0,0.0,45.0,95.74,37.71,80.23,37.71,124.64,"fontesRecursos_5c118ee1-2969-4574-a78a-dc1fc0fc97ff.csv","informacaoPlanejamento_dc5cbe4f-d04b-4b05-805b-7ca0d7e36e6c.csv","empenhos_b470e5f4-c543-4476-b5d5-70c522c27732.csv","suplementacoes_7b30e071-4b81-4fda-921a-76114160b79a.csv"," "
"PREFEITURA MUNICIPAL DE CRICIUMA",2024,"GESTÃO DE QUALIDADE NO ENSINO","Parque Astronômico","Garantir espaço educativo adequado para a promoção da formação humana; fornecer materiais de consumo e didático, generos alimenticios, limpeza e outros paa as escolas e CEIMs; Acompanhar e das suporte administrativo e financeiro as Unidades Escolares; Manter e ampliar os espaços fisicos internos e externos das escolas e CEIMs.","SEC. MUN. DE EDUCAÇÃO","Parque Astronômico",Educação,"Ensino Fundamental",1226,"Parque Astronômico","Aplicacoes Diretas",161,44900000000000,"Aplicacoes Diretas","PREFEITURA MUNICIPAL DE CRICIUMA","DESPESAS DE CAPITAL",6500000,-1050000,5450000,0,0,0,0,0,0,0,0,0,0,0.0,0.0,0.0,0.0,0.0,0.0,"fontesRecursos_30f797ba-a101-4847-b46e-16d80f0de587.csv","informacaoPlanejamento_afb86bdd-4de4-495e-bb3e-2df8424b04fe.csv"," ","suplementacoes_3e4fa21d-79c6-4051-bfd1-5feeb0b90320.csv"," "
"PREFEITURA MUNICIPAL DE CRICIUMA",2024,"DIVERSIDADE ETNICO-RACIAL/PERSPECTIVA INCLUSIVA","Diversidade Etnica Racial","Reduzir as desigualdades raciais existentes nas estruturas de poder e que perpassam o sistema sócio/educacional/econômico no município, atendendo o ensino da educação básica e seus profissionais no processo das relações sociais de diversidade étnico-racial. Adquirir livros de literatura infanto-juvenil, brinquedos ejogos. Promover o I Seminário de Africanidades.","SEC. MUN. DE EDUCAÇÃO","Diversidade Étnica Racial",Educação,"Ensino Fundamental",1044,"Diversidade Etnica Racial","Aplicacoes Diretas",157,31900000000000,"Aplicacoes Diretas","PREFEITURA MUNICIPAL DE CRICIUMA","DESPESAS CORRENTES",170000,40000,210000,181936.79,181936.79,181936.79,181936.79,0.0,181936.79,0,181936.79,0.0,0.0,107.02,86.64,107.02,86.64,107.02,115.42,"fontesRecursos_07a4699c-7d0c-4daf-8893-e04fa6ef4afd.csv","informacaoPlanejamento_97c908a1-ff20-4b58-9ede-a86eaec590e8.csv","empenhos_47b7344e-5333-49d6-a9b7-210a6d1fa945.csv","suplementacoes_bff4e0ef-7706-43a9-824f-e85091af8f9f.csv"," "
"PREFEITURA MUNICIPAL DE CRICIUMA",2024,"DIVERSIDADE ETNICO-RACIAL/PERSPECTIVA INCLUSIVA","Diversidade Etnica Racial","Reduzir as desigualdades raciais existentes nas estruturas de poder e que perpassam o sistema sócio/educacional/econômico no município, atendendo o ensino da educação básica e seus profissionais no processo das relações sociais de diversidade étnico-racial. Adquirir livros de literatura infanto-juvenil, brinquedos ejogos. Promover o I Seminário de Africanidades.","SEC. MUN. DE EDUCAÇÃO","Diversidade Étnica Racial",Educação,"Ensino Fundamental",1044,"Diversidade Etnica Racial","Aplicacoes Diretas",159,44900000000000,"Aplicacoes Diretas","PREFEITURA MUNICIPAL DE CRICIUMA","DESPESAS DE CAPITAL",20000,-20000,0,0,0,0,0,0,0,0,0,0,0,0.0,0.0,0.0,0.0,0.0,0.0,"fontesRecursos_54a848ad-87f6-4da7-9cc1-e17e2bf45e8f.csv","informacaoPlanejamento_a5cc4060-c8fa-4986-a4aa-d306cbf20506.csv"," ","suplementacoes_707c6088-a892-43a7-864a-4243ec68caae.csv"," "
"PREFEITURA MUNICIPAL DE CRICIUMA",2024,"GESTÃO DE QUALIDADE - PROEJA - PROGRAMA DE EDUCAÇÃO DE EDUCAÇÃO DE JOVENS E ADULTOS","Alfabetização de Jovens e Adultos","Ampliar o acesso e permanencia dos jovens e adultos sem escolaridade no PROEJA; Qualificar profissionalmente os jovens e adultos atencidos pelo Programa, por meio de parcerias; Criar uma unidade Polo do Programa (NEJAC - Nucleo Educacional de Jovens e Adultos de Criciuma).","SEC. MUN. DE EDUCAÇÃO","Alfabetização de Jovens e Adultos - PROEJA",Educação,"Ensino Fundamental",1040,"Alfabetização de Jovens e Adultos","Aplicacoes Diretas",125,31900000000000,"Aplicacoes Diretas","PREFEITURA MUNICIPAL DE CRICIUMA","DESPESAS CORRENTES",1300000,0,1300000,845504.01,845504.01,845504.01,845504.01,0.0,845504.01,0,845504.01,0.0,0.0,65.04,65.04,65.04,65.04,65.04,153.75,"fontesRecursos_2d30f478-cbe1-4f1f-a3d4-edb687fb86c7.csv","informacaoPlanejamento_38795be1-e47f-40cb-9545-97ffd6ac1fd7.csv","empenhos_a4fdbfba-6579-4fd4-ba0e-5d8a70571cb6.csv"," "," "
"PREFEITURA MUNICIPAL DE CRICIUMA",2024,"GESTÃO FISCAL E FINANCEIRA","Manut. Fdo. Gerência de Agricultura e Agronegócio","Que as receitas possam crescer o suficiente para podermos cobrir as despesas fixas, e ainda obtermos sobra para os investimentos.","SEC. MUN. DA FAZENDA",Agricultura,Agricultura,"Extensão Rural",1026,"Manut. Fdo. Gerência de Agricultura e Agronegócio","Aplicacoes Diretas",93,33900000000000,"Aplicacoes Diretas","PREFEITURA MUNICIPAL DE CRICIUMA","DESPESAS CORRENTES",1350000,0,1350000,199780.51,177753.3,169707.15,169252.65,8500.65,169707.15,454.5,169252.65,8500.65,0.0,14.8,14.8,12.57,12.57,12.57,795.49,"fontesRecursos_402bf747-8751-49ab-9b44-24b108d34d3a.csv","informacaoPlanejamento_f74808e2-fc61-43b1-a382-978790cc4f12.csv","empenhos_ed7affc5-c29b-4e75-99c1-cb62f81410f3.csv"," "," "
"PREFEITURA MUNICIPAL DE CRICIUMA",2024,"AVANÇAR CRICIUMA","Oficinas e Garagens","Elaborar projetos arquitetônicos, urbanísticos e geométricos (rodoviários) de espaços públicos; Revisar e regulamentar constantemente a legislação urbanística do Plano Diretor; Executar obras de edificações e espaços públicos de interesse da coletividade. Garantir o desenvolvimento econômico do município por meio de execução de obras significativas ao crescimento urbano.Tornar à cidade mais humanizada, bonita e agradável de se viver, sempre em conformidade com o novo Plano Diretor do Municipio.","SEC. M. DE INFRAEST.,PLANEJ. E MOBILIDADE URBANA","Oficinas e Garagens",Administração,"Administração Geral",1083,"Oficinas e Garagens","Aplicacoes Diretas",209,33900000000000,"Aplicacoes Diretas","PREFEITURA MUNICIPAL DE CRICIUMA","DESPESAS CORRENTES",550000,52000,602000,599894.8,567550.43,566084.11,566084.11,1466.32,565771.72,0,565771.72,1778.71,312.39,109.07,99.65,102.92,94.03,102.87,106.4,"fontesRecursos_cdccdb55-32a9-4bc7-b3c5-7e4cf160f005.csv","informacaoPlanejamento_8d6884b1-3060-4b67-a7dc-18986a1d8d01.csv","empenhos_a3afe087-7f24-4872-b42a-eff968bc788e.csv","suplementacoes_319da63d-724d-4e91-8c01-0186f24ebe2a.csv"," "
"PREFEITURA MUNICIPAL DE CRICIUMA",2024,"AVANÇAR CRICIUMA","Oficinas e Garagens","Elaborar projetos arquitetônicos, urbanísticos e geométricos (rodoviários) de espaços públicos; Revisar e regulamentar constantemente a legislação urbanística do Plano Diretor; Executar obras de edificações e espaços públicos de interesse da coletividade. Garantir o desenvolvimento econômico do município por meio de execução de obras significativas ao crescimento urbano.Tornar à cidade mais humanizada, bonita e agradável de se viver, sempre em conformidade com o novo Plano Diretor do Municipio.","SEC. M. DE INFRAEST.,PLANEJ. E MOBILIDADE URBANA","Oficinas e Garagens",Administração,"Administração Geral",1083,"Oficinas e Garagens","Aplicacoes Diretas",210,44900000000000,"Aplicacoes Diretas","PREFEITURA MUNICIPAL DE CRICIUMA","DESPESAS DE CAPITAL",500000,-500000,0,0,0,0,0,0,0,0,0,0,0,0.0,0.0,0.0,0.0,0.0,0.0,"fontesRecursos_90cbd067-71e6-40d5-ab0a-534f51dcb7f9.csv","informacaoPlanejamento_02efd0d4-9261-416c-bc19-4082de43c063.csv"," ","suplementacoes_8f2270c9-f011-4dce-85be-578d379efb60.csv"," "
"PREFEITURA MUNICIPAL DE CRICIUMA",2024,"GESTÃO FISCAL E FINANCEIRA","Manut. Fdo. Gerência de Agricultura e Agronegócio","Que as receitas possam crescer o suficiente para podermos cobrir as despesas fixas, e ainda obtermos sobra para os investimentos.","SEC. MUN. DA FAZENDA",Agricultura,Agricultura,"Extensão Rural",1026,"Manut. Fdo. Gerência de Agricultura e Agronegócio","Aplicacoes Diretas",95,44900000000000,"Aplicacoes Diretas","PREFEITURA MUNICIPAL DE CRICIUMA","DESPESAS DE CAPITAL",720000,-422000,298000,4843.0,4843.0,0,0,4843.0,0,0,0,4843.0,0,0.67,1.63,0.0,0.0,0.0,0.0,"fontesRecursos_95dfb955-d83e-4aba-9540-1c94066c4e4e.csv","informacaoPlanejamento_adce37e2-a878-4edd-ae9f-0060071dcb2a.csv","empenhos_45c09ba2-ef00-4fc6-b1d0-62007771d245.csv","suplementacoes_7f4cfce6-1a14-4e3c-968d-c5b0560e9989.csv"," "
"PREFEITURA MUNICIPAL DE CRICIUMA",2024,"GESTÃO FISCAL E FINANCEIRA","Manut. Fdo. Gerência de Agricultura e Agronegócio","Que as receitas possam crescer o suficiente para podermos cobrir as despesas fixas, e ainda obtermos sobra para os investimentos.","SEC. MUN. DA FAZENDA",Agricultura,Agricultura,"Extensão Rural",1026,"Manut. Fdo. Gerência de Agricultura e Agronegócio","Transf. a Consórcios Públicos",89,31710000000000,"Transf. a Consórcios Públicos","PREFEITURA MUNICIPAL DE CRICIUMA","DESPESAS CORRENTES",20000,150000,170000,139048.27,139048.27,0,0,139048.27,0,0,0,139048.27,0,695.24,81.79,0.0,0.0,0.0,0.0,"fontesRecursos_d765f09d-5223-4cd1-b9cd-b98d90bc4a10.csv","informacaoPlanejamento_cee9debd-c026-4406-b858-b3a99dd737dd.csv","empenhos_748d2756-adea-47d2-864b-77a04f220760.csv","suplementacoes_83e146a3-a14e-42f7-9f63-c18988ca10d5.csv"," "
"PREFEITURA MUNICIPAL DE CRICIUMA",2024,"GESTÃO ADMINISTRATIVA","Manut. da Coordenadoria de Organizações Comunitarias","Planejar a gestão publica atraves de implementações de dados gerenciais visando a redução de custos, e estrategicas na defesa civil do municipio.","GABINETE DO PREFEITO","Coord. Mun. de Integração Comunitária",Administração,"Administração Geral",1007,"Manut. da Coordenadoria de Organizações Comunitarias","Aplicacoes Diretas",33,31900000000000,"Aplicacoes Diretas","PREFEITURA MUNICIPAL DE CRICIUMA","DESPESAS CORRENTES",100000,0,100000,0,0,0,0,0,0,0,0,0,0,0.0,0.0,0.0,0.0,0.0,0.0,"fontesRecursos_d7a29dbb-1ddc-4d6c-8df6-a6aaff5401a5.csv","informacaoPlanejamento_5de80456-f809-409b-97b5-67b9b21fcbbc.csv"," "," "," "
"PREFEITURA MUNICIPAL DE CRICIUMA",2024,"GESTÃO FISCAL E FINANCEIRA","Manut. da Arrecadação, Fiscalização, Cadastro Imobiliario","Que as receitas possam crescer o suficiente para podermos cobrir as despesas fixas, e ainda obtermos sobra para os investimentos.","SEC. MUN. DA FAZENDA","Arrecadação e Fiscalização",Administração,"Administração Geral",1022,"Manut. da Arrecadação, Fiscalização, Cadastro Imobiliario","Aplicacoes Diretas",88,44900000000000,"Aplicacoes Diretas","PREFEITURA MUNICIPAL DE CRICIUMA","DESPESAS DE CAPITAL",150000,0,150000,0,0,0,0,0,0,0,0,0,0,0.0,0.0,0.0,0.0,0.0,0.0,"fontesRecursos_c6480fd0-43d5-495a-be7b-27b7164a2c04.csv","informacaoPlanejamento_fb87f8e0-5505-48ab-af5b-8560f7cf222f.csv"," "," "," "
"PREFEITURA MUNICIPAL DE CRICIUMA",2024,"GESTÃO FISCAL E FINANCEIRA","Manut. da Arrecadação, Fiscalização, Cadastro Imobiliario","Que as receitas possam crescer o suficiente para podermos cobrir as despesas fixas, e ainda obtermos sobra para os investimentos.","SEC. MUN. DA FAZENDA","Arrecadação e Fiscalização",Administração,"Administração Geral",1022,"Manut. da Arrecadação, Fiscalização, Cadastro Imobiliario","Aplicacoes Diretas",85,31900000000000,"Aplicacoes Diretas","PREFEITURA MUNICIPAL DE CRICIUMA","DESPESAS CORRENTES",6100000,500000,6600000,6385207.15,6385207.15,6385207.15,6385207.15,0.0,6385207.15,0,6385207.15,0.0,0.0,104.68,96.75,104.68,96.75,104.68,103.36,"fontesRecursos_dafd81be-20fa-4b44-bc73-6b9a7ba84c20.csv","informacaoPlanejamento_d265a2b6-1b7e-42d7-aed7-07480386fe62.csv","empenhos_dc5610ff-4542-4820-ac0d-61caa6ae28ad.csv","suplementacoes_aac3f756-6a89-4bce-84be-1bd843b54a5c.csv"," "
"PREFEITURA MUNICIPAL DE CRICIUMA",2024,"GESTÃO FISCAL E FINANCEIRA","Manut. da Arrecadação, Fiscalização, Cadastro Imobiliario","Que as receitas possam crescer o suficiente para podermos cobrir as despesas fixas, e ainda obtermos sobra para os investimentos.","SEC. MUN. DA FAZENDA","Arrecadação e Fiscalização",Administração,"Administração Geral",1022,"Manut. da Arrecadação, Fiscalização, Cadastro Imobiliario","Aplicação Direta Decorrente de Op.entre Órgãos",87,33930000000000,"Aplicação Direta Decorrente de Op.entre Órgãos","PREFEITURA MUNICIPAL DE CRICIUMA","DESPESAS CORRENTES",50000,0,50000,0,0,0,0,0,0,0,0,0,0,0.0,0.0,0.0,0.0,0.0,0.0,"fontesRecursos_3db45aab-f157-4a49-9732-294b63f9b061.csv","informacaoPlanejamento_cf79709d-7f56-43e5-897f-a189f915c60e.csv"," "," "," "
"PREFEITURA MUNICIPAL DE CRICIUMA",2024,"OPERAÇÕES ESPECIAIS","Amortização/juros/Setenças/Ações Judiciais/Aposentados e Pensionistas","Que a administração nao efetue contratações impensadas, ou financiamentos impossiveis de se cumprir, alem de efetuar análise das dividas que estão sendo0 executadas. E que a folha dos aposentados e pensionistas sejam acompanhadas de forma estatistica e financeira.","SEC. MUN. DA FAZENDA","Gab. Secretaria da Fazenda",Administração,"Administração Geral",1001,"Amortização/juros/Setenças/Ações Judiciais/Aposentados e Pensionistas","Aplicações Diretas-Oper. Intra-Orçamentária",61,46910000000000,"Aplicações Diretas-Oper. Intra-Orçamentária","PREFEITURA MUNICIPAL DE CRICIUMA","DESPESAS DE CAPITAL",14000000,-8495000,5505000,4819988.46,4819988.46,4819988.46,4819988.46,0.0,4819988.46,0,4819988.46,0.0,0.0,34.43,87.56,34.43,87.56,34.43,114.21,"fontesRecursos_0ea781d0-6338-43ab-8d5b-1a3710fcfb6a.csv","informacaoPlanejamento_664387db-0282-4f13-8aa3-39104f8986a6.csv","empenhos_79ca57f6-b79d-4d92-9ba8-5be9a1769673.csv","suplementacoes_ddc8ad75-3f0c-4fde-8ccf-2ca878567209.csv"," "
"PREFEITURA MUNICIPAL DE CRICIUMA",2024,"OPERAÇÕES ESPECIAIS","Amortização/juros/Setenças/Ações Judiciais/Aposentados e Pensionistas","Que a administração nao efetue contratações impensadas, ou financiamentos impossiveis de se cumprir, alem de efetuar análise das dividas que estão sendo0 executadas. E que a folha dos aposentados e pensionistas sejam acompanhadas de forma estatistica e financeira.","SEC. MUN. DA FAZENDA","Gab. Secretaria da Fazenda",Administração,"Administração Geral",1001,"Amortização/juros/Setenças/Ações Judiciais/Aposentados e Pensionistas","Aplicacoes Diretas",57,32900000000000,"Aplicacoes Diretas","PREFEITURA MUNICIPAL DE CRICIUMA","DESPESAS CORRENTES",22300000,6189000,28489000,2.944518975E7,2.631919244E7,2.591040605E7,2.536248757E7,956704.87,2.579938164E7,438000.02,2.536138162E7,957810.82,1105.95,132.04,103.36,116.19,90.95,115.69,110.43,"fontesRecursos_f4df1639-0fff-4fea-bf06-95d789c34d6f.csv","informacaoPlanejamento_817aa4da-7c82-458a-a0ca-3d015bf38a98.csv","empenhos_8b441ddb-a85a-40b5-8bb8-603c91056563.csv","suplementacoes_4c134227-a09d-4351-814e-be9383abef6c.csv"," "
"PREFEITURA MUNICIPAL DE CRICIUMA",2024,"OPERAÇÕES ESPECIAIS","Amortização/juros/Setenças/Ações Judiciais/Aposentados e Pensionistas","Que a administração nao efetue contratações impensadas, ou financiamentos impossiveis de se cumprir, alem de efetuar análise das dividas que estão sendo0 executadas. E que a folha dos aposentados e pensionistas sejam acompanhadas de forma estatistica e financeira.","SEC. MUN. DA FAZENDA","Gab. Secretaria da Fazenda",Administração,"Administração Geral",1001,"Amortização/juros/Setenças/Ações Judiciais/Aposentados e Pensionistas","Aplicacoes Diretas",60,46900000000000,"Aplicacoes Diretas","PREFEITURA MUNICIPAL DE CRICIUMA","DESPESAS DE CAPITAL",30200000,8582056.12,3.878205612E7,4.731144001E7,3.134415852E7,3.983307566E7,3.023913401E7,1105024.51,3.976131609E7,9522182.08,3.023913401E7,1105024.51,0.0,156.66,121.99,131.9,102.71,131.66,97.54,"fontesRecursos_61aebd2e-f0bb-422f-809a-5f51672ed626.csv","informacaoPlanejamento_20f00a40-6a4f-4343-8ead-149dd4cbf01b.csv","empenhos_e7f0a8e8-18cc-4979-af8c-37df6b6ad0d3.csv","suplementacoes_adbd905b-0900-4693-8cb0-31f36b13abe6.csv"," "
"PREFEITURA MUNICIPAL DE CRICIUMA",2024,"OPERAÇÕES ESPECIAIS","Amortização/juros/Setenças/Ações Judiciais/Aposentados e Pensionistas","Que a administração nao efetue contratações impensadas, ou financiamentos impossiveis de se cumprir, alem de efetuar análise das dividas que estão sendo0 executadas. E que a folha dos aposentados e pensionistas sejam acompanhadas de forma estatistica e financeira.","SEC. MUN. DA FAZENDA","Gab. Secretaria da Fazenda",Administração,"Administração Geral",1001,"Amortização/juros/Setenças/Ações Judiciais/Aposentados e Pensionistas","Aplicações Diretas-Oper. Intra-Orçamentárias",58,32910000000000,"Aplicações Diretas-Oper. Intra-Orçamentárias","PREFEITURA MUNICIPAL DE CRICIUMA","DESPESAS CORRENTES",15000000,-6565000,8435000,8314122.83,7713286.9,8259092.58,7713286.9,0.0,8259092.58,545805.68,7713286.9,0.0,0.0,55.43,98.57,55.06,97.91,55.06,102.13,"fontesRecursos_40bbda3f-ae50-4036-b97e-bb906a1748cf.csv","informacaoPlanejamento_502c9102-a7e2-4111-955c-8c682a329ebb.csv","empenhos_5797a3e1-895d-410b-9301-d6603d6c5e2a.csv","suplementacoes_32f43eb4-7af1-4a0d-b102-c5ff9c7a03df.csv"," "
"PREFEITURA MUNICIPAL DE CRICIUMA",2024,"OPERAÇÕES ESPECIAIS","Amortização/juros/Setenças/Ações Judiciais/Aposentados e Pensionistas","Que a administração nao efetue contratações impensadas, ou financiamentos impossiveis de se cumprir, alem de efetuar análise das dividas que estão sendo0 executadas. E que a folha dos aposentados e pensionistas sejam acompanhadas de forma estatistica e financeira.","SEC. MUN. DA FAZENDA","Gab. Secretaria da Fazenda",Administração,"Administração Geral",1001,"Amortização/juros/Setenças/Ações Judiciais/Aposentados e Pensionistas","Aplicacoes Diretas",56,31900000000000,"Aplicacoes Diretas","PREFEITURA MUNICIPAL DE CRICIUMA","DESPESAS CORRENTES",16000000,-1870000,14130000,1.380853304E7,1.380853304E7,1.380853304E7,1.380853304E7,0.0,1.380853304E7,0,1.380853304E7,0.0,0.0,86.3,97.72,86.3,97.72,86.3,102.33,"fontesRecursos_df25ed96-c69e-425d-95c4-31d34f5917e3.csv","informacaoPlanejamento_59a1dd00-a3fe-4d5c-8095-32abc9f54056.csv","empenhos_2002a0a1-3368-4051-b774-8961664b6d87.csv","suplementacoes_3b35f700-2dcf-4dca-a261-78bc66ca6738.csv"," "
"PREFEITURA MUNICIPAL DE CRICIUMA",2024,"OPERAÇÕES ESPECIAIS","Amortização/juros/Setenças/Ações Judiciais/Aposentados e Pensionistas","Que a administração nao efetue contratações impensadas, ou financiamentos impossiveis de se cumprir, alem de efetuar análise das dividas que estão sendo0 executadas. E que a folha dos aposentados e pensionistas sejam acompanhadas de forma estatistica e financeira.","SEC. MUN. DA FAZENDA","Gab. Secretaria da Fazenda",Administração,"Administração Geral",1001,"Amortização/juros/Setenças/Ações Judiciais/Aposentados e Pensionistas","Aplicacoes Diretas",59,33900000000000,"Aplicacoes Diretas","PREFEITURA MUNICIPAL DE CRICIUMA","DESPESAS CORRENTES",25000000,2135000,27135000,2.683246346E7,2.683165364E7,2.683184107E7,2.683165364E7,0.0,2.683165364E7,0,2.683165364E7,0.0,0.0,107.33,98.89,107.33,98.88,107.33,101.13,"fontesRecursos_25e788d6-b51a-4702-8eca-a1a0f5aa0bfb.csv","informacaoPlanejamento_272c06da-646a-4d92-81e8-d3dee65ad5ce.csv","empenhos_55a3ff73-a586-43d3-a488-84a96a7b48a9.csv","suplementacoes_72137071-435f-4992-a49f-23f0fb32a641.csv"," "
"PREFEITURA MUNICIPAL DE CRICIUMA",2024,"GESTÃO DE QUALIDADE NO ENSINO","Parque Astronômico","Garantir espaço educativo adequado para a promoção da formação humana; fornecer materiais de consumo e didático, generos alimenticios, limpeza e outros paa as escolas e CEIMs; Acompanhar e das suporte administrativo e financeiro as Unidades Escolares; Manter e ampliar os espaços fisicos internos e externos das escolas e CEIMs.","SEC. MUN. DE EDUCAÇÃO","Parque Astronômico",Educação,"Ensino Fundamental",1226,"Parque Astronômico","Aplicacoes Diretas",160,33900000000000,"Aplicacoes Diretas","PREFEITURA MUNICIPAL DE CRICIUMA","DESPESAS CORRENTES",1000000,0,1000000,272483.08,74829.02,69938.79,69938.79,4890.23,69889.58,0,69889.58,4939.44,49.21,27.25,27.25,6.99,6.99,6.99,1430.83,"fontesRecursos_660f1ad0-7e0c-404d-b9b0-c5b718bff672.csv","informacaoPlanejamento_8841ca8e-2942-49a1-85a9-a7b42ecb728c.csv","empenhos_65cd2687-ac35-49e0-841c-d85b4bdad4e0.csv"," "," "
"PREFEITURA MUNICIPAL DE CRICIUMA",2024,"GESTÃO FISCAL E FINANCEIRA","Manut. do Patrimonio","Que as receitas possam crescer o suficiente para podermos cobrir as despesas fixas, e ainda obtermos sobra para os investimentos.","SEC. MUN. DA FAZENDA","Gab. Secretaria da Fazenda",Administração,"Administração Geral",1025,"Manut. do Patrimonio","Aplicacoes Diretas",70,33900000000000,"Aplicacoes Diretas","PREFEITURA MUNICIPAL DE CRICIUMA","DESPESAS CORRENTES",200000,1015000,1215000,1101407.52,771129.85,719686.19,719686.19,51443.66,719686.19,0,719686.19,51443.66,0.0,550.7,90.65,359.84,59.23,359.84,168.82,"fontesRecursos_8c603113-1cf4-4537-aa98-432edad04e00.csv","informacaoPlanejamento_c9067688-f215-4a41-bd5c-72d135e4ca5d.csv","empenhos_b494e6d7-b36a-45fa-9a01-3e169f8c9893.csv","suplementacoes_71e549ed-c2b9-485b-9137-bc577bbd8214.csv"," "
"PREFEITURA MUNICIPAL DE CRICIUMA",2024,"GESTÃO FISCAL E FINANCEIRA","Manut. do Patrimonio","Que as receitas possam crescer o suficiente para podermos cobrir as despesas fixas, e ainda obtermos sobra para os investimentos.","SEC. MUN. DA FAZENDA","Gab. Secretaria da Fazenda",Administração,"Administração Geral",1025,"Manut. do Patrimonio","Aplicacoes Diretas",71,44900000000000,"Aplicacoes Diretas","PREFEITURA MUNICIPAL DE CRICIUMA","DESPESAS DE CAPITAL",200000,-200000,0,0,0,0,0,0,0,0,0,0,0,0.0,0.0,0.0,0.0,0.0,0.0,"fontesRecursos_da9de01a-ac04-44f5-8af0-48dc41f7446b.csv","informacaoPlanejamento_39dbd548-6bbd-4258-be82-4785f469569b.csv"," ","suplementacoes_ac7cace6-4b0e-4ccd-8eab-7bb31cbcd952.csv"," "
"PREFEITURA MUNICIPAL DE CRICIUMA",2024,"GESTÃO FISCAL E FINANCEIRA","Manut. do Patrimonio","Que as receitas possam crescer o suficiente para podermos cobrir as despesas fixas, e ainda obtermos sobra para os investimentos.","SEC. MUN. DA FAZENDA","Gab. Secretaria da Fazenda",Administração,"Administração Geral",1025,"Manut. do Patrimonio","Aplicacoes Diretas",69,31900000000000,"Aplicacoes Diretas","PREFEITURA MUNICIPAL DE CRICIUMA","DESPESAS CORRENTES",3500000,-815000,2685000,904542.09,904542.09,904542.09,904542.09,0.0,904542.09,0,904542.09,0.0,0.0,25.84,33.69,25.84,33.69,25.84,296.84,"fontesRecursos_b170a7cb-db52-434a-9225-ad8fb3ca3e42.csv","informacaoPlanejamento_5f9bddeb-8561-48a2-911a-402c22fa543a.csv","empenhos_a49c0941-cef2-4b30-a5ea-93167eba1ce8.csv","suplementacoes_37bb2889-a54e-4350-a919-264c89b7924c.csv"," "
"PREFEITURA MUNICIPAL DE CRICIUMA",2024,"GESTÃO FISCAL E FINANCEIRA","Manut. do Recurso Humanos, Admissões por Concursos, Capacitação Profis.","Que as receitas possam crescer o suficiente para podermos cobrir as despesas fixas, e ainda obtermos sobra para os investimentos.","SEC. MUN. DA FAZENDA","Gab. Secretaria da Fazenda",Administração,"Administração Geral",1020,"Manut. do Recurso Humanos, Admissões por Concursos, Capacitação Profis.","Aplicacoes Diretas",65,31900000000000,"Aplicacoes Diretas","PREFEITURA MUNICIPAL DE CRICIUMA","DESPESAS CORRENTES",13000000,-1250000,11750000,8958572.68,8492761.61,8107733.7,8107733.7,385027.91,8107492.07,0,8107492.07,385269.54,241.63,68.91,76.24,62.37,69.0,62.37,144.93,"fontesRecursos_7ebba3cb-3fff-4998-a702-0f1d372574fb.csv","informacaoPlanejamento_67caa9d8-236f-4606-808c-7801d620a71c.csv","empenhos_5c480a04-0669-4a35-aad2-8faa289cecbf.csv","suplementacoes_69bd4954-4952-4153-a78a-ba125ea416e4.csv"," "
"PREFEITURA MUNICIPAL DE CRICIUMA",2024,"GESTÃO FISCAL E FINANCEIRA","Manutenção do Apoio Administrativo, Contribuição a Entidades Associativas","Que as receitas possam crescer o suficiente para podermos cobrir as despesas fixas, e ainda obtermos sobra para os investimentos.","SEC. MUN. DA FAZENDA",Financeiro,Administração,"Administração Geral",1237,"Manutenção do Apoio Administrativo, Contribuição a Entidades Associativas","Transf. a Instituicoes Privadas s/ Fins Lucrativos",80,44500000000000,"Transf. a Instituicoes Privadas s/ Fins Lucrativos","PREFEITURA MUNICIPAL DE CRICIUMA","DESPESAS DE CAPITAL",300000,-200000,100000,0,0,0,0,0,0,0,0,0,0,0.0,0.0,0.0,0.0,0.0,0.0,"fontesRecursos_7852e083-b77a-4340-8ebe-488261c3d338.csv","informacaoPlanejamento_7f0915d5-84d2-4a76-b6a2-04757623ac80.csv"," ","suplementacoes_76a7ef95-1f3d-47a6-830c-f1a27744311c.csv"," "
"PREFEITURA MUNICIPAL DE CRICIUMA",2024,"GESTÃO FISCAL E FINANCEIRA","Manutenção do Apoio Administrativo, Contribuição a Entidades Associativas","Que as receitas possam crescer o suficiente para podermos cobrir as despesas fixas, e ainda obtermos sobra para os investimentos.","SEC. MUN. DA FAZENDA",Financeiro,Administração,"Administração Geral",1237,"Manutenção do Apoio Administrativo, Contribuição a Entidades Associativas","Aplicacoes Diretas",76,31900000000000,"Aplicacoes Diretas","PREFEITURA MUNICIPAL DE CRICIUMA","DESPESAS CORRENTES",3000000,4000000,7000000,3888312.6,3888312.6,3888312.6,3888312.6,0.0,3873057.55,0,3873057.55,15255.05,15255.05,129.61,55.55,129.61,55.55,129.1,180.74,"fontesRecursos_8dd38c12-0e0c-4b8a-a377-dd24aeaa1409.csv","informacaoPlanejamento_c4ab6873-b732-44e0-8330-2a7973c179a7.csv","empenhos_1b174402-e312-4734-9b1b-e005fdd9149f.csv","suplementacoes_3085977f-e102-457b-8315-e7f0f80228d8.csv"," "
"PREFEITURA MUNICIPAL DE CRICIUMA",2024,"GESTÃO FISCAL E FINANCEIRA","Manutenção do Apoio Administrativo, Contribuição a Entidades Associativas","Que as receitas possam crescer o suficiente para podermos cobrir as despesas fixas, e ainda obtermos sobra para os investimentos.","SEC. MUN. DA FAZENDA",Financeiro,Administração,"Administração Geral",1237,"Manutenção do Apoio Administrativo, Contribuição a Entidades Associativas","Transferencias a Instituicoes Privadas sem Fins Lu",78,33500000000000,"Transferencias a Instituicoes Privadas sem Fins Lu","PREFEITURA MUNICIPAL DE CRICIUMA","DESPESAS CORRENTES",1200000,-300000,900000,816183.74,816183.72,816183.72,816183.72,0.0,816183.72,0,816183.72,0.0,0.0,68.02,90.69,68.02,90.69,68.02,110.27,"fontesRecursos_3da38f98-48cc-48b9-839d-ee694766f5e1.csv","informacaoPlanejamento_bd31ff36-88b3-4821-8662-088aa2f0e650.csv","empenhos_115f751d-d3f9-43a7-a052-3198daa21fe7.csv","suplementacoes_b38f2c87-ec96-4b96-8fe6-215b5793b5bf.csv"," "
"PREFEITURA MUNICIPAL DE CRICIUMA",2024,"GESTÃO FISCAL E FINANCEIRA","Manutenção do Apoio Administrativo, Contribuição a Entidades Associativas","Que as receitas possam crescer o suficiente para podermos cobrir as despesas fixas, e ainda obtermos sobra para os investimentos.","SEC. MUN. DA FAZENDA",Financeiro,Administração,"Administração Geral",1237,"Manutenção do Apoio Administrativo, Contribuição a Entidades Associativas","Aplicações Diretas - Oper.Intra-Orçamentárias",77,31910000000000,"Aplicações Diretas - Oper.Intra-Orçamentárias","PREFEITURA MUNICIPAL DE CRICIUMA","DESPESAS CORRENTES",200000,0,200000,0,0,0,0,0,0,0,0,0,0,0.0,0.0,0.0,0.0,0.0,0.0,"fontesRecursos_151c9b58-3ace-407f-81f9-eb70570941d6.csv","informacaoPlanejamento_6b836966-48a0-46ce-aaec-8689d3655845.csv"," "," "," "
"PREFEITURA MUNICIPAL DE CRICIUMA",2024,"GESTÃO FISCAL E FINANCEIRA","Manut. do Gabinete do Secretario da Fazenda","Que as receitas possam crescer o suficiente para podermos cobrir as despesas fixas, e ainda obtermos sobra para os investimentos.","SEC. MUN. DA FAZENDA","Gab. Secretaria da Fazenda",Administração,"Administração Geral",1019,"Manut. do Gabinete do Secretario da Fazenda","Aplicacoes Diretas",64,44900000000000,"Aplicacoes Diretas","PREFEITURA MUNICIPAL DE CRICIUMA","DESPESAS DE CAPITAL",50000,0,50000,0,0,0,0,0,0,0,0,0,0,0.0,0.0,0.0,0.0,0.0,0.0,"fontesRecursos_fb21f1be-acc4-4b79-9df5-dde26dff37aa.csv","informacaoPlanejamento_3912dd6b-15bf-4e0d-9c37-fd90fdfa87cc.csv"," "," "," "
"PREFEITURA MUNICIPAL DE CRICIUMA",2024,"GESTÃO FISCAL E FINANCEIRA","Manut. do Gabinete do Secretario da Fazenda","Que as receitas possam crescer o suficiente para podermos cobrir as despesas fixas, e ainda obtermos sobra para os investimentos.","SEC. MUN. DA FAZENDA","Gab. Secretaria da Fazenda",Administração,"Administração Geral",1019,"Manut. do Gabinete do Secretario da Fazenda","Aplicacoes Diretas",63,33900000000000,"Aplicacoes Diretas","PREFEITURA MUNICIPAL DE CRICIUMA","DESPESAS CORRENTES",100000,0,100000,3267.12,2925.18,3267.12,2925.18,0.0,3110.93,341.94,2768.99,156.19,156.19,3.27,3.27,3.27,3.27,3.11,3214.47,"fontesRecursos_dd19c27b-c7d3-4a43-9362-60533edd2dac.csv","informacaoPlanejamento_c16d9475-0d1e-44e3-935c-b4b30cdb6b22.csv","empenhos_4b314fda-2d04-4b89-bce2-e9e0732a8923.csv"," "," "
"PREFEITURA MUNICIPAL DE CRICIUMA",2024,"GESTÃO FISCAL E FINANCEIRA","Manut. do Recurso Humanos, Admissões por Concursos, Capacitação Profis.","Que as receitas possam crescer o suficiente para podermos cobrir as despesas fixas, e ainda obtermos sobra para os investimentos.","SEC. MUN. DA FAZENDA","Gab. Secretaria da Fazenda",Administração,"Administração Geral",1020,"Manut. do Recurso Humanos, Admissões por Concursos, Capacitação Profis.","Aplicacoes Diretas",68,44900000000000,"Aplicacoes Diretas","PREFEITURA MUNICIPAL DE CRICIUMA","DESPESAS DE CAPITAL",300000,-300000,0,0,0,0,0,0,0,0,0,0,0,0.0,0.0,0.0,0.0,0.0,0.0,"fontesRecursos_89aa71c0-77a6-4ab7-85e5-cb944c47adc8.csv","informacaoPlanejamento_bf017e0e-242b-44b8-916b-d788e16c4fc8.csv"," ","suplementacoes_dcccae24-68c7-4c7f-8753-9bfbcff9cabf.csv"," "
"PREFEITURA MUNICIPAL DE CRICIUMA",2024,"GESTÃO FISCAL E FINANCEIRA","Manut. do Recurso Humanos, Admissões por Concursos, Capacitação Profis.","Que as receitas possam crescer o suficiente para podermos cobrir as despesas fixas, e ainda obtermos sobra para os investimentos.","SEC. MUN. DA FAZENDA","Gab. Secretaria da Fazenda",Administração,"Administração Geral",1020,"Manut. do Recurso Humanos, Admissões por Concursos, Capacitação Profis.","Aplicações Diretas - Oper.Intra-Orçamentárias",66,31910000000000,"Aplicações Diretas - Oper.Intra-Orçamentárias","PREFEITURA MUNICIPAL DE CRICIUMA","DESPESAS CORRENTES",7000000,0,7000000,7000000.0,6283155.72,5788169.88,5788169.88,494985.84,5788169.88,0,5788169.88,494985.84,0.0,100.0,100.0,82.69,82.69,82.69,120.94,"fontesRecursos_31250d91-80d1-4bd1-bbe8-55bbf161ab67.csv","informacaoPlanejamento_88a9837d-513e-4e53-a8fd-e0382d17b9b6.csv","empenhos_8e846a85-b0cc-4fa3-ad76-f9d8cc2c851d.csv"," "," "
"PREFEITURA MUNICIPAL DE CRICIUMA",2024,"GESTÃO FISCAL E FINANCEIRA","Manut. do Recurso Humanos, Admissões por Concursos, Capacitação Profis.","Que as receitas possam crescer o suficiente para podermos cobrir as despesas fixas, e ainda obtermos sobra para os investimentos.","SEC. MUN. DA FAZENDA","Gab. Secretaria da Fazenda",Administração,"Administração Geral",1020,"Manut. do Recurso Humanos, Admissões por Concursos, Capacitação Profis.","Aplicacoes Diretas",67,33900000000000,"Aplicacoes Diretas","PREFEITURA MUNICIPAL DE CRICIUMA","DESPESAS CORRENTES",4500000,2450000,6950000,6979619.57,6208294.41,6108446.32,6106681.31,101613.1,6088446.32,1765.01,6086681.31,121613.1,20000.0,155.1,100.43,135.74,87.89,135.3,114.15,"fontesRecursos_0cdbb26a-8aaa-4b51-a962-9f1467ce3cac.csv","informacaoPlanejamento_f251c915-90aa-4460-a62f-ebc78e841ce5.csv","empenhos_4f865905-fcf9-4357-bf3a-79cacefeda92.csv","suplementacoes_72505043-d62f-459a-b79e-a025437047a9.csv"," "
"PREFEITURA MUNICIPAL DE CRICIUMA",2024,"GESTÃO FISCAL E FINANCEIRA","Manut. do Gabinete do Secretario da Fazenda","Que as receitas possam crescer o suficiente para podermos cobrir as despesas fixas, e ainda obtermos sobra para os investimentos.","SEC. MUN. DA FAZENDA","Gab. Secretaria da Fazenda",Administração,"Administração Geral",1019,"Manut. do Gabinete do Secretario da Fazenda","Aplicacoes Diretas",62,31900000000000,"Aplicacoes Diretas","PREFEITURA MUNICIPAL DE CRICIUMA","DESPESAS CORRENTES",1500000,125000,1625000,1523025.72,1523025.72,1523025.72,1523025.72,0.0,1501872.07,0,1501872.07,21153.65,21153.65,101.54,93.72,101.54,93.72,100.12,108.2,"fontesRecursos_218b1fb4-400d-4546-bf3b-9cf8c8673691.csv","informacaoPlanejamento_7dc2dd8f-8e77-4549-831b-79bb90d08a72.csv","empenhos_69e5d20b-8189-4aa9-966f-8d57f474644d.csv","suplementacoes_9dbdcb13-dfea-4ef4-a250-42a6726ec8e3.csv"," "
"PREFEITURA MUNICIPAL DE CRICIUMA",2024,"GESTÃO FISCAL E FINANCEIRA","Manut. do Convênio Policia Militar","Que as receitas possam crescer o suficiente para podermos cobrir as despesas fixas, e ainda obtermos sobra para os investimentos.","SEC. MUN. DA FAZENDA","Convênio Polícia Militar","Segurança Pública",Policiamento,1027,"Manut. do Convênio Policia Militar","Aplicacoes Diretas",99,44900000000000,"Aplicacoes Diretas","PREFEITURA MUNICIPAL DE CRICIUMA","DESPESAS DE CAPITAL",2350000,-115869.54,2234130.46,217847.0,167847.0,167847.0,167847.0,0.0,167847.0,0,167847.0,0.0,0.0,9.27,9.75,7.14,7.51,7.14,1331.05,"fontesRecursos_ccd0c332-0625-4194-aca2-e2a40673e0a9.csv","informacaoPlanejamento_c2cf3a64-af71-47c7-90dc-664e467b1c7b.csv","empenhos_41453d5e-561c-4c9c-9713-7f49987087f2.csv","suplementacoes_78499006-f8e0-4a79-8e98-296b109be88a.csv"," "
"PREFEITURA MUNICIPAL DE CRICIUMA",2024,"GESTÃO FISCAL E FINANCEIRA","Manut. do Convênio Policia Militar","Que as receitas possam crescer o suficiente para podermos cobrir as despesas fixas, e ainda obtermos sobra para os investimentos.","SEC. MUN. DA FAZENDA","Convênio Polícia Militar","Segurança Pública",Policiamento,1027,"Manut. do Convênio Policia Militar","Transferencias a Estados e ao Distrito Federal",96,33300000000000,"Transferencias a Estados e ao Distrito Federal","PREFEITURA MUNICIPAL DE CRICIUMA","DESPESAS CORRENTES",30000,75490,105490,105489.6,105489.6,105489.6,105489.6,0.0,105489.6,0,105489.6,0.0,0.0,351.63,100.0,351.63,100.0,351.63,100.0,"fontesRecursos_8264bbd2-438c-428e-806a-334cf245eb47.csv","informacaoPlanejamento_68ddb8bd-692d-45c0-bd59-ce2ed70c819d.csv","empenhos_c046c996-46ff-45b1-b5db-d6b808439ff2.csv","suplementacoes_6931ab69-1285-4585-853b-8a453919be15.csv"," "
"PREFEITURA MUNICIPAL DE CRICIUMA",2024,"GESTÃO FISCAL E FINANCEIRA","Manut. do Convênio Policia Militar","Que as receitas possam crescer o suficiente para podermos cobrir as despesas fixas, e ainda obtermos sobra para os investimentos.","SEC. MUN. DA FAZENDA","Convênio Polícia Militar","Segurança Pública",Policiamento,1027,"Manut. do Convênio Policia Militar","Transferencias a Estados e ao Distrito Federal",98,44300000000000,"Transferencias a Estados e ao Distrito Federal","PREFEITURA MUNICIPAL DE CRICIUMA","DESPESAS DE CAPITAL",50000,5309.54,55309.54,55309.54,55309.54,55309.54,55309.54,0.0,55309.54,0,55309.54,0.0,0.0,110.62,100.0,110.62,100.0,110.62,100.0,"fontesRecursos_cd59e2da-f98e-49d5-b42d-bcf39a972b27.csv","informacaoPlanejamento_9b8be41c-59ca-4eac-a0a7-3d62611c7dd1.csv","empenhos_45686aa4-1813-4fd8-87ac-8656acabdac3.csv","suplementacoes_68595f90-b2b5-4134-92f4-fd9845f133d7.csv"," "
"PREFEITURA MUNICIPAL DE CRICIUMA",2024,"GESTÃO FISCAL E FINANCEIRA","Construção do Novo Quartel do 4 Batalhão de Bombeiros Militar","Que as receitas possam crescer o suficiente para podermos cobrir as despesas fixas, e ainda obtermos sobra para os investimentos.","SEC. MUN. DA FAZENDA","Convênio Corpo de Bombeiros","Segurança Pública",Policiamento,1228,"Construção do Novo Quartel do 4 Batalhão de Bombeiros Militar","Aplicacoes Diretas",108,44900000000000,"Aplicacoes Diretas","PREFEITURA MUNICIPAL DE CRICIUMA","DESPESAS DE CAPITAL",7000000,0,7000000,5943647.43,2348604.35,1995250.16,1995250.16,353354.19,1995250.16,0,1995250.16,353354.19,0.0,84.91,84.91,28.5,28.5,28.5,350.83,"fontesRecursos_b8871bdf-c202-4914-b4ee-30bb39a3cfd4.csv","informacaoPlanejamento_8332ab6d-ca31-41fc-ac7e-063e18a00339.csv","empenhos_044af471-1d24-44b7-b10a-1981dc531265.csv"," "," "
"PREFEITURA MUNICIPAL DE CRICIUMA",2024,"GESTÃO FISCAL E FINANCEIRA","Manut. do Convênio Corpo de Bombeiros","Que as receitas possam crescer o suficiente para podermos cobrir as despesas fixas, e ainda obtermos sobra para os investimentos.","SEC. MUN. DA FAZENDA","Convênio Corpo de Bombeiros","Segurança Pública",Policiamento,1029,"Manut. do Convênio Corpo de Bombeiros","Aplicacoes Diretas",107,44900000000000,"Aplicacoes Diretas","PREFEITURA MUNICIPAL DE CRICIUMA","DESPESAS DE CAPITAL",610000,395500,1005500,925551.85,645195.85,610295.85,610295.85,34900.0,610295.85,0,610295.85,34900.0,0.0,151.73,92.05,100.05,60.7,100.05,164.76,"fontesRecursos_e93a9376-0d46-4658-a8dd-ecac9b9be0a7.csv","informacaoPlanejamento_bcff4280-8f6c-4f2a-bf10-682cddf1038f.csv","empenhos_75aaf8de-fdcc-48a1-a2f3-bb65a6c3dee9.csv","suplementacoes_e9ec4e6a-8c14-4ddb-a581-e431fd3c3f0f.csv"," "
"PREFEITURA MUNICIPAL DE CRICIUMA",2024,"GESTÃO FISCAL E FINANCEIRA","Manut. do Convênio Corpo de Bombeiros","Que as receitas possam crescer o suficiente para podermos cobrir as despesas fixas, e ainda obtermos sobra para os investimentos.","SEC. MUN. DA FAZENDA","Convênio Corpo de Bombeiros","Segurança Pública",Policiamento,1029,"Manut. do Convênio Corpo de Bombeiros","Aplicacoes Diretas",105,33900000000000,"Aplicacoes Diretas","PREFEITURA MUNICIPAL DE CRICIUMA","DESPESAS CORRENTES",3300000,-307000,2993000,2539511.27,1685389.79,1581131.24,1576935.4,108454.39,1542701.98,4195.84,1538506.14,146883.65,38429.26,76.95,84.85,47.91,52.83,46.75,194.01,"fontesRecursos_a297f3ab-51d1-423f-b43d-e63727aef785.csv","informacaoPlanejamento_c967de28-1799-41b2-b2e8-f26cf513e884.csv","empenhos_a060b205-4ea6-417c-87d6-c02ae176b1e7.csv","suplementacoes_c8d98056-6c48-48a4-94f8-2bd17310ffb6.csv"," "
"PREFEITURA MUNICIPAL DE CRICIUMA",2024,"GESTÃO FISCAL E FINANCEIRA","Manut. do Controle Interno","Que as receitas possam crescer o suficiente para podermos cobrir as despesas fixas, e ainda obtermos sobra para os investimentos.","SEC. MUN. DA FAZENDA","Arrecadação e Fiscalização",Administração,"Controle Interno",1021,"Manut. do Controle Interno","Aplicacoes Diretas",83,33900000000000,"Aplicacoes Diretas","PREFEITURA MUNICIPAL DE CRICIUMA","DESPESAS CORRENTES",30000,0,30000,20248.09,1789.25,1838.58,1789.25,0.0,1838.58,49.33,1789.25,0.0,0.0,67.49,67.49,6.13,6.13,6.13,1631.69,"fontesRecursos_b9f1719a-90aa-421b-bba6-63250b37300c.csv","informacaoPlanejamento_463991f0-b037-4ebc-9b36-65b0c934639a.csv","empenhos_35729720-1da8-416b-977c-470fe827500c.csv"," "," "
"PREFEITURA MUNICIPAL DE CRICIUMA",2024,"GESTÃO FISCAL E FINANCEIRA","Manut. do Controle Interno","Que as receitas possam crescer o suficiente para podermos cobrir as despesas fixas, e ainda obtermos sobra para os investimentos.","SEC. MUN. DA FAZENDA","Arrecadação e Fiscalização",Administração,"Controle Interno",1021,"Manut. do Controle Interno","Aplicacoes Diretas",84,44900000000000,"Aplicacoes Diretas","PREFEITURA MUNICIPAL DE CRICIUMA","DESPESAS DE CAPITAL",20000,0,20000,0,0,0,0,0,0,0,0,0,0,0.0,0.0,0.0,0.0,0.0,0.0,"fontesRecursos_54929eb2-4d6a-49bc-b79d-bd8bb5e27cf1.csv","informacaoPlanejamento_0a15f7a5-1506-4b9d-9b3d-4952be96e1ec.csv"," "," "," "
"PREFEITURA MUNICIPAL DE CRICIUMA",2024,"GESTÃO FISCAL E FINANCEIRA","Manut. do Controle Interno","Que as receitas possam crescer o suficiente para podermos cobrir as despesas fixas, e ainda obtermos sobra para os investimentos.","SEC. MUN. DA FAZENDA","Arrecadação e Fiscalização",Administração,"Controle Interno",1021,"Manut. do Controle Interno","Aplicacoes Diretas",82,31900000000000,"Aplicacoes Diretas","PREFEITURA MUNICIPAL DE CRICIUMA","DESPESAS CORRENTES",800000,110000,910000,871739.93,871739.93,871739.93,871739.93,0.0,871739.93,0,871739.93,0.0,0.0,108.97,95.8,108.97,95.8,108.97,104.39,"fontesRecursos_61c9fe82-1959-481e-936d-bbd7f5453d99.csv","informacaoPlanejamento_c81071ea-a592-4454-88e8-9aff2866c80a.csv","empenhos_dea17428-7a3a-419e-87f8-b7e570f63522.csv","suplementacoes_2c1cca18-0b53-4e64-9507-54ef3a7a9eb2.csv"," "
"PREFEITURA MUNICIPAL DE CRICIUMA",2024,"GESTÃO FISCAL E FINANCEIRA","Manutenção do Apoio Administrativo, Contribuição a Entidades Associativas","Que as receitas possam crescer o suficiente para podermos cobrir as despesas fixas, e ainda obtermos sobra para os investimentos.","SEC. MUN. DA FAZENDA",Financeiro,Administração,"Administração Geral",1237,"Manutenção do Apoio Administrativo, Contribuição a Entidades Associativas","Aplicacoes Diretas",81,44900000000000,"Aplicacoes Diretas","PREFEITURA MUNICIPAL DE CRICIUMA","DESPESAS DE CAPITAL",200000,-150000,50000,0,0,0,0,0,0,0,0,0,0,0.0,0.0,0.0,0.0,0.0,0.0,"fontesRecursos_16ab4cbe-f2a6-4c1e-8c52-8f93336737c4.csv","informacaoPlanejamento_ab9a8388-b1c2-483b-987a-aa67927cc853.csv"," ","suplementacoes_4719d035-5d63-438f-a21d-ca176f6eea4a.csv"," "
"PREFEITURA MUNICIPAL DE CRICIUMA",2024,"GESTÃO FISCAL E FINANCEIRA","Manut. Fdo. Gerência de Agricultura e Agronegócio","Que as receitas possam crescer o suficiente para podermos cobrir as despesas fixas, e ainda obtermos sobra para os investimentos.","SEC. MUN. DA FAZENDA",Agricultura,Agricultura,"Extensão Rural",1026,"Manut. Fdo. Gerência de Agricultura e Agronegócio","Transferências a Consórcios Públicos",94,44710000000000,"Transferências a Consórcios Públicos","PREFEITURA MUNICIPAL DE CRICIUMA","DESPESAS DE CAPITAL",10000,0,10000,0,0,0,0,0,0,0,0,0,0,0.0,0.0,0.0,0.0,0.0,0.0,"fontesRecursos_4e3d0c6d-0266-48cf-b0d5-7c8c3aac11b5.csv","informacaoPlanejamento_bf308d72-6fcc-402e-93fd-a82faa16c2ae.csv"," "," "," "
"PREFEITURA MUNICIPAL DE CRICIUMA",2024,"GESTÃO FISCAL E FINANCEIRA","Manut. Fdo. Gerência de Agricultura e Agronegócio","Que as receitas possam crescer o suficiente para podermos cobrir as despesas fixas, e ainda obtermos sobra para os investimentos.","SEC. MUN. DA FAZENDA",Agricultura,Agricultura,"Extensão Rural",1026,"Manut. Fdo. Gerência de Agricultura e Agronegócio","Aplicacoes Diretas",90,31900000000000,"Aplicacoes Diretas","PREFEITURA MUNICIPAL DE CRICIUMA","DESPESAS CORRENTES",650000,200000,850000,814111.18,814111.18,814111.18,814111.18,0.0,814111.18,0,814111.18,0.0,0.0,125.25,95.78,125.25,95.78,125.25,104.41,"fontesRecursos_f9b00d18-62da-460f-887d-4a40e44b62cf.csv","informacaoPlanejamento_282d0ca9-7057-445f-b0fb-6bc071498cd7.csv","empenhos_afce45f7-f959-4f1d-82e2-e3be3bee6824.csv","suplementacoes_30d13b76-d7fc-455d-b8fc-3737eaaae193.csv"," "
"PREFEITURA MUNICIPAL DE CRICIUMA",2024,"GESTÃO FISCAL E FINANCEIRA","Manut. Fdo. Gerência de Agricultura e Agronegócio","Que as receitas possam crescer o suficiente para podermos cobrir as despesas fixas, e ainda obtermos sobra para os investimentos.","SEC. MUN. DA FAZENDA",Agricultura,Agricultura,"Extensão Rural",1026,"Manut. Fdo. Gerência de Agricultura e Agronegócio","Transferencias a Instituicoes Privadas sem Fins Lu",91,33500000000000,"Transferencias a Instituicoes Privadas sem Fins Lu","PREFEITURA MUNICIPAL DE CRICIUMA","DESPESAS CORRENTES",20000,0,20000,0,0,0,0,0,0,0,0,0,0,0.0,0.0,0.0,0.0,0.0,0.0,"fontesRecursos_0737002a-32b6-41c9-9ab5-899115450c18.csv","informacaoPlanejamento_efc28c84-5f3f-423a-96fc-9407efab565b.csv"," "," "," "
"PREFEITURA MUNICIPAL DE CRICIUMA",2024,"GESTÃO FISCAL E FINANCEIRA","Manut. Fdo. Gerência de Agricultura e Agronegócio","Que as receitas possam crescer o suficiente para podermos cobrir as despesas fixas, e ainda obtermos sobra para os investimentos.","SEC. MUN. DA FAZENDA",Agricultura,Agricultura,"Extensão Rural",1026,"Manut. Fdo. Gerência de Agricultura e Agronegócio","Transferências a Consórcios Públicos",92,33710000000000,"Transferências a Consórcios Públicos","PREFEITURA MUNICIPAL DE CRICIUMA","DESPESAS CORRENTES",10000,72000,82000,52143.1,52143.1,0,0,52143.1,0,0,0,52143.1,0,521.43,63.59,0.0,0.0,0.0,0.0,"fontesRecursos_a4a503da-d50f-4aa3-a218-86ec61553d3b.csv","informacaoPlanejamento_9a5cd974-d2fe-460d-b4f9-455dc562fe70.csv","empenhos_1ff79322-b859-4745-a40a-577dda298324.csv","suplementacoes_dc10cd61-b22e-4a7f-9e87-99ddad33518e.csv"," "
"PREFEITURA MUNICIPAL DE CRICIUMA",2024,"GESTÃO FISCAL E FINANCEIRA","Manut. do Convênio Trânsito Policia Civil","Que as receitas possam crescer o suficiente para podermos cobrir as despesas fixas, e ainda obtermos sobra para os investimentos.","SEC. MUN. DA FAZENDA","Convênio Trânsito - Polícia Civil","Segurança Pública",Policiamento,1028,"Manut. do Convênio Trânsito Policia Civil","Aplicacoes Diretas",103,44900000000000,"Aplicacoes Diretas","PREFEITURA MUNICIPAL DE CRICIUMA","DESPESAS DE CAPITAL",190000,78330,268330,268259.0,187959.0,187959.0,187959.0,0.0,187959.0,0,187959.0,0.0,0.0,141.19,99.97,98.93,70.05,98.93,142.76,"fontesRecursos_49f0e129-19a5-4849-95fd-0fea60931b6d.csv","informacaoPlanejamento_e4f9ec3f-89f6-4371-90d7-46e3dfe4f450.csv","empenhos_59e879f7-a0c1-499c-b11a-e87e2fcc69e3.csv","suplementacoes_0a9996d2-fe8d-43cb-8ff6-3e3d39ada363.csv"," "
"PREFEITURA MUNICIPAL DE CRICIUMA",2024,"AVANÇAR CRICIUMA","Edificações Publicas","Elaborar projetos arquitetônicos, urbanísticos e geométricos (rodoviários) de espaços públicos; Revisar e regulamentar constantemente a legislação urbanística do Plano Diretor; Executar obras de edificações e espaços públicos de interesse da coletividade. Garantir o desenvolvimento econômico do município por meio de execução de obras significativas ao crescimento urbano.Tornar à cidade mais humanizada, bonita e agradável de se viver, sempre em conformidade com o novo Plano Diretor do Municipio.","SEC. M. DE INFRAEST.,PLANEJ. E MOBILIDADE URBANA","Edificações Públicas",Urbanismo,"Infra-Estrutura Urbana",1074,"Edificações Publicas","Aplicacoes Diretas",184,31900000000000,"Aplicacoes Diretas","PREFEITURA MUNICIPAL DE CRICIUMA","DESPESAS CORRENTES",3300000,-90000,3210000,3171893.77,3171893.77,3171893.77,3171893.77,0.0,3171893.77,0,3171893.77,0.0,0.0,96.12,98.81,96.12,98.81,96.12,101.2,"fontesRecursos_2b8c6c2c-1cd5-4b8f-aa5d-7ea475c3b2f8.csv","informacaoPlanejamento_2bc0435a-7d44-4b2a-9547-4bce669c52e2.csv","empenhos_8ac393dd-20a9-4bfc-a3e3-f92428ee9cf7.csv","suplementacoes_33c733b4-b206-4eb8-838f-6b2dde0819a6.csv"," "
"PREFEITURA MUNICIPAL DE CRICIUMA",2024,"AVANÇAR CRICIUMA","Edificações Publicas","Elaborar projetos arquitetônicos, urbanísticos e geométricos (rodoviários) de espaços públicos; Revisar e regulamentar constantemente a legislação urbanística do Plano Diretor; Executar obras de edificações e espaços públicos de interesse da coletividade. Garantir o desenvolvimento econômico do município por meio de execução de obras significativas ao crescimento urbano.Tornar à cidade mais humanizada, bonita e agradável de se viver, sempre em conformidade com o novo Plano Diretor do Municipio.","SEC. M. DE INFRAEST.,PLANEJ. E MOBILIDADE URBANA","Edificações Públicas",Urbanismo,"Infra-Estrutura Urbana",1074,"Edificações Publicas","Aplicacoes Diretas",185,33900000000000,"Aplicacoes Diretas","PREFEITURA MUNICIPAL DE CRICIUMA","DESPESAS CORRENTES",3530000,4650000,8180000,7459362.42,6216936.65,5988955.07,5988955.07,227981.58,5988955.07,0,5988955.07,227981.58,0.0,211.31,91.19,169.66,73.21,169.66,136.58,"fontesRecursos_e902627f-4efe-4dd7-a24f-0ce3528dd9dd.csv","informacaoPlanejamento_c119e7da-d087-4eb0-9ce8-b9313ce534d3.csv","empenhos_b85990ea-e0df-4597-b512-0340e1cae931.csv","suplementacoes_56f90ac1-fb0a-4ff3-8dea-23dc2b50288f.csv"," "
"PREFEITURA MUNICIPAL DE CRICIUMA",2024,"AVANÇAR CRICIUMA","Manutenção/Parque Turístico/Ecológico/Mina de Visitação Octávio Fontana","Elaborar projetos arquitetônicos, urbanísticos e geométricos (rodoviários) de espaços públicos; Revisar e regulamentar constantemente a legislação urbanística do Plano Diretor; Executar obras de edificações e espaços públicos de interesse da coletividade. Garantir o desenvolvimento econômico do município por meio de execução de obras significativas ao crescimento urbano.Tornar à cidade mais humanizada, bonita e agradável de se viver, sempre em conformidade com o novo Plano Diretor do Municipio.","SEC. M. DE INFRAEST.,PLANEJ. E MOBILIDADE URBANA",Obras,Urbanismo,Turismo,1230,"Manutenção/Parque Turístico/Ecológico/Mina de Visitação Octávio Fontana","Aplicacoes Diretas",182,33900000000000,"Aplicacoes Diretas","PREFEITURA MUNICIPAL DE CRICIUMA","DESPESAS CORRENTES",200000,0,200000,22337.78,2337.78,2337.78,2337.78,0.0,2337.78,0,2337.78,0.0,0.0,11.17,11.17,1.17,1.17,1.17,8555.12,"fontesRecursos_adaae4c9-2472-4d9c-896b-dcdde4f70bcc.csv","informacaoPlanejamento_a1af8e3f-ba8c-4967-8100-0c55394da72d.csv","empenhos_c05acff8-168a-4bcf-b360-b97e9cc3880d.csv"," "," "
"PREFEITURA MUNICIPAL DE CRICIUMA",2024,"AVANÇAR CRICIUMA","Canalizações e Drenagens","Elaborar projetos arquitetônicos, urbanísticos e geométricos (rodoviários) de espaços públicos; Revisar e regulamentar constantemente a legislação urbanística do Plano Diretor; Executar obras de edificações e espaços públicos de interesse da coletividade. Garantir o desenvolvimento econômico do município por meio de execução de obras significativas ao crescimento urbano.Tornar à cidade mais humanizada, bonita e agradável de se viver, sempre em conformidade com o novo Plano Diretor do Municipio.","SEC. M. DE INFRAEST.,PLANEJ. E MOBILIDADE URBANA","Canalizações e Drenagens",Saneamento,"Saneamento Básico Urbano",1076,"Canalizações e Drenagens","Aplicacoes Diretas",194,33900000000000,"Aplicacoes Diretas","PREFEITURA MUNICIPAL DE CRICIUMA","DESPESAS CORRENTES",2000000,3425000,5425000,5305270.56,3820271.89,3769687.89,3768687.89,51584.0,3769687.89,1000.0,3768687.89,51584.0,0.0,265.26,97.79,188.48,69.49,188.48,143.91,"fontesRecursos_2c357a68-2c47-47d6-ad41-8c2a0c2259b6.csv","informacaoPlanejamento_e150409a-4467-4fe8-8fe3-d184d1c73868.csv","empenhos_919c92de-d07b-4850-818a-739cf03185e9.csv","suplementacoes_1779b531-4acf-4deb-a045-e5835fcd0f87.csv"," "
"PREFEITURA MUNICIPAL DE CRICIUMA",2024,"AVANÇAR CRICIUMA","Manut. das Intendencias do Rio Maina/Santa Luzia/Prospera/Quarta Linha","Elaborar projetos arquitetônicos, urbanísticos e geométricos (rodoviários) de espaços públicos; Revisar e regulamentar constantemente a legislação urbanística do Plano Diretor; Executar obras de edificações e espaços públicos de interesse da coletividade. Garantir o desenvolvimento econômico do município por meio de execução de obras significativas ao crescimento urbano.Tornar à cidade mais humanizada, bonita e agradável de se viver, sempre em conformidade com o novo Plano Diretor do Municipio.","SEC. M. DE INFRAEST.,PLANEJ. E MOBILIDADE URBANA","Edificações Públicas",Urbanismo,"Serviços Urbanos",1086,"Manut. das Intendencias do Rio Maina/Santa Luzia/Prospera/Quarta Linha","Aplicacoes Diretas",189,44900000000000,"Aplicacoes Diretas","PREFEITURA MUNICIPAL DE CRICIUMA","DESPESAS DE CAPITAL",200000,0,200000,0,0,0,0,0,0,0,0,0,0,0.0,0.0,0.0,0.0,0.0,0.0,"fontesRecursos_5665a1cc-43a4-4302-88fb-cc9fdb546698.csv","informacaoPlanejamento_5ec354c6-c3b7-4f9b-953b-09664514e29d.csv"," "," "," "
"PREFEITURA MUNICIPAL DE CRICIUMA",2024,"AVANÇAR CRICIUMA","Manut. das Intendencias do Rio Maina/Santa Luzia/Prospera/Quarta Linha","Elaborar projetos arquitetônicos, urbanísticos e geométricos (rodoviários) de espaços públicos; Revisar e regulamentar constantemente a legislação urbanística do Plano Diretor; Executar obras de edificações e espaços públicos de interesse da coletividade. Garantir o desenvolvimento econômico do município por meio de execução de obras significativas ao crescimento urbano.Tornar à cidade mais humanizada, bonita e agradável de se viver, sempre em conformidade com o novo Plano Diretor do Municipio.","SEC. M. DE INFRAEST.,PLANEJ. E MOBILIDADE URBANA","Edificações Públicas",Urbanismo,"Serviços Urbanos",1086,"Manut. das Intendencias do Rio Maina/Santa Luzia/Prospera/Quarta Linha","Aplicacoes Diretas",188,33900000000000,"Aplicacoes Diretas","PREFEITURA MUNICIPAL DE CRICIUMA","DESPESAS CORRENTES",500000,0,500000,118165.08,73563.33,66313.62,66313.62,7249.71,66313.62,0,66313.62,7249.71,0.0,23.63,23.63,13.26,13.26,13.26,753.99,"fontesRecursos_6f81c415-baaa-4e71-905f-99eebc7a3757.csv","informacaoPlanejamento_dd6f7ab4-47c7-4d51-b814-587c2f433602.csv","empenhos_09d08353-ecd3-4e66-af7d-f7714b397b00.csv"," "," "
"PREFEITURA MUNICIPAL DE CRICIUMA",2024,"AVANÇAR CRICIUMA","Manut. das Intendencias do Rio Maina/Santa Luzia/Prospera/Quarta Linha","Elaborar projetos arquitetônicos, urbanísticos e geométricos (rodoviários) de espaços públicos; Revisar e regulamentar constantemente a legislação urbanística do Plano Diretor; Executar obras de edificações e espaços públicos de interesse da coletividade. Garantir o desenvolvimento econômico do município por meio de execução de obras significativas ao crescimento urbano.Tornar à cidade mais humanizada, bonita e agradável de se viver, sempre em conformidade com o novo Plano Diretor do Municipio.","SEC. M. DE INFRAEST.,PLANEJ. E MOBILIDADE URBANA","Edificações Públicas",Urbanismo,"Serviços Urbanos",1086,"Manut. das Intendencias do Rio Maina/Santa Luzia/Prospera/Quarta Linha","Aplicacoes Diretas",187,31900000000000,"Aplicacoes Diretas","PREFEITURA MUNICIPAL DE CRICIUMA","DESPESAS CORRENTES",2500000,300000,2800000,2750752.63,2750752.63,2750752.63,2750752.63,0.0,2750752.63,0,2750752.63,0.0,0.0,110.03,98.24,110.03,98.24,110.03,101.79,"fontesRecursos_d2469624-32b3-43c6-8de8-18f9cba6d968.csv","informacaoPlanejamento_5b9eaec8-82f1-472d-91bc-b3e918edc10e.csv","empenhos_671b324f-007a-493d-8e44-c66acb7c458d.csv","suplementacoes_2eba984f-0a61-4fba-911e-ceec1d893ba8.csv"," "
"PREFEITURA MUNICIPAL DE CRICIUMA",2024,"AVANÇAR CRICIUMA","Manut. depto de Obras","Elaborar projetos arquitetônicos, urbanísticos e geométricos (rodoviários) de espaços públicos; Revisar e regulamentar constantemente a legislação urbanística do Plano Diretor; Executar obras de edificações e espaços públicos de interesse da coletividade. Garantir o desenvolvimento econômico do município por meio de execução de obras significativas ao crescimento urbano.Tornar à cidade mais humanizada, bonita e agradável de se viver, sempre em conformidade com o novo Plano Diretor do Municipio.","SEC. M. DE INFRAEST.,PLANEJ. E MOBILIDADE URBANA",Obras,Urbanismo,"Serviços Urbanos",1073,"Manut. depto de Obras","Aplicacoes Diretas",181,44900000000000,"Aplicacoes Diretas","PREFEITURA MUNICIPAL DE CRICIUMA","DESPESAS DE CAPITAL",10010000,-6423236.94,3586763.06,3594292.75,3493628.03,3493628.03,3493628.03,0.0,3493628.03,0,3493628.03,0.0,0.0,35.91,100.21,34.9,97.4,34.9,102.67,"fontesRecursos_5d21f50b-b38b-4ab4-9db6-dbad00ce41ae.csv","informacaoPlanejamento_49d8c456-d66e-424a-9622-2c6b645ae47a.csv","empenhos_784dca09-6c81-4d90-88fa-5f797f1a3cd3.csv","suplementacoes_dc4a5366-82af-4ff7-a257-a2b28219d024.csv"," "
"PREFEITURA MUNICIPAL DE CRICIUMA",2024,"AVANÇAR CRICIUMA","Manut. depto de Obras","Elaborar projetos arquitetônicos, urbanísticos e geométricos (rodoviários) de espaços públicos; Revisar e regulamentar constantemente a legislação urbanística do Plano Diretor; Executar obras de edificações e espaços públicos de interesse da coletividade. Garantir o desenvolvimento econômico do município por meio de execução de obras significativas ao crescimento urbano.Tornar à cidade mais humanizada, bonita e agradável de se viver, sempre em conformidade com o novo Plano Diretor do Municipio.","SEC. M. DE INFRAEST.,PLANEJ. E MOBILIDADE URBANA",Obras,Urbanismo,"Serviços Urbanos",1073,"Manut. depto de Obras","Aplicacoes Diretas",176,31900000000000,"Aplicacoes Diretas","PREFEITURA MUNICIPAL DE CRICIUMA","DESPESAS CORRENTES",1400000,-165666.83,1234333.17,1234333.17,1234333.17,1234333.17,1234333.17,0.0,1234333.17,0,1234333.17,0.0,0.0,88.17,100.0,88.17,100.0,88.17,100.0,"fontesRecursos_f63cdbea-571c-46e0-a551-fab6d417cede.csv","informacaoPlanejamento_dae7db18-108a-4cf7-8473-7b74283f3b5b.csv","empenhos_9e723665-b0f8-4171-b0e0-0df84a6fb386.csv","suplementacoes_83b5da6a-80b5-41af-b553-c4d5538138d9.csv"," "
"PREFEITURA MUNICIPAL DE CRICIUMA",2024,"AVANÇAR CRICIUMA","Manut. depto de Obras","Elaborar projetos arquitetônicos, urbanísticos e geométricos (rodoviários) de espaços públicos; Revisar e regulamentar constantemente a legislação urbanística do Plano Diretor; Executar obras de edificações e espaços públicos de interesse da coletividade. Garantir o desenvolvimento econômico do município por meio de execução de obras significativas ao crescimento urbano.Tornar à cidade mais humanizada, bonita e agradável de se viver, sempre em conformidade com o novo Plano Diretor do Municipio.","SEC. M. DE INFRAEST.,PLANEJ. E MOBILIDADE URBANA",Obras,Urbanismo,"Serviços Urbanos",1073,"Manut. depto de Obras","Transferencias a Instituicoes Privadas sem Fins Lu",177,33500000000000,"Transferencias a Instituicoes Privadas sem Fins Lu","PREFEITURA MUNICIPAL DE CRICIUMA","DESPESAS CORRENTES",1100000,100000,1200000,1200000.0,614635.34,586076.54,586076.54,28558.8,586076.54,0,586076.54,28558.8,0.0,109.09,100.0,53.28,48.84,53.28,204.75,"fontesRecursos_8a50fad8-f141-4146-abe4-a06202aa8273.csv","informacaoPlanejamento_3f546815-5d26-4438-aa43-3f7f88ffb6ba.csv","empenhos_e9a421b5-af5d-4b06-a20b-0fca5786c2e8.csv","suplementacoes_e0c0b3ae-65b1-4ade-8a1b-fa2f116d7dde.csv"," "
"PREFEITURA MUNICIPAL DE CRICIUMA",2024,"AVANÇAR CRICIUMA","Manutenção/Parque Turístico/Ecológico/Mina de Visitação Octávio Fontana","Elaborar projetos arquitetônicos, urbanísticos e geométricos (rodoviários) de espaços públicos; Revisar e regulamentar constantemente a legislação urbanística do Plano Diretor; Executar obras de edificações e espaços públicos de interesse da coletividade. Garantir o desenvolvimento econômico do município por meio de execução de obras significativas ao crescimento urbano.Tornar à cidade mais humanizada, bonita e agradável de se viver, sempre em conformidade com o novo Plano Diretor do Municipio.","SEC. M. DE INFRAEST.,PLANEJ. E MOBILIDADE URBANA",Obras,Urbanismo,Turismo,1230,"Manutenção/Parque Turístico/Ecológico/Mina de Visitação Octávio Fontana","Aplicacoes Diretas",183,44900000000000,"Aplicacoes Diretas","PREFEITURA MUNICIPAL DE CRICIUMA","DESPESAS DE CAPITAL",6000000,-730000,5270000,0,0,0,0,0,0,0,0,0,0,0.0,0.0,0.0,0.0,0.0,0.0,"fontesRecursos_b951d54b-7659-4ad5-b961-a31c1353f3a5.csv","informacaoPlanejamento_55b1bd7a-b975-4c11-8f04-b22f49358c1f.csv"," ","suplementacoes_e4233e5a-7a7b-41e1-859e-c3c297a2553e.csv"," "
"PREFEITURA MUNICIPAL DE CRICIUMA",2024,"AVANÇAR CRICIUMA","Manut. depto de Obras","Elaborar projetos arquitetônicos, urbanísticos e geométricos (rodoviários) de espaços públicos; Revisar e regulamentar constantemente a legislação urbanística do Plano Diretor; Executar obras de edificações e espaços públicos de interesse da coletividade. Garantir o desenvolvimento econômico do município por meio de execução de obras significativas ao crescimento urbano.Tornar à cidade mais humanizada, bonita e agradável de se viver, sempre em conformidade com o novo Plano Diretor do Municipio.","SEC. M. DE INFRAEST.,PLANEJ. E MOBILIDADE URBANA",Obras,Urbanismo,"Serviços Urbanos",1073,"Manut. depto de Obras","Transf. a Instituicoes Privadas s/ Fins Lucrativos",180,44500000000000,"Transf. a Instituicoes Privadas s/ Fins Lucrativos","PREFEITURA MUNICIPAL DE CRICIUMA","DESPESAS DE CAPITAL",50000,-50000,0,0,0,0,0,0,0,0,0,0,0,0.0,0.0,0.0,0.0,0.0,0.0,"fontesRecursos_911a2579-2dd4-4033-9fef-9f0c61a428b9.csv","informacaoPlanejamento_a8f48b8f-3d8c-4631-8209-fcc42353276a.csv"," ","suplementacoes_2bd9c72a-33f1-48ce-85d7-f0741e197c23.csv"," "
"PREFEITURA MUNICIPAL DE CRICIUMA",2024,"AVANÇAR CRICIUMA","Manut. depto de Obras","Elaborar projetos arquitetônicos, urbanísticos e geométricos (rodoviários) de espaços públicos; Revisar e regulamentar constantemente a legislação urbanística do Plano Diretor; Executar obras de edificações e espaços públicos de interesse da coletividade. Garantir o desenvolvimento econômico do município por meio de execução de obras significativas ao crescimento urbano.Tornar à cidade mais humanizada, bonita e agradável de se viver, sempre em conformidade com o novo Plano Diretor do Municipio.","SEC. M. DE INFRAEST.,PLANEJ. E MOBILIDADE URBANA",Obras,Urbanismo,"Serviços Urbanos",1073,"Manut. depto de Obras","Transferências a Consórcios Públicos",178,33710000000000,"Transferências a Consórcios Públicos","PREFEITURA MUNICIPAL DE CRICIUMA","DESPESAS CORRENTES",100000,-100000,0,0,0,0,0,0,0,0,0,0,0,0.0,0.0,0.0,0.0,0.0,0.0,"fontesRecursos_5030d1a0-5cc8-4f70-a1fd-bce96a3a29ee.csv","informacaoPlanejamento_90f3b92e-d406-4677-be66-8a468de694cd.csv"," ","suplementacoes_8f20f9ad-fc28-4521-8bd9-41957a3bfc17.csv"," "
"PREFEITURA MUNICIPAL DE CRICIUMA",2024,"AVANÇAR CRICIUMA","Manut. depto de Obras","Elaborar projetos arquitetônicos, urbanísticos e geométricos (rodoviários) de espaços públicos; Revisar e regulamentar constantemente a legislação urbanística do Plano Diretor; Executar obras de edificações e espaços públicos de interesse da coletividade. Garantir o desenvolvimento econômico do município por meio de execução de obras significativas ao crescimento urbano.Tornar à cidade mais humanizada, bonita e agradável de se viver, sempre em conformidade com o novo Plano Diretor do Municipio.","SEC. M. DE INFRAEST.,PLANEJ. E MOBILIDADE URBANA",Obras,Urbanismo,"Serviços Urbanos",1073,"Manut. depto de Obras","Transf. a Consórcios Públicos",175,31710000000000,"Transf. a Consórcios Públicos","PREFEITURA MUNICIPAL DE CRICIUMA","DESPESAS CORRENTES",150000,-150000,0,0,0,0,0,0,0,0,0,0,0,0.0,0.0,0.0,0.0,0.0,0.0,"fontesRecursos_2b2d2941-74a9-4ed6-9c50-e3f4d8132bca.csv","informacaoPlanejamento_a6290949-620c-4963-85c6-83cbca2d37fe.csv"," ","suplementacoes_e2a1785f-9d23-4825-91ab-eada5ad531f6.csv"," "
"PREFEITURA MUNICIPAL DE CRICIUMA",2024,"AVANÇAR CRICIUMA","Manut. Depto Fisico e Territotial - DPFT","Elaborar projetos arquitetônicos, urbanísticos e geométricos (rodoviários) de espaços públicos; Revisar e regulamentar constantemente a legislação urbanística do Plano Diretor; Executar obras de edificações e espaços públicos de interesse da coletividade. Garantir o desenvolvimento econômico do município por meio de execução de obras significativas ao crescimento urbano.Tornar à cidade mais humanizada, bonita e agradável de se viver, sempre em conformidade com o novo Plano Diretor do Municipio.","SEC. M. DE INFRAEST.,PLANEJ. E MOBILIDADE URBANA","Gab. Secretaria de Infraest. e Mob. Urbana",Administração,"Ordenamento Territorial",1087,"Manut. Depto Fisico e Territotial - DPFT","Aplicacoes Diretas",169,31900000000000,"Aplicacoes Diretas","PREFEITURA MUNICIPAL DE CRICIUMA","DESPESAS CORRENTES",3500000,95100.35,3595100.35,3423278.5,3423278.5,3423278.5,3423278.5,0.0,3423278.5,0,3423278.5,0.0,0.0,97.81,95.22,97.81,95.22,97.81,105.02,"fontesRecursos_8bda455e-1e8c-46c5-94c5-771cec875569.csv","informacaoPlanejamento_d7aa3c5f-1f2f-4556-97c4-1b85071a0601.csv","empenhos_cf156389-ce11-4fb4-a1ed-b0d807dbe837.csv","suplementacoes_c430cffd-a3e3-4284-b321-7ec1c4b16f2b.csv"," "
"PREFEITURA MUNICIPAL DE CRICIUMA",2024,"AVANÇAR CRICIUMA","Manut. Depto Fisico e Territotial - DPFT","Elaborar projetos arquitetônicos, urbanísticos e geométricos (rodoviários) de espaços públicos; Revisar e regulamentar constantemente a legislação urbanística do Plano Diretor; Executar obras de edificações e espaços públicos de interesse da coletividade. Garantir o desenvolvimento econômico do município por meio de execução de obras significativas ao crescimento urbano.Tornar à cidade mais humanizada, bonita e agradável de se viver, sempre em conformidade com o novo Plano Diretor do Municipio.","SEC. M. DE INFRAEST.,PLANEJ. E MOBILIDADE URBANA","Gab. Secretaria de Infraest. e Mob. Urbana",Administração,"Ordenamento Territorial",1087,"Manut. Depto Fisico e Territotial - DPFT","Aplicacoes Diretas",170,33900000000000,"Aplicacoes Diretas","PREFEITURA MUNICIPAL DE CRICIUMA","DESPESAS CORRENTES",300000,-295100.35,4899.65,4899.65,4899.65,4899.65,4899.65,0.0,4899.65,0,4899.65,0.0,0.0,1.63,100.0,1.63,100.0,1.63,100.0,"fontesRecursos_490b641f-4fab-4f85-819d-0487b4bf899c.csv","informacaoPlanejamento_a017e421-9e77-4d2e-b5c1-c4787435a895.csv","empenhos_b98800b6-714b-4f75-92cd-ef187194c210.csv","suplementacoes_6a2c3f88-a39d-4cf9-ab0c-1a5f5311967b.csv"," "
"PREFEITURA MUNICIPAL DE CRICIUMA",2024,"AVANÇAR CRICIUMA","Manut. Gabinete do Secretario.","Elaborar projetos arquitetônicos, urbanísticos e geométricos (rodoviários) de espaços públicos; Revisar e regulamentar constantemente a legislação urbanística do Plano Diretor; Executar obras de edificações e espaços públicos de interesse da coletividade. Garantir o desenvolvimento econômico do município por meio de execução de obras significativas ao crescimento urbano.Tornar à cidade mais humanizada, bonita e agradável de se viver, sempre em conformidade com o novo Plano Diretor do Municipio.","SEC. M. DE INFRAEST.,PLANEJ. E MOBILIDADE URBANA","Gab. Secretaria de Infraest. e Mob. Urbana",Administração,"Administração Geral",1072,"Manut. Gabinete do Secretario.","Aplicacoes Diretas",166,31900000000000,"Aplicacoes Diretas","PREFEITURA MUNICIPAL DE CRICIUMA","DESPESAS CORRENTES",2200000,-100000,2100000,1721570.29,1721570.29,1721570.29,1721570.29,0.0,1702959.15,0,1702959.15,18611.14,18611.14,78.25,81.98,78.25,81.98,77.41,123.31,"fontesRecursos_566fb90f-36c5-4b7c-b522-25681af10caa.csv","informacaoPlanejamento_d1721261-24f7-45ed-9fdb-6e17a7f8b9bd.csv","empenhos_cc86a126-6e27-4551-affa-c05146df4d64.csv","suplementacoes_41c4ec3f-b792-4bed-90b3-98526105f92f.csv"," "
"PREFEITURA MUNICIPAL DE CRICIUMA",2024,"AVANÇAR CRICIUMA","Manut. Gabinete do Secretario.","Elaborar projetos arquitetônicos, urbanísticos e geométricos (rodoviários) de espaços públicos; Revisar e regulamentar constantemente a legislação urbanística do Plano Diretor; Executar obras de edificações e espaços públicos de interesse da coletividade. Garantir o desenvolvimento econômico do município por meio de execução de obras significativas ao crescimento urbano.Tornar à cidade mais humanizada, bonita e agradável de se viver, sempre em conformidade com o novo Plano Diretor do Municipio.","SEC. M. DE INFRAEST.,PLANEJ. E MOBILIDADE URBANA","Gab. Secretaria de Infraest. e Mob. Urbana",Administração,"Administração Geral",1072,"Manut. Gabinete do Secretario.","Aplicacoes Diretas",168,44900000000000,"Aplicacoes Diretas","PREFEITURA MUNICIPAL DE CRICIUMA","DESPESAS DE CAPITAL",100000,-100000,0,0,0,0,0,0,0,0,0,0,0,0.0,0.0,0.0,0.0,0.0,0.0,"fontesRecursos_56a6d7b5-c354-4d8a-9b47-a94676111282.csv","informacaoPlanejamento_03af9fdb-ac65-445d-a7d9-e085fde1d0e5.csv"," ","suplementacoes_1a584120-eb53-49c7-b7c8-da148d726012.csv"," "
"PREFEITURA MUNICIPAL DE CRICIUMA",2024,"GESTÃO ADMINISTRATIVA","Manut. Fdo de Proteção e Defesa Civil","Planejar a gestão publica atraves de implementações de dados gerenciais visando a redução de custos, e estrategicas na defesa civil do municipio.","SEC. M. DE INFRAEST.,PLANEJ. E MOBILIDADE URBANA",Obras,"Segurança Pública","Defesa Civil",1008,"Manut. Fdo de Proteção e Defesa Civil","Aplicacoes Diretas",173,33900000000000,"Aplicacoes Diretas","PREFEITURA MUNICIPAL DE CRICIUMA","DESPESAS CORRENTES",50000,20000,70000,61044.11,48543.41,49043.41,48543.41,0.0,49043.41,500.0,48543.41,0.0,0.0,122.09,87.21,98.09,70.06,98.09,142.73,"fontesRecursos_33aa7680-6022-4b4b-aa8a-a20f2a06fb69.csv","informacaoPlanejamento_ad445e3c-0c76-47eb-9f34-4fa7a11de273.csv","empenhos_e0bb724f-bb68-41a6-ab39-7d3f063d756c.csv","suplementacoes_11056e6c-a7a7-442f-8a17-a03abfd12f1d.csv"," "
"PREFEITURA MUNICIPAL DE CRICIUMA",2024,"GESTÃO ADMINISTRATIVA","Manut. Fdo de Proteção e Defesa Civil","Planejar a gestão publica atraves de implementações de dados gerenciais visando a redução de custos, e estrategicas na defesa civil do municipio.","SEC. M. DE INFRAEST.,PLANEJ. E MOBILIDADE URBANA",Obras,"Segurança Pública","Defesa Civil",1008,"Manut. Fdo de Proteção e Defesa Civil","Aplicacoes Diretas",172,31900000000000,"Aplicacoes Diretas","PREFEITURA MUNICIPAL DE CRICIUMA","DESPESAS CORRENTES",1400000,320000,1720000,1574866.16,1574866.16,1574866.16,1574866.16,0.0,1574684.94,0,1574684.94,181.22,181.22,112.49,91.56,112.49,91.56,112.48,109.23,"fontesRecursos_da11277d-9e79-4282-8887-d03a0443a0bd.csv","informacaoPlanejamento_1c449b15-75fe-4eaa-a935-1da13fac8e1a.csv","empenhos_c60db8f8-a579-4403-8e86-e1367e249492.csv","suplementacoes_9d542251-360f-4bd9-b422-490f74fd7c4b.csv"," "
"PREFEITURA MUNICIPAL DE CRICIUMA",2024,"GESTÃO ADMINISTRATIVA","Manut. Fdo de Proteção e Defesa Civil","Planejar a gestão publica atraves de implementações de dados gerenciais visando a redução de custos, e estrategicas na defesa civil do municipio.","SEC. M. DE INFRAEST.,PLANEJ. E MOBILIDADE URBANA",Obras,"Segurança Pública","Defesa Civil",1008,"Manut. Fdo de Proteção e Defesa Civil","Aplicacoes Diretas",174,44900000000000,"Aplicacoes Diretas","PREFEITURA MUNICIPAL DE CRICIUMA","DESPESAS DE CAPITAL",50000,-22752.8,27247.2,0,0,0,0,0,0,0,0,0,0,0.0,0.0,0.0,0.0,0.0,0.0,"fontesRecursos_6dd63f3c-a08e-4733-9cec-6c18f11bd21b.csv","informacaoPlanejamento_a864e360-e600-49e1-ac2a-192398296034.csv"," ","suplementacoes_2dcca131-42ea-45e9-9ccc-3b7c40c72d23.csv"," "
"PREFEITURA MUNICIPAL DE CRICIUMA",2024,"AVANÇAR CRICIUMA","Manut. Depto Fisico e Territotial - DPFT","Elaborar projetos arquitetônicos, urbanísticos e geométricos (rodoviários) de espaços públicos; Revisar e regulamentar constantemente a legislação urbanística do Plano Diretor; Executar obras de edificações e espaços públicos de interesse da coletividade. Garantir o desenvolvimento econômico do município por meio de execução de obras significativas ao crescimento urbano.Tornar à cidade mais humanizada, bonita e agradável de se viver, sempre em conformidade com o novo Plano Diretor do Municipio.","SEC. M. DE INFRAEST.,PLANEJ. E MOBILIDADE URBANA","Gab. Secretaria de Infraest. e Mob. Urbana",Administração,"Ordenamento Territorial",1087,"Manut. Depto Fisico e Territotial - DPFT","Aplicacoes Diretas",171,44900000000000,"Aplicacoes Diretas","PREFEITURA MUNICIPAL DE CRICIUMA","DESPESAS DE CAPITAL",300000,-300000,0,0,0,0,0,0,0,0,0,0,0,0.0,0.0,0.0,0.0,0.0,0.0,"fontesRecursos_3c02f747-e641-4516-a93a-8b1fe7b63b01.csv","informacaoPlanejamento_96dc8da0-92b3-4db8-bba7-ea040e648de6.csv"," ","suplementacoes_99fe6d1f-3991-40dd-9911-36262648c809.csv"," "
"PREFEITURA MUNICIPAL DE CRICIUMA",2024,"AVANÇAR CRICIUMA","Manut. Gabinete do Secretario.","Elaborar projetos arquitetônicos, urbanísticos e geométricos (rodoviários) de espaços públicos; Revisar e regulamentar constantemente a legislação urbanística do Plano Diretor; Executar obras de edificações e espaços públicos de interesse da coletividade. Garantir o desenvolvimento econômico do município por meio de execução de obras significativas ao crescimento urbano.Tornar à cidade mais humanizada, bonita e agradável de se viver, sempre em conformidade com o novo Plano Diretor do Municipio.","SEC. M. DE INFRAEST.,PLANEJ. E MOBILIDADE URBANA","Gab. Secretaria de Infraest. e Mob. Urbana",Administração,"Administração Geral",1072,"Manut. Gabinete do Secretario.","Aplicacoes Diretas",167,33900000000000,"Aplicacoes Diretas","PREFEITURA MUNICIPAL DE CRICIUMA","DESPESAS CORRENTES",50000,0,50000,0,0,0,0,0,0,0,0,0,0,0.0,0.0,0.0,0.0,0.0,0.0,"fontesRecursos_c32bc0eb-628d-4925-adcd-4f6da9a7a679.csv","informacaoPlanejamento_89d42bbd-7ef9-4129-a6b6-d5755c804c67.csv"," "," "," "
"PREFEITURA MUNICIPAL DE CRICIUMA",2024,"AVANÇAR CRICIUMA","Coleta de Materiais em Comunidades","Elaborar projetos arquitetônicos, urbanísticos e geométricos (rodoviários) de espaços públicos; Revisar e regulamentar constantemente a legislação urbanística do Plano Diretor; Executar obras de edificações e espaços públicos de interesse da coletividade. Garantir o desenvolvimento econômico do município por meio de execução de obras significativas ao crescimento urbano.Tornar à cidade mais humanizada, bonita e agradável de se viver, sempre em conformidade com o novo Plano Diretor do Municipio.","SEC. M. DE INFRAEST.,PLANEJ. E MOBILIDADE URBANA","Coleta de Resíduos Sólidos","Gestão Ambiental","Preservação e Conservação Ambiental",1080,"Coleta de Materiais em Comunidades","Aplicacoes Diretas",202,33900000000000,"Aplicacoes Diretas","PREFEITURA MUNICIPAL DE CRICIUMA","DESPESAS CORRENTES",50000,0,50000,0,0,0,0,0,0,0,0,0,0,0.0,0.0,0.0,0.0,0.0,0.0,"fontesRecursos_9ee1a7ef-6d6b-4f41-a7e2-fc4265ec89fa.csv","informacaoPlanejamento_89258d0f-e05a-4e05-8ba0-18772ebf2fb4.csv"," "," "," "
"PREFEITURA MUNICIPAL DE CRICIUMA",2024,"AVANÇAR CRICIUMA","Convênio Rio de Manut. Manejo de Rios","Elaborar projetos arquitetônicos, urbanísticos e geométricos (rodoviários) de espaços públicos; Revisar e regulamentar constantemente a legislação urbanística do Plano Diretor; Executar obras de edificações e espaços públicos de interesse da coletividade. Garantir o desenvolvimento econômico do município por meio de execução de obras significativas ao crescimento urbano.Tornar à cidade mais humanizada, bonita e agradável de se viver, sempre em conformidade com o novo Plano Diretor do Municipio.","SEC. M. DE INFRAEST.,PLANEJ. E MOBILIDADE URBANA","Convênio Rio Criciúma",Saneamento,"Saneamento Básico Urbano",1077,"Convênio Rio de Manut. Manejo de Rios","Aplicacoes Diretas",196,33900000000000,"Aplicacoes Diretas","PREFEITURA MUNICIPAL DE CRICIUMA","DESPESAS CORRENTES",300000,1768448.73,2068448.73,1870110.67,1600887.49,1548674.55,1548674.55,52212.94,1548674.55,0,1548674.55,52212.94,0.0,623.37,90.41,516.22,74.87,516.22,133.56,"fontesRecursos_866337bd-cc2b-4b4c-a633-2cf6889430b2.csv","informacaoPlanejamento_d5fdec16-b112-473e-bcbc-f946f8d3eb80.csv","empenhos_4e5331d0-464b-403c-b79f-6b06114f6534.csv","suplementacoes_9053a6d6-d402-42c1-bf8d-57b48dd63f4d.csv"," "
"PREFEITURA MUNICIPAL DE CRICIUMA",2024,"AVANÇAR CRICIUMA","Convênio Rio de Manut. Manejo de Rios","Elaborar projetos arquitetônicos, urbanísticos e geométricos (rodoviários) de espaços públicos; Revisar e regulamentar constantemente a legislação urbanística do Plano Diretor; Executar obras de edificações e espaços públicos de interesse da coletividade. Garantir o desenvolvimento econômico do município por meio de execução de obras significativas ao crescimento urbano.Tornar à cidade mais humanizada, bonita e agradável de se viver, sempre em conformidade com o novo Plano Diretor do Municipio.","SEC. M. DE INFRAEST.,PLANEJ. E MOBILIDADE URBANA","Convênio Rio Criciúma",Saneamento,"Saneamento Básico Urbano",1077,"Convênio Rio de Manut. Manejo de Rios","Aplicacoes Diretas",197,44900000000000,"Aplicacoes Diretas","PREFEITURA MUNICIPAL DE CRICIUMA","DESPESAS DE CAPITAL",14200000,-1768448.73,1.243155127E7,1402314.88,406847.71,444451.14,406847.71,0.0,406847.71,0,406847.71,0.0,0.0,9.88,11.28,3.13,3.58,2.87,3055.58,"fontesRecursos_16aaa0e9-2b0a-4e71-97ed-fba6eb5c6dc0.csv","informacaoPlanejamento_e0326384-0200-4462-b52e-66ece79af896.csv","empenhos_c2dccc3a-e9b9-432e-8c8e-435a3a3cdf6e.csv","suplementacoes_4fb92192-b640-4767-b6e5-165b7005dca8.csv"," "
"PREFEITURA MUNICIPAL DE CRICIUMA",2024,"AVANÇAR CRICIUMA","Canalizações e Drenagens","Elaborar projetos arquitetônicos, urbanísticos e geométricos (rodoviários) de espaços públicos; Revisar e regulamentar constantemente a legislação urbanística do Plano Diretor; Executar obras de edificações e espaços públicos de interesse da coletividade. Garantir o desenvolvimento econômico do município por meio de execução de obras significativas ao crescimento urbano.Tornar à cidade mais humanizada, bonita e agradável de se viver, sempre em conformidade com o novo Plano Diretor do Municipio.","SEC. M. DE INFRAEST.,PLANEJ. E MOBILIDADE URBANA","Canalizações e Drenagens",Saneamento,"Saneamento Básico Urbano",1076,"Canalizações e Drenagens","Aplicacoes Diretas",195,44900000000000,"Aplicacoes Diretas","PREFEITURA MUNICIPAL DE CRICIUMA","DESPESAS DE CAPITAL",3040000,1175000,4215000,1022541.78,994360.14,524021.64,524021.64,470338.5,524021.64,0,524021.64,470338.5,0.0,33.64,24.26,17.24,12.43,17.24,804.36,"fontesRecursos_a08bbbe6-7111-4144-908b-5408790edd8b.csv","informacaoPlanejamento_a4a6aec5-d821-483b-9c2c-ef492e867bb9.csv","empenhos_f4e99861-4a31-4769-accf-585165a259bc.csv","suplementacoes_8d7f41bb-87a1-4d45-88f1-e93a41907144.csv"," "
"PREFEITURA MUNICIPAL DE CRICIUMA",2024,"CONSCIENTIZAÇÃO AMBIENTAL","Manut. de Horto Florestal / Parque Ecológico ""José Milanese""","Incentivar a conscientização ambiental entre os cidadãos e promover a conservação do meio ambiente para a melhoria da qualidade de vida.","SEC. M. DE INFRAEST.,PLANEJ. E MOBILIDADE URBANA","Diretoria Municipal de Meio Ambiente de Criciúma","Gestão Ambiental","Preservação e Conservação Ambiental",1222,"Manut. de Horto Florestal / Parque Ecológico ""José Milanese""","Aplicacoes Diretas",223,44900000000000,"Aplicacoes Diretas","PREFEITURA MUNICIPAL DE CRICIUMA","DESPESAS DE CAPITAL",740000,0,740000,0,0,0,0,0,0,0,0,0,0,0.0,0.0,0.0,0.0,0.0,0.0,"fontesRecursos_095a6c25-6467-410e-9a3f-ccbb46b0e391.csv","informacaoPlanejamento_45658dbe-410d-427a-a017-d4642e6400bf.csv"," "," "," "
"PREFEITURA MUNICIPAL DE CRICIUMA",2024,"CONSCIENTIZAÇÃO AMBIENTAL","Manut. de Horto Florestal / Parque Ecológico ""José Milanese""","Incentivar a conscientização ambiental entre os cidadãos e promover a conservação do meio ambiente para a melhoria da qualidade de vida.","SEC. M. DE INFRAEST.,PLANEJ. E MOBILIDADE URBANA","Diretoria Municipal de Meio Ambiente de Criciúma","Gestão Ambiental","Preservação e Conservação Ambiental",1222,"Manut. de Horto Florestal / Parque Ecológico ""José Milanese""","Aplicacoes Diretas",222,33900000000000,"Aplicacoes Diretas","PREFEITURA MUNICIPAL DE CRICIUMA","DESPESAS CORRENTES",420000,0,420000,89656.19,63232.95,60519.9,60519.9,2713.05,60519.9,0,60519.9,2713.05,0.0,21.35,21.35,14.41,14.41,14.41,693.99,"fontesRecursos_e22e8641-76a2-4071-8dfc-586a19147be2.csv","informacaoPlanejamento_a88f71e1-bb4b-423a-b631-987a1f10dd0a.csv","empenhos_421639dc-b945-4356-93b5-6be0a5d57707.csv"," "," "
"PREFEITURA MUNICIPAL DE CRICIUMA",2024,"CONSCIENTIZAÇÃO AMBIENTAL","Manut. da Diretoria de Meio Ambiente","Incentivar a conscientização ambiental entre os cidadãos e promover a conservação do meio ambiente para a melhoria da qualidade de vida.","SEC. M. DE INFRAEST.,PLANEJ. E MOBILIDADE URBANA","Diretoria Municipal de Meio Ambiente de Criciúma","Gestão Ambiental","Administração Geral",1221,"Manut. da Diretoria de Meio Ambiente","Aplicações Diretas - Oper.Intra-Orçamentárias",219,31910000000000,"Aplicações Diretas - Oper.Intra-Orçamentárias","PREFEITURA MUNICIPAL DE CRICIUMA","DESPESAS CORRENTES",300000,0,300000,0,0,0,0,0,0,0,0,0,0,0.0,0.0,0.0,0.0,0.0,0.0,"fontesRecursos_c306c010-9669-4b7d-9168-4db2cdc5409e.csv","informacaoPlanejamento_105d7c92-d868-492d-b2f7-e0fce2e97b7d.csv"," "," "," "
"PREFEITURA MUNICIPAL DE CRICIUMA",2024,"CONSCIENTIZAÇÃO AMBIENTAL","Manut. da Diretoria de Meio Ambiente","Incentivar a conscientização ambiental entre os cidadãos e promover a conservação do meio ambiente para a melhoria da qualidade de vida.","SEC. M. DE INFRAEST.,PLANEJ. E MOBILIDADE URBANA","Diretoria Municipal de Meio Ambiente de Criciúma","Gestão Ambiental","Administração Geral",1221,"Manut. da Diretoria de Meio Ambiente","Aplicacoes Diretas",221,44900000000000,"Aplicacoes Diretas","PREFEITURA MUNICIPAL DE CRICIUMA","DESPESAS DE CAPITAL",800000,757800,1557800,757800.0,126300.0,126300.0,126300.0,0.0,126300.0,0,126300.0,0.0,0.0,94.73,48.65,15.79,8.11,15.79,1233.41,"fontesRecursos_250568ae-7fee-4d12-9028-3893583dd3ea.csv","informacaoPlanejamento_87869c19-2bce-4d87-b36d-d012f1203723.csv","empenhos_a02be648-da4a-45b8-9547-700dc129254b.csv","suplementacoes_b97adbc3-5046-45f3-a74b-9877c8036e40.csv"," "
"PREFEITURA MUNICIPAL DE CRICIUMA",2024,"AVANÇAR CRICIUMA","Frota Municipal","Elaborar projetos arquitetônicos, urbanísticos e geométricos (rodoviários) de espaços públicos; Revisar e regulamentar constantemente a legislação urbanística do Plano Diretor; Executar obras de edificações e espaços públicos de interesse da coletividade. Garantir o desenvolvimento econômico do município por meio de execução de obras significativas ao crescimento urbano.Tornar à cidade mais humanizada, bonita e agradável de se viver, sempre em conformidade com o novo Plano Diretor do Municipio.","SEC. M. DE INFRAEST.,PLANEJ. E MOBILIDADE URBANA","Frota Municipal",Administração,"Administração Geral",1084,"Frota Municipal","Aplicacoes Diretas",211,33900000000000,"Aplicacoes Diretas","PREFEITURA MUNICIPAL DE CRICIUMA","DESPESAS CORRENTES",24000000,-2504300,21495700,1.517467304E7,1.232947213E7,1.191721126E7,1.191721126E7,412260.87,1.191721126E7,0,1.191721126E7,412260.87,0.0,63.23,70.59,49.66,55.44,49.66,180.38,"fontesRecursos_c4755039-9262-4978-8f43-1f852280dcb5.csv","informacaoPlanejamento_082d79a8-f40f-442c-8080-9177a9694738.csv","empenhos_7286c1ee-c947-45d5-b451-4ed9c55db7a8.csv","suplementacoes_21409748-2d85-4f4f-b466-66de3f76fc62.csv"," "
"PREFEITURA MUNICIPAL DE CRICIUMA",2024,"AVANÇAR CRICIUMA","Frota Municipal","Elaborar projetos arquitetônicos, urbanísticos e geométricos (rodoviários) de espaços públicos; Revisar e regulamentar constantemente a legislação urbanística do Plano Diretor; Executar obras de edificações e espaços públicos de interesse da coletividade. Garantir o desenvolvimento econômico do município por meio de execução de obras significativas ao crescimento urbano.Tornar à cidade mais humanizada, bonita e agradável de se viver, sempre em conformidade com o novo Plano Diretor do Municipio.","SEC. M. DE INFRAEST.,PLANEJ. E MOBILIDADE URBANA","Frota Municipal",Administração,"Administração Geral",1084,"Frota Municipal","Aplicacoes Diretas",212,44900000000000,"Aplicacoes Diretas","PREFEITURA MUNICIPAL DE CRICIUMA","DESPESAS DE CAPITAL",10100000,3030300,13130300,1.47563E7,1.07355E7,1.07355E7,1.07355E7,0.0,1.07355E7,0,1.07355E7,0.0,0.0,146.1,112.38,106.29,81.76,106.29,122.31,"fontesRecursos_511ff0c5-9c19-4199-b46b-af353fab2feb.csv","informacaoPlanejamento_e90f79ec-bd61-46b3-8588-8f35061c0e8f.csv","empenhos_ed66f512-1115-4baf-9b92-782f24bb7666.csv","suplementacoes_76cbc40c-25c4-45eb-a8be-62c84435d8e5.csv"," "
"PREFEITURA MUNICIPAL DE CRICIUMA",2024,"AVANÇAR CRICIUMA","Oficinas e Garagens","Elaborar projetos arquitetônicos, urbanísticos e geométricos (rodoviários) de espaços públicos; Revisar e regulamentar constantemente a legislação urbanística do Plano Diretor; Executar obras de edificações e espaços públicos de interesse da coletividade. Garantir o desenvolvimento econômico do município por meio de execução de obras significativas ao crescimento urbano.Tornar à cidade mais humanizada, bonita e agradável de se viver, sempre em conformidade com o novo Plano Diretor do Municipio.","SEC. M. DE INFRAEST.,PLANEJ. E MOBILIDADE URBANA","Oficinas e Garagens",Administração,"Administração Geral",1083,"Oficinas e Garagens","Aplicacoes Diretas",208,31900000000000,"Aplicacoes Diretas","PREFEITURA MUNICIPAL DE CRICIUMA","DESPESAS CORRENTES",9000000,448000,9448000,9266489.93,9266489.93,9266489.93,9266489.93,0.0,9233437.32,0,9233437.32,33052.61,33052.61,102.96,98.08,102.96,98.08,102.59,102.32,"fontesRecursos_c32f506a-e210-43a0-9447-a74e39877c9b.csv","informacaoPlanejamento_4fd5b9d8-7bbd-4841-bed1-cb03a4d60a26.csv","empenhos_44d47ff2-11ee-4d18-9653-f5f378c711fb.csv","suplementacoes_29bc2f0a-89c2-4a75-8e26-192b5c0f7237.csv"," "
"PREFEITURA MUNICIPAL DE CRICIUMA",2024,"CONSCIENTIZAÇÃO AMBIENTAL","Manut. da Diretoria de Meio Ambiente","Incentivar a conscientização ambiental entre os cidadãos e promover a conservação do meio ambiente para a melhoria da qualidade de vida.","SEC. M. DE INFRAEST.,PLANEJ. E MOBILIDADE URBANA","Diretoria Municipal de Meio Ambiente de Criciúma","Gestão Ambiental","Administração Geral",1221,"Manut. da Diretoria de Meio Ambiente","Aplicacoes Diretas",218,31900000000000,"Aplicacoes Diretas","PREFEITURA MUNICIPAL DE CRICIUMA","DESPESAS CORRENTES",2500000,0,2500000,2351507.43,2351507.43,2351507.43,2351507.43,0.0,2308284.79,0,2308284.79,43222.64,43222.64,94.06,94.06,94.06,94.06,92.33,108.31,"fontesRecursos_056eb772-a8cf-47ae-bfca-23399d30c8ac.csv","informacaoPlanejamento_51c1c311-4f2c-44e5-9c1e-bb73fab0975d.csv","empenhos_b6f63271-118a-4703-bf3c-0919a3eba376.csv"," "," "
"PREFEITURA MUNICIPAL DE CRICIUMA",2024,"AVANÇAR CRICIUMA","Manut. do Fdo de Desenvolvimento Municipal/FUNDEM","Elaborar projetos arquitetônicos, urbanísticos e geométricos (rodoviários) de espaços públicos; Revisar e regulamentar constantemente a legislação urbanística do Plano Diretor; Executar obras de edificações e espaços públicos de interesse da coletividade. Garantir o desenvolvimento econômico do município por meio de execução de obras significativas ao crescimento urbano.Tornar à cidade mais humanizada, bonita e agradável de se viver, sempre em conformidade com o novo Plano Diretor do Municipio.","SEC. M. DE INFRAEST.,PLANEJ. E MOBILIDADE URBANA","Manut. Fdo. de Desenvolvimento Municipal/FUNDEM",Administração,"Administração Geral",1220,"Manut. do Fdo de Desenvolvimento Municipal/FUNDEM","Aplicacoes Diretas",214,33900000000000,"Aplicacoes Diretas","PREFEITURA MUNICIPAL DE CRICIUMA","DESPESAS CORRENTES",1500000,-500000,1000000,0,0,0,0,0,0,0,0,0,0,0.0,0.0,0.0,0.0,0.0,0.0,"fontesRecursos_59ae57d2-b206-4362-89b6-a8f0dc6f979b.csv","informacaoPlanejamento_ad661546-708e-439a-af08-f416f2de3e7a.csv"," ","suplementacoes_341b9bf9-306a-432a-ab69-5c91e4e6ff75.csv"," "
"PREFEITURA MUNICIPAL DE CRICIUMA",2024,"AVANÇAR CRICIUMA","Frota Municipal","Elaborar projetos arquitetônicos, urbanísticos e geométricos (rodoviários) de espaços públicos; Revisar e regulamentar constantemente a legislação urbanística do Plano Diretor; Executar obras de edificações e espaços públicos de interesse da coletividade. Garantir o desenvolvimento econômico do município por meio de execução de obras significativas ao crescimento urbano.Tornar à cidade mais humanizada, bonita e agradável de se viver, sempre em conformidade com o novo Plano Diretor do Municipio.","SEC. M. DE INFRAEST.,PLANEJ. E MOBILIDADE URBANA","Frota Municipal",Administração,"Administração Geral",1084,"Frota Municipal","Aplicacoes Diretas",213,45900000000000,"Aplicacoes Diretas","PREFEITURA MUNICIPAL DE CRICIUMA","DESPESAS DE CAPITAL",1000000,-1000000,0,0,0,0,0,0,0,0,0,0,0,0.0,0.0,0.0,0.0,0.0,0.0,"fontesRecursos_87efdef7-2b73-4453-9bc5-54571a65e026.csv","informacaoPlanejamento_88014828-dd4b-4d61-badb-05d1267c6891.csv"," ","suplementacoes_75d3ccaa-2230-4410-82ad-2379b394e140.csv"," "
"PREFEITURA MUNICIPAL DE CRICIUMA",2024,"AVANÇAR CRICIUMA",Parques/Praças/Jardins,"Elaborar projetos arquitetônicos, urbanísticos e geométricos (rodoviários) de espaços públicos; Revisar e regulamentar constantemente a legislação urbanística do Plano Diretor; Executar obras de edificações e espaços públicos de interesse da coletividade. Garantir o desenvolvimento econômico do município por meio de execução de obras significativas ao crescimento urbano.Tornar à cidade mais humanizada, bonita e agradável de se viver, sempre em conformidade com o novo Plano Diretor do Municipio.","SEC. M. DE INFRAEST.,PLANEJ. E MOBILIDADE URBANA",Parques/Praças/Jardins,"Desporto e Lazer",Lazer,1081,Parques/Praças/Jardins,"Aplicacoes Diretas",204,33900000000000,"Aplicacoes Diretas","PREFEITURA MUNICIPAL DE CRICIUMA","DESPESAS CORRENTES",5000000,0,5000000,3343012.42,2937629.09,2739781.45,2739781.45,197847.64,2739781.45,0,2739781.45,197847.64,0.0,66.86,66.86,54.8,54.8,54.8,182.5,"fontesRecursos_1cf1f559-3c8a-4963-aa8c-e3a7bc8efed2.csv","informacaoPlanejamento_a41d73ec-3446-4164-8156-4157da5b5d2c.csv","empenhos_f8a0f2b0-e8e2-4e5a-9a8f-dc842a648262.csv"," "," "
"PREFEITURA MUNICIPAL DE CRICIUMA",2024,"AVANÇAR CRICIUMA","Coleta de Materiais em Comunidades","Elaborar projetos arquitetônicos, urbanísticos e geométricos (rodoviários) de espaços públicos; Revisar e regulamentar constantemente a legislação urbanística do Plano Diretor; Executar obras de edificações e espaços públicos de interesse da coletividade. Garantir o desenvolvimento econômico do município por meio de execução de obras significativas ao crescimento urbano.Tornar à cidade mais humanizada, bonita e agradável de se viver, sempre em conformidade com o novo Plano Diretor do Municipio.","SEC. M. DE INFRAEST.,PLANEJ. E MOBILIDADE URBANA","Coleta de Resíduos Sólidos","Gestão Ambiental","Preservação e Conservação Ambiental",1080,"Coleta de Materiais em Comunidades","Aplicacoes Diretas",203,44900000000000,"Aplicacoes Diretas","PREFEITURA MUNICIPAL DE CRICIUMA","DESPESAS DE CAPITAL",50000,0,50000,0,0,0,0,0,0,0,0,0,0,0.0,0.0,0.0,0.0,0.0,0.0,"fontesRecursos_04ff2e8b-e192-443c-bc92-906c560f2cc7.csv","informacaoPlanejamento_aa3c9869-395a-40f4-ac3b-479283a4a882.csv"," "," "," "
"PREFEITURA MUNICIPAL DE CRICIUMA",2024,"CENTRAL DE ALIMENTOS","Aquisição de Merenda Escolar","Elaborar cardapio de qualidade para um bom desenvolvimento e crescimento doa slunos; Oportunizar Formação Continuada as serventes, apra qualificar o atendimento; Fornecer generos alimenticios, gas e outros, para garantir as necessidades basicas das unidades.","SEC. MUN. DE EDUCAÇÃO","Merenda Escolar",Educação,"Alimentação e Nutrição",1037,"Aquisição de Merenda Escolar","Aplicacoes Diretas",162,33900000000000,"Aplicacoes Diretas","PREFEITURA MUNICIPAL DE CRICIUMA","DESPESAS CORRENTES",22010000,0,22010000,1.896729116E7,1.554806853E7,1.583492969E7,1.554806853E7,0.0,1.539293153E7,0,1.539293153E7,155137.0,155137.0,86.18,86.18,71.94,71.94,69.94,142.99,"fontesRecursos_f3b87240-56b2-4f20-8fc5-ff5c522c4a16.csv","informacaoPlanejamento_60a790e0-bfc9-44ee-8d40-43cbbaa6a986.csv","empenhos_ae1c978c-dae4-40fa-82ea-88350f230774.csv","suplementacoes_b8566f32-1d7f-408c-a3ff-51589bd53712.csv"," "
"PREFEITURA MUNICIPAL DE CRICIUMA",2024,"GESTÃO DE QUALIDADE NA EDUCAÇÃO INFANTIL","Convênios com Entidades Educacionais","Garantir espço educativo adequado para a promoção da formação humana; Ampliar o numero de crianças atendidas na Educação Infantil na faixa etária de 4 a 5 anos  na rede Municipal de Educação; Ampliar os espaços fisicos dos CEIMs; Fornecer materiais diversos e outros para a manutenção dos CEIMs; Ampliar a equipe tecnica Pedagogica para atender as especifidades da Ed. Infantil; Fomentar Pojetos Educativos nos CEIMs.","SEC. MUN. DE EDUCAÇÃO","Unidades Escolares",Educação,"Educação Infantil",1039,"Convênios com Entidades Educacionais","Aplicacoes Diretas",134,31900000000000,"Aplicacoes Diretas","PREFEITURA MUNICIPAL DE CRICIUMA","DESPESAS CORRENTES",100000,0,100000,0,0,0,0,0,0,0,0,0,0,0.0,0.0,0.0,0.0,0.0,0.0,"fontesRecursos_37ebcb37-67eb-40a0-9af5-5e5763da288b.csv","informacaoPlanejamento_08f95ee2-0a83-4b6c-a0da-5aa898f1a284.csv"," "," "," "
"PREFEITURA MUNICIPAL DE CRICIUMA",2024,"GESTÃO DE QUALIDADE NO ENSINO","Unidades Escolares - Ensino Fundamental","Garantir espaço educativo adequado para a promoção da formação humana; fornecer materiais de consumo e didático, generos alimenticios, limpeza e outros paa as escolas e CEIMs; Acompanhar e das suporte administrativo e financeiro as Unidades Escolares; Manter e ampliar os espaços fisicos internos e externos das escolas e CEIMs.","SEC. MUN. DE EDUCAÇÃO","Unidades Escolares",Educação,"Ensino Fundamental",1032,"Unidades Escolares - Ensino Fundamental","Transf. a Instituicoes Privadas s/ Fins Lucrativos",132,44500000000000,"Transf. a Instituicoes Privadas s/ Fins Lucrativos","PREFEITURA MUNICIPAL DE CRICIUMA","DESPESAS DE CAPITAL",130000,1600000,1730000,1599501.38,1599501.38,1599501.38,1599501.38,0.0,1599501.38,0,1599501.38,0.0,0.0,1230.39,92.46,1230.39,92.46,1230.39,108.16,"fontesRecursos_9d69d07e-b6b0-406f-b48a-14af1f5c49a0.csv","informacaoPlanejamento_3b762c93-74fb-419e-9cc9-810a6313daf8.csv","empenhos_f6227235-0dad-43aa-af09-5933f3b9abe2.csv","suplementacoes_65e94b6c-ee8d-4850-b75e-733759729f2d.csv"," "
"PREFEITURA MUNICIPAL DE CRICIUMA",2024,"GESTÃO DE QUALIDADE NO ENSINO","Unidades Escolares - Ensino Fundamental","Garantir espaço educativo adequado para a promoção da formação humana; fornecer materiais de consumo e didático, generos alimenticios, limpeza e outros paa as escolas e CEIMs; Acompanhar e das suporte administrativo e financeiro as Unidades Escolares; Manter e ampliar os espaços fisicos internos e externos das escolas e CEIMs.","SEC. MUN. DE EDUCAÇÃO","Unidades Escolares",Educação,"Ensino Fundamental",1032,"Unidades Escolares - Ensino Fundamental","Transferencias a Instituicoes Privadas sem Fins Lu",130,33500000000000,"Transferencias a Instituicoes Privadas sem Fins Lu","PREFEITURA MUNICIPAL DE CRICIUMA","DESPESAS CORRENTES",2000000,1346000,3346000,2869983.45,2803640.18,2869983.45,2803640.18,0.0,2869983.45,66343.27,2803640.18,0.0,0.0,143.5,85.77,143.5,85.77,143.5,116.59,"fontesRecursos_4afba965-065f-4387-a467-a09525850ba2.csv","informacaoPlanejamento_8a5e0719-f19d-4624-8b5e-ab47532ed0cd.csv","empenhos_0e85664b-29e8-48fe-b084-260421425a1e.csv","suplementacoes_e3fe5775-f427-4324-8fa1-02a87bcfd2eb.csv"," "
"PREFEITURA MUNICIPAL DE CRICIUMA",2024,"GESTÃO DE QUALIDADE NA EDUCAÇÃO INFANTIL","Convênios com Entidades Educacionais","Garantir espço educativo adequado para a promoção da formação humana; Ampliar o numero de crianças atendidas na Educação Infantil na faixa etária de 4 a 5 anos  na rede Municipal de Educação; Ampliar os espaços fisicos dos CEIMs; Fornecer materiais diversos e outros para a manutenção dos CEIMs; Ampliar a equipe tecnica Pedagogica para atender as especifidades da Ed. Infantil; Fomentar Pojetos Educativos nos CEIMs.","SEC. MUN. DE EDUCAÇÃO","Unidades Escolares",Educação,"Educação Infantil",1039,"Convênios com Entidades Educacionais","Aplicacoes Diretas",138,44900000000000,"Aplicacoes Diretas","PREFEITURA MUNICIPAL DE CRICIUMA","DESPESAS DE CAPITAL",1950000,-212000,1738000,682741.3,682741.3,682741.3,682741.3,0.0,682741.3,0,682741.3,0.0,0.0,35.01,39.28,35.01,39.28,35.01,254.56,"fontesRecursos_a5f4a533-2379-461a-8078-eefe9d5c3960.csv","informacaoPlanejamento_fdf6a563-6e2c-439a-89f1-741e1f381c7c.csv","empenhos_98bf46b0-a701-448b-8682-59d0e58a749e.csv","suplementacoes_b6cc0894-4f5c-40d1-baf8-85b39fbdca9c.csv"," "
"PREFEITURA MUNICIPAL DE CRICIUMA",2024,"GESTÃO DE QUALIDADE NA EDUCAÇÃO INFANTIL","Convênios com Entidades Educacionais","Garantir espço educativo adequado para a promoção da formação humana; Ampliar o numero de crianças atendidas na Educação Infantil na faixa etária de 4 a 5 anos  na rede Municipal de Educação; Ampliar os espaços fisicos dos CEIMs; Fornecer materiais diversos e outros para a manutenção dos CEIMs; Ampliar a equipe tecnica Pedagogica para atender as especifidades da Ed. Infantil; Fomentar Pojetos Educativos nos CEIMs.","SEC. MUN. DE EDUCAÇÃO","Unidades Escolares",Educação,"Educação Infantil",1039,"Convênios com Entidades Educacionais","Aplicacoes Diretas",136,33900000000000,"Aplicacoes Diretas","PREFEITURA MUNICIPAL DE CRICIUMA","DESPESAS CORRENTES",82100000,-5350000,76750000,6.307366839E7,6.027527073E7,6.302866839E7,6.027527073E7,0.0,6.302866839E7,2753397.66,6.027527073E7,0.0,0.0,76.83,82.18,76.77,82.12,76.77,121.77,"fontesRecursos_6d3d152b-3106-4777-b618-b8374875e020.csv","informacaoPlanejamento_9a149b56-5ac1-436a-8a97-26129eba37f3.csv","empenhos_f326b836-5a5c-4a1e-8e8a-7f308b05bc78.csv","suplementacoes_99d25055-1ef9-40ae-9286-4ee64463c683.csv"," "
"PREFEITURA MUNICIPAL DE CRICIUMA",2024,"GESTÃO DE QUALIDADE NA EDUCAÇÃO INFANTIL","Convênios com Entidades Educacionais","Garantir espço educativo adequado para a promoção da formação humana; Ampliar o numero de crianças atendidas na Educação Infantil na faixa etária de 4 a 5 anos  na rede Municipal de Educação; Ampliar os espaços fisicos dos CEIMs; Fornecer materiais diversos e outros para a manutenção dos CEIMs; Ampliar a equipe tecnica Pedagogica para atender as especifidades da Ed. Infantil; Fomentar Pojetos Educativos nos CEIMs.","SEC. MUN. DE EDUCAÇÃO","Unidades Escolares",Educação,"Educação Infantil",1039,"Convênios com Entidades Educacionais","Transf. a Instituicoes Privadas s/ Fins Lucrativos",137,44500000000000,"Transf. a Instituicoes Privadas s/ Fins Lucrativos","PREFEITURA MUNICIPAL DE CRICIUMA","DESPESAS DE CAPITAL",550000,1362000,1912000,1891473.38,1877689.69,1891473.38,1877689.69,0.0,1891473.38,13783.69,1877689.69,0.0,0.0,343.9,98.93,343.9,98.93,343.9,101.09,"fontesRecursos_4c316f78-98cf-4c5b-860e-80aad0146001.csv","informacaoPlanejamento_b58211c9-6248-47e0-93e2-c6fa64ea5755.csv","empenhos_5eed8fed-4a8e-412a-bacc-501a35d721d8.csv","suplementacoes_3b1a4a4c-6b9f-41ee-bf4e-f8f2be3ff2c3.csv"," "
"PREFEITURA MUNICIPAL DE CRICIUMA",2024,"GESTÃO DE QUALIDADE NO ENSINO","Unidades Escolares - Ensino Fundamental","Garantir espaço educativo adequado para a promoção da formação humana; fornecer materiais de consumo e didático, generos alimenticios, limpeza e outros paa as escolas e CEIMs; Acompanhar e das suporte administrativo e financeiro as Unidades Escolares; Manter e ampliar os espaços fisicos internos e externos das escolas e CEIMs.","SEC. MUN. DE EDUCAÇÃO","Unidades Escolares",Educação,"Ensino Fundamental",1032,"Unidades Escolares - Ensino Fundamental","Aplicacoes Diretas",128,31900000000000,"Aplicacoes Diretas","PREFEITURA MUNICIPAL DE CRICIUMA","DESPESAS CORRENTES",100000,0,100000,0,0,0,0,0,0,0,0,0,0,0.0,0.0,0.0,0.0,0.0,0.0,"fontesRecursos_92b87cf8-5ca8-4ace-b8a2-dbf76bd701d5.csv","informacaoPlanejamento_b30cb407-6319-4dd8-bd39-d30d501facd1.csv"," "," "," "
"PREFEITURA MUNICIPAL DE CRICIUMA",2024,"GESTÃO DE QUALIDADE NO ENSINO","Unidades Escolares - Ensino Fundamental","Garantir espaço educativo adequado para a promoção da formação humana; fornecer materiais de consumo e didático, generos alimenticios, limpeza e outros paa as escolas e CEIMs; Acompanhar e das suporte administrativo e financeiro as Unidades Escolares; Manter e ampliar os espaços fisicos internos e externos das escolas e CEIMs.","SEC. MUN. DE EDUCAÇÃO","Unidades Escolares",Educação,"Ensino Fundamental",1032,"Unidades Escolares - Ensino Fundamental","Aplicações Diretas - Oper.Intra-Orçamentárias",129,31910000000000,"Aplicações Diretas - Oper.Intra-Orçamentárias","PREFEITURA MUNICIPAL DE CRICIUMA","DESPESAS CORRENTES",100000,0,100000,0,0,0,0,0,0,0,0,0,0,0.0,0.0,0.0,0.0,0.0,0.0,"fontesRecursos_a9d1428d-baff-4d23-8925-902b91fbb4f6.csv","informacaoPlanejamento_e7f5930b-4ced-48c4-a9e9-6f193c35734c.csv"," "," "," "
"PREFEITURA MUNICIPAL DE CRICIUMA",2024,"AVANÇAR CRICIUMA","Centros Comunitarios","Elaborar projetos arquitetônicos, urbanísticos e geométricos (rodoviários) de espaços públicos; Revisar e regulamentar constantemente a legislação urbanística do Plano Diretor; Executar obras de edificações e espaços públicos de interesse da coletividade. Garantir o desenvolvimento econômico do município por meio de execução de obras significativas ao crescimento urbano.Tornar à cidade mais humanizada, bonita e agradável de se viver, sempre em conformidade com o novo Plano Diretor do Municipio.","SEC. M. DE INFRAEST.,PLANEJ. E MOBILIDADE URBANA","Centros Comunitários","Desporto e Lazer",Lazer,1075,"Centros Comunitarios","Transferencias a Instituicoes Privadas sem Fins Lu",190,33500000000000,"Transferencias a Instituicoes Privadas sem Fins Lu","PREFEITURA MUNICIPAL DE CRICIUMA","DESPESAS CORRENTES",20000,0,20000,0,0,0,0,0,0,0,0,0,0,0.0,0.0,0.0,0.0,0.0,0.0,"fontesRecursos_5fd1ded9-f718-4b1f-bd11-c8e356af6247.csv","informacaoPlanejamento_69e362ca-6ef4-4afe-b14f-e476f10d631e.csv"," "," "," "
"PREFEITURA MUNICIPAL DE CRICIUMA",2024,"GESTÃO FISCAL E FINANCEIRA","Manutenção do Fundo Municipal de Inovação","Que as receitas possam crescer o suficiente para podermos cobrir as despesas fixas, e ainda obtermos sobra para os investimentos.","SEC. MUN. DA FAZENDA","Diretoria de Desenvolvimento Econômico","Ciência e Tecnologia","Difusão do Conhecimento Científico e Tecnológico",1208,"Manutenção do Fundo Municipal de Inovação","Aplicacoes Diretas",113,44900000000000,"Aplicacoes Diretas","PREFEITURA MUNICIPAL DE CRICIUMA","DESPESAS DE CAPITAL",100000,0,100000,0,0,0,0,0,0,0,0,0,0,0.0,0.0,0.0,0.0,0.0,0.0,"fontesRecursos_f787bf48-abec-4082-999f-4f47dfdcdd66.csv","informacaoPlanejamento_c43a7278-0457-49b1-ba58-14f3880a3550.csv"," "," "," "
"PREFEITURA MUNICIPAL DE CRICIUMA",2024,"GESTÃO FISCAL E FINANCEIRA","Manutenção do Fundo Municipal de Inovação","Que as receitas possam crescer o suficiente para podermos cobrir as despesas fixas, e ainda obtermos sobra para os investimentos.","SEC. MUN. DA FAZENDA","Diretoria de Desenvolvimento Econômico","Ciência e Tecnologia","Difusão do Conhecimento Científico e Tecnológico",1208,"Manutenção do Fundo Municipal de Inovação","Transf. a Instituicoes Privadas s/ Fins Lucrativos",112,44500000000000,"Transf. a Instituicoes Privadas s/ Fins Lucrativos","PREFEITURA MUNICIPAL DE CRICIUMA","DESPESAS DE CAPITAL",1500000,-900000,600000,0,0,0,0,0,0,0,0,0,0,0.0,0.0,0.0,0.0,0.0,0.0,"fontesRecursos_1083752e-6861-4048-bef7-faf62a015d4d.csv","informacaoPlanejamento_12d332b6-171a-413e-85d3-0db0ed7f7ba0.csv"," ","suplementacoes_51d4d691-cb10-4789-9abf-4a3c5e45ef4a.csv"," "
"PREFEITURA MUNICIPAL DE CRICIUMA",2024,"AVANÇAR CRICIUMA","Pontes/Passarelas/Viadutos/Elevados","Elaborar projetos arquitetônicos, urbanísticos e geométricos (rodoviários) de espaços públicos; Revisar e regulamentar constantemente a legislação urbanística do Plano Diretor; Executar obras de edificações e espaços públicos de interesse da coletividade. Garantir o desenvolvimento econômico do município por meio de execução de obras significativas ao crescimento urbano.Tornar à cidade mais humanizada, bonita e agradável de se viver, sempre em conformidade com o novo Plano Diretor do Municipio.","SEC. M. DE INFRAEST.,PLANEJ. E MOBILIDADE URBANA","Pontes/Passarelas/Viadutos/Elevados",Urbanismo,"Infra-Estrutura Urbana",1078,"Pontes/Passarelas/Viadutos/Elevados","Aplicacoes Diretas",198,33900000000000,"Aplicacoes Diretas","PREFEITURA MUNICIPAL DE CRICIUMA","DESPESAS CORRENTES",1060000,8347,1068347,691538.64,527769.92,527769.92,527769.92,0.0,527769.92,0,527769.92,0.0,0.0,65.24,64.73,49.79,49.4,49.79,202.43,"fontesRecursos_e3858ea8-55d1-41f9-873f-55974c4d3928.csv","informacaoPlanejamento_47de0fa2-ddb5-4dc6-9e1c-8474e4854724.csv","empenhos_51325ce3-7377-4d1c-92b1-1f99c4748838.csv","suplementacoes_77590770-0bc9-4885-ae08-8662942469c8.csv"," "
"PREFEITURA MUNICIPAL DE CRICIUMA",2024,"AVANÇAR CRICIUMA","Pavimentação/Recup/Revitalização/Mobilidade Urbana/Emprestimo FONPLATA, BNDES/BRDE","Elaborar projetos arquitetônicos, urbanísticos e geométricos (rodoviários) de espaços públicos; Revisar e regulamentar constantemente a legislação urbanística do Plano Diretor; Executar obras de edificações e espaços públicos de interesse da coletividade. Garantir o desenvolvimento econômico do município por meio de execução de obras significativas ao crescimento urbano.Tornar à cidade mais humanizada, bonita e agradável de se viver, sempre em conformidade com o novo Plano Diretor do Municipio.","SEC. M. DE INFRAEST.,PLANEJ. E MOBILIDADE URBANA","Abertura/Pavimentação/Manut. de Vias Públicas",Urbanismo,"Infra-Estrutura Urbana",1079,"Pavimentação/Recup/Revitalização/Mobilidade Urbana/Emprestimo FONPLATA, BNDES/BRDE","Aplicacoes Diretas",200,33900000000000,"Aplicacoes Diretas","PREFEITURA MUNICIPAL DE CRICIUMA","DESPESAS CORRENTES",23000000,-2034000,20966000,2.079722163E7,1.761743927E7,1.705150194E7,1.695378678E7,663652.49,1.705150194E7,97715.16,1.695378678E7,663652.49,0.0,90.42,99.19,74.14,81.33,74.14,122.96,"fontesRecursos_02c18170-80c8-443d-bada-a5a9bd6b08b9.csv","informacaoPlanejamento_f97b084a-5775-40b1-bf2a-a4c9df24c148.csv","empenhos_59147916-7af0-43b9-98e3-ee1baf9ae65c.csv","suplementacoes_5a573569-a084-4d6b-ba7b-66ac38202a50.csv"," "
"PREFEITURA MUNICIPAL DE CRICIUMA",2024,"AVANÇAR CRICIUMA","Pontes/Passarelas/Viadutos/Elevados","Elaborar projetos arquitetônicos, urbanísticos e geométricos (rodoviários) de espaços públicos; Revisar e regulamentar constantemente a legislação urbanística do Plano Diretor; Executar obras de edificações e espaços públicos de interesse da coletividade. Garantir o desenvolvimento econômico do município por meio de execução de obras significativas ao crescimento urbano.Tornar à cidade mais humanizada, bonita e agradável de se viver, sempre em conformidade com o novo Plano Diretor do Municipio.","SEC. M. DE INFRAEST.,PLANEJ. E MOBILIDADE URBANA","Pontes/Passarelas/Viadutos/Elevados",Urbanismo,"Infra-Estrutura Urbana",1078,"Pontes/Passarelas/Viadutos/Elevados","Aplicacoes Diretas",199,44900000000000,"Aplicacoes Diretas","PREFEITURA MUNICIPAL DE CRICIUMA","DESPESAS DE CAPITAL",7530000,1844133.68,9374133.68,3217308.8,2714789.36,2714789.36,2714789.36,0.0,2714789.36,0,2714789.36,0.0,0.0,42.73,34.32,36.05,28.96,36.05,345.3,"fontesRecursos_09ce6cb4-b34a-4c88-9208-00b6b861a3c8.csv","informacaoPlanejamento_5baea237-6e60-4428-abe8-cd0a2f5275e5.csv","empenhos_08e83087-8b5d-4cbc-943c-85fc0f07a259.csv","suplementacoes_35598d81-3226-4746-96f3-ca03e5d8d132.csv"," "
"PREFEITURA MUNICIPAL DE CRICIUMA",2024,"AVANÇAR CRICIUMA","Centros Comunitarios","Elaborar projetos arquitetônicos, urbanísticos e geométricos (rodoviários) de espaços públicos; Revisar e regulamentar constantemente a legislação urbanística do Plano Diretor; Executar obras de edificações e espaços públicos de interesse da coletividade. Garantir o desenvolvimento econômico do município por meio de execução de obras significativas ao crescimento urbano.Tornar à cidade mais humanizada, bonita e agradável de se viver, sempre em conformidade com o novo Plano Diretor do Municipio.","SEC. M. DE INFRAEST.,PLANEJ. E MOBILIDADE URBANA","Centros Comunitários","Desporto e Lazer",Lazer,1075,"Centros Comunitarios","Transf. a Instituicoes Privadas s/ Fins Lucrativos",192,44500000000000,"Transf. a Instituicoes Privadas s/ Fins Lucrativos","PREFEITURA MUNICIPAL DE CRICIUMA","DESPESAS DE CAPITAL",20000,-20000,0,0,0,0,0,0,0,0,0,0,0,0.0,0.0,0.0,0.0,0.0,0.0,"fontesRecursos_00a8c5cb-94f6-4b7a-b0fd-12b1a7ef5e38.csv","informacaoPlanejamento_2a35558c-c019-4a57-b0f8-3b2fac8b9dfb.csv"," ","suplementacoes_a497a9e3-67ab-4ced-afce-a75e3a969da9.csv"," "
"PREFEITURA MUNICIPAL DE CRICIUMA",2024,"GESTÃO FISCAL E FINANCEIRA","Manutenção do Fundo Municipal de Inovação","Que as receitas possam crescer o suficiente para podermos cobrir as despesas fixas, e ainda obtermos sobra para os investimentos.","SEC. MUN. DA FAZENDA","Diretoria de Desenvolvimento Econômico","Ciência e Tecnologia","Difusão do Conhecimento Científico e Tecnológico",1208,"Manutenção do Fundo Municipal de Inovação","Aplicacoes Diretas",111,33900000000000,"Aplicacoes Diretas","PREFEITURA MUNICIPAL DE CRICIUMA","DESPESAS CORRENTES",50000,400000,450000,391567.72,391248.56,391567.72,391248.56,0.0,391567.72,319.16,391248.56,0.0,0.0,783.14,87.02,783.14,87.02,783.14,114.92,"fontesRecursos_78790968-9a59-4868-9e68-cd32ae5f8fa3.csv","informacaoPlanejamento_807c7714-395e-4b9a-a817-e919dd77c322.csv","empenhos_676c6c2c-19e8-43ca-8ba4-8a6eeb11def0.csv","suplementacoes_8d2842a6-bbde-4f44-beec-390410cac1c9.csv"," "
"PREFEITURA MUNICIPAL DE CRICIUMA",2024,"GESTÃO FISCAL E FINANCEIRA","Manutenção do Fundo Municipal de Inovação","Que as receitas possam crescer o suficiente para podermos cobrir as despesas fixas, e ainda obtermos sobra para os investimentos.","SEC. MUN. DA FAZENDA","Diretoria de Desenvolvimento Econômico","Ciência e Tecnologia","Difusão do Conhecimento Científico e Tecnológico",1208,"Manutenção do Fundo Municipal de Inovação","Transf. a Instituicoes Privadas c/ Fins Lucrativos",110,33600000000000,"Transf. a Instituicoes Privadas c/ Fins Lucrativos","PREFEITURA MUNICIPAL DE CRICIUMA","DESPESAS CORRENTES",550000,0,550000,225000.0,225000.0,225000.0,225000.0,0.0,225000.0,0,225000.0,0.0,0.0,40.91,40.91,40.91,40.91,40.91,244.44,"fontesRecursos_2957f62f-4ce9-45a1-9c39-9d38b59ffba6.csv","informacaoPlanejamento_949212f6-d73a-4b9a-abf7-1791db43ae20.csv","empenhos_659efd1a-752e-41ee-99f7-5379c5ff6b34.csv"," "," "
"PREFEITURA MUNICIPAL DE CRICIUMA",2024,"GESTÃO FISCAL E FINANCEIRA","Manutenção do Fundo Municipal de Inovação","Que as receitas possam crescer o suficiente para podermos cobrir as despesas fixas, e ainda obtermos sobra para os investimentos.","SEC. MUN. DA FAZENDA","Diretoria de Desenvolvimento Econômico","Ciência e Tecnologia","Difusão do Conhecimento Científico e Tecnológico",1208,"Manutenção do Fundo Municipal de Inovação","Transferencias a Instituicoes Privadas sem Fins Lu",109,33500000000000,"Transferencias a Instituicoes Privadas sem Fins Lu","PREFEITURA MUNICIPAL DE CRICIUMA","DESPESAS CORRENTES",700000,0,700000,149998.8,29579.76,0,0,29579.76,0,0,0,29579.76,0,21.43,21.43,0.0,0.0,0.0,0.0,"fontesRecursos_7f454dfd-7eb8-454c-8a94-85cd51fbd9d0.csv","informacaoPlanejamento_6e4e79ec-2b07-4c84-b8e7-7fee29189483.csv","empenhos_956db5fb-aee0-4fe9-827b-eeeb6c6e056d.csv"," "," "
"PREFEITURA MUNICIPAL DE CRICIUMA",2024,"GESTÃO FISCAL E FINANCEIRA","Programa MÃO NA RODA","Que as receitas possam crescer o suficiente para podermos cobrir as despesas fixas, e ainda obtermos sobra para os investimentos.","SEC. MUN. DA FAZENDA","Diretoria de Desenvolvimento Econômico","Comércio e Serviços","Serviços Financeiros",1239,"Programa MÃO NA RODA","Transf. a Instituicoes Privadas c/ Fins Lucrativos",115,33600000000000,"Transf. a Instituicoes Privadas c/ Fins Lucrativos","PREFEITURA MUNICIPAL DE CRICIUMA","DESPESAS CORRENTES",200000,-200000,0,0,0,0,0,0,0,0,0,0,0,0.0,0.0,0.0,0.0,0.0,0.0,"fontesRecursos_63aa182e-47be-4833-8dbc-892f932b7952.csv","informacaoPlanejamento_a2e36c35-6393-4f6f-9387-22a9e0474c4a.csv"," ","suplementacoes_f3a8cadf-4339-4e64-af68-a4a837bd3634.csv"," "
"PREFEITURA MUNICIPAL DE CRICIUMA",2024,"GESTÃO FISCAL E FINANCEIRA","Programa MÃO NA RODA","Que as receitas possam crescer o suficiente para podermos cobrir as despesas fixas, e ainda obtermos sobra para os investimentos.","SEC. MUN. DA FAZENDA","Diretoria de Desenvolvimento Econômico","Comércio e Serviços","Serviços Financeiros",1239,"Programa MÃO NA RODA","Transferencias a Instituicoes Privadas sem Fins Lu",114,33500000000000,"Transferencias a Instituicoes Privadas sem Fins Lu","PREFEITURA MUNICIPAL DE CRICIUMA","DESPESAS CORRENTES",200000,400000,600000,599995.2,599995.2,590789.03,590789.03,9206.17,590789.03,0,590789.03,9206.17,0.0,300.0,100.0,295.39,98.46,295.39,101.56,"fontesRecursos_5673bf7a-3b95-41d2-a663-e0c114df0a0e.csv","informacaoPlanejamento_de30c9cb-3007-4893-a6f2-1a49de0f2ef6.csv","empenhos_da87fdb5-689f-43f2-9fff-4046a60f5805.csv","suplementacoes_ff6d48b8-1504-4415-bad5-0e0d302e3350.csv"," "
"PREFEITURA MUNICIPAL DE CRICIUMA",2024,"AVANÇAR CRICIUMA","Centros Comunitarios","Elaborar projetos arquitetônicos, urbanísticos e geométricos (rodoviários) de espaços públicos; Revisar e regulamentar constantemente a legislação urbanística do Plano Diretor; Executar obras de edificações e espaços públicos de interesse da coletividade. Garantir o desenvolvimento econômico do município por meio de execução de obras significativas ao crescimento urbano.Tornar à cidade mais humanizada, bonita e agradável de se viver, sempre em conformidade com o novo Plano Diretor do Municipio.","SEC. M. DE INFRAEST.,PLANEJ. E MOBILIDADE URBANA","Centros Comunitários","Desporto e Lazer",Lazer,1075,"Centros Comunitarios","Aplicacoes Diretas",193,44900000000000,"Aplicacoes Diretas","PREFEITURA MUNICIPAL DE CRICIUMA","DESPESAS DE CAPITAL",3300000,1.502172082E7,1.832172082E7,1.282906324E7,7149487.56,6752097.04,6752097.04,397390.52,6752097.04,0,6752097.04,397390.52,0.0,388.76,70.02,204.61,36.85,204.61,271.35,"fontesRecursos_d2f9d50b-33d8-43c6-9e47-d1fa941db119.csv","informacaoPlanejamento_1fca4272-d8a0-4740-a9dd-a7d55a09a4af.csv","empenhos_0b0081aa-dcf9-4e19-b555-58a0acc4e664.csv","suplementacoes_57c9d4bb-a2e2-401e-a0bf-b68cdfd9ceba.csv"," "
"PREFEITURA MUNICIPAL DE CRICIUMA",2024,"CENTRAL DE ALIMENTOS","Manut. Merenda Escolar","Elaborar cardapio de qualidade para um bom desenvolvimento e crescimento doa slunos; Oportunizar Formação Continuada as serventes, apra qualificar o atendimento; Fornecer generos alimenticios, gas e outros, para garantir as necessidades basicas das unidades.","SEC. MUN. DE EDUCAÇÃO","Merenda Escolar",Educação,"Ensino Fundamental",1240,"Manut. Merenda Escolar","Aplicacoes Diretas",165,44900000000000,"Aplicacoes Diretas","PREFEITURA MUNICIPAL DE CRICIUMA","DESPESAS DE CAPITAL",300000,-12000,288000,0,0,0,0,0,0,0,0,0,0,0.0,0.0,0.0,0.0,0.0,0.0,"fontesRecursos_bf2c0a94-858d-4c41-aca1-b5280d155a12.csv","informacaoPlanejamento_9981273d-c355-43d6-9681-96774e1d16a3.csv"," ","suplementacoes_532b25d7-8137-4d8b-96ad-fc4e74968640.csv"," "
"PREFEITURA MUNICIPAL DE CRICIUMA",2024,"CENTRAL DE ALIMENTOS","Manut. Merenda Escolar","Elaborar cardapio de qualidade para um bom desenvolvimento e crescimento doa slunos; Oportunizar Formação Continuada as serventes, apra qualificar o atendimento; Fornecer generos alimenticios, gas e outros, para garantir as necessidades basicas das unidades.","SEC. MUN. DE EDUCAÇÃO","Merenda Escolar",Educação,"Ensino Fundamental",1240,"Manut. Merenda Escolar","Aplicacoes Diretas",163,31900000000000,"Aplicacoes Diretas","PREFEITURA MUNICIPAL DE CRICIUMA","DESPESAS CORRENTES",9010000,0,9010000,38440.5,38440.5,38440.5,38440.5,0.0,38440.5,0,38440.5,0.0,0.0,0.43,0.43,0.43,0.43,0.43,23438.82,"fontesRecursos_a17fea18-97c0-4d02-8f96-c2fbc7a886c3.csv","informacaoPlanejamento_114dfa66-489e-4712-a831-4715548441db.csv","empenhos_565c0947-0551-4a6c-9519-4658b9a5de8e.csv"," "," "
"PREFEITURA MUNICIPAL DE CRICIUMA",2024,"GESTÃO FISCAL E FINANCEIRA","Programa MÃO NA RODA","Que as receitas possam crescer o suficiente para podermos cobrir as despesas fixas, e ainda obtermos sobra para os investimentos.","SEC. MUN. DA FAZENDA","Diretoria de Desenvolvimento Econômico","Comércio e Serviços","Serviços Financeiros",1239,"Programa MÃO NA RODA","Aplicacoes Diretas",116,33900000000000,"Aplicacoes Diretas","PREFEITURA MUNICIPAL DE CRICIUMA","DESPESAS CORRENTES",200000,-200000,0,0,0,0,0,0,0,0,0,0,0,0.0,0.0,0.0,0.0,0.0,0.0,"fontesRecursos_507eb3f3-13f6-41bc-94eb-29da92b20e4d.csv","informacaoPlanejamento_abc176c9-6a38-48a3-a337-76f78709821a.csv"," ","suplementacoes_2e09cc42-0941-44b1-8bba-318d257375ae.csv"," "
"PREFEITURA MUNICIPAL DE CRICIUMA",2024,"GESTÃO FISCAL E FINANCEIRA","Manut. do Convênio Corpo de Bombeiros","Que as receitas possam crescer o suficiente para podermos cobrir as despesas fixas, e ainda obtermos sobra para os investimentos.","SEC. MUN. DA FAZENDA","Convênio Corpo de Bombeiros","Segurança Pública",Policiamento,1029,"Manut. do Convênio Corpo de Bombeiros","Transferencias a Estados e ao Distrito Federal",104,33300000000000,"Transferencias a Estados e ao Distrito Federal","PREFEITURA MUNICIPAL DE CRICIUMA","DESPESAS CORRENTES",20000,0,20000,873.8,873.8,873.8,873.8,0.0,873.8,0,873.8,0.0,0.0,4.37,4.37,4.37,4.37,4.37,2288.85,"fontesRecursos_85c02731-63dd-4282-b1c1-77b8541fff9d.csv","informacaoPlanejamento_2e521b59-b983-4f4f-aeba-0ca8c0fd1d91.csv","empenhos_83033643-6abe-4a38-ae9f-a95985d4eca1.csv"," "," "
"PREFEITURA MUNICIPAL DE CRICIUMA",2024,"GESTÃO FISCAL E FINANCEIRA","Manut. do Convênio Trânsito Policia Civil","Que as receitas possam crescer o suficiente para podermos cobrir as despesas fixas, e ainda obtermos sobra para os investimentos.","SEC. MUN. DA FAZENDA","Convênio Trânsito - Polícia Civil","Segurança Pública",Policiamento,1028,"Manut. do Convênio Trânsito Policia Civil","Transferencias a Estados e ao Distrito Federal",102,44300000000000,"Transferencias a Estados e ao Distrito Federal","PREFEITURA MUNICIPAL DE CRICIUMA","DESPESAS DE CAPITAL",15000,32000,47000,46900.0,46900.0,46900.0,46900.0,0.0,46900.0,0,46900.0,0.0,0.0,312.67,99.79,312.67,99.79,312.67,100.21,"fontesRecursos_0ff1fce1-f3fc-49e8-871e-43a440fb7d8a.csv","informacaoPlanejamento_001ee040-c7ec-4a76-b0bb-1ae0a9c76225.csv","empenhos_cd8602a3-5085-431e-9752-528c25ce3cae.csv","suplementacoes_8e2565c1-9ce5-47d4-82e8-b1ef43478259.csv"," "
"PREFEITURA MUNICIPAL DE CRICIUMA",2024,"GESTÃO FISCAL E FINANCEIRA","Manut. do Convênio Trânsito Policia Civil","Que as receitas possam crescer o suficiente para podermos cobrir as despesas fixas, e ainda obtermos sobra para os investimentos.","SEC. MUN. DA FAZENDA","Convênio Trânsito - Polícia Civil","Segurança Pública",Policiamento,1028,"Manut. do Convênio Trânsito Policia Civil","Transferencias a Estados e ao Distrito Federal",100,33300000000000,"Transferencias a Estados e ao Distrito Federal","PREFEITURA MUNICIPAL DE CRICIUMA","DESPESAS CORRENTES",15000,-15000,0,0,0,0,0,0,0,0,0,0,0,0.0,0.0,0.0,0.0,0.0,0.0,"fontesRecursos_d8504dc6-779f-4389-9071-d502cb263b74.csv","informacaoPlanejamento_0e806f6e-0d47-4527-acfd-f62a5133f88b.csv"," ","suplementacoes_1caae185-75a7-4802-8a06-b2c6229cf5df.csv"," "
"PREFEITURA MUNICIPAL DE CRICIUMA",2024,"GESTÃO FISCAL E FINANCEIRA","Manut. do Convênio Corpo de Bombeiros","Que as receitas possam crescer o suficiente para podermos cobrir as despesas fixas, e ainda obtermos sobra para os investimentos.","SEC. MUN. DA FAZENDA","Convênio Corpo de Bombeiros","Segurança Pública",Policiamento,1029,"Manut. do Convênio Corpo de Bombeiros","Transferencias a Estados e ao Distrito Federal",106,44300000000000,"Transferencias a Estados e ao Distrito Federal","PREFEITURA MUNICIPAL DE CRICIUMA","DESPESAS DE CAPITAL",20000,0,20000,0,0,0,0,0,0,0,0,0,0,0.0,0.0,0.0,0.0,0.0,0.0,"fontesRecursos_f9fea21b-78bb-4b82-b1f0-bb713f88e3b1.csv","informacaoPlanejamento_5fe17451-62e2-44ab-af48-5b3a948330ed.csv"," "," "," "
"PREFEITURA MUNICIPAL DE CRICIUMA",2024,"GESTÃO ADMINISTRATIVA","FUNDO MUN. DE COMBATE SUBST. ENTORPECENTES - FUCOM","Planejar a gestão publica atraves de implementações de dados gerenciais visando a redução de custos, e estrategicas na defesa civil do municipio.","GABINETE DO PREFEITO","FDO. MUN. COMBATE SUBST. ENTORPECENTES - FUCOM","Assistência Social","Assistência à Criança e ao Adolescente",1242,"FUNDO MUN. DE COMBATE SUBST. ENTORPECENTES - FUCOM","Aplicacoes Diretas",43,44900000000000,"Aplicacoes Diretas","PREFEITURA MUNICIPAL DE CRICIUMA","DESPESAS DE CAPITAL",3000000,0,3000000,0,0,0,0,0,0,0,0,0,0,0.0,0.0,0.0,0.0,0.0,0.0,"fontesRecursos_ab748054-d7f8-4900-97e1-99b14ea8b79c.csv","informacaoPlanejamento_1ba4e8de-23f4-4e93-9f80-c9d50a554e4e.csv"," "," "," "
"PREFEITURA MUNICIPAL DE CRICIUMA",2024,"GESTÃO ADMINISTRATIVA","FUNDO MUN. DE COMBATE SUBST. ENTORPECENTES - FUCOM","Planejar a gestão publica atraves de implementações de dados gerenciais visando a redução de custos, e estrategicas na defesa civil do municipio.","GABINETE DO PREFEITO","FDO. MUN. COMBATE SUBST. ENTORPECENTES - FUCOM","Assistência Social","Assistência à Criança e ao Adolescente",1242,"FUNDO MUN. DE COMBATE SUBST. ENTORPECENTES - FUCOM","Aplicacoes Diretas",42,33900000000000,"Aplicacoes Diretas","PREFEITURA MUNICIPAL DE CRICIUMA","DESPESAS CORRENTES",1100000,0,1100000,0,0,0,0,0,0,0,0,0,0,0.0,0.0,0.0,0.0,0.0,0.0,"fontesRecursos_60f9a68c-670b-4a6a-bb32-a8883995d0f7.csv","informacaoPlanejamento_8fa8885e-0289-402b-b6a8-31d545aa192e.csv"," "," "," "
"PREFEITURA MUNICIPAL DE CRICIUMA",2024,"AVANÇAR CRICIUMA","Pavimentação/Recup/Revitalização/Mobilidade Urbana/Emprestimo FONPLATA, BNDES/BRDE","Elaborar projetos arquitetônicos, urbanísticos e geométricos (rodoviários) de espaços públicos; Revisar e regulamentar constantemente a legislação urbanística do Plano Diretor; Executar obras de edificações e espaços públicos de interesse da coletividade. Garantir o desenvolvimento econômico do município por meio de execução de obras significativas ao crescimento urbano.Tornar à cidade mais humanizada, bonita e agradável de se viver, sempre em conformidade com o novo Plano Diretor do Municipio.","SEC. M. DE INFRAEST.,PLANEJ. E MOBILIDADE URBANA","Abertura/Pavimentação/Manut. de Vias Públicas",Urbanismo,"Infra-Estrutura Urbana",1079,"Pavimentação/Recup/Revitalização/Mobilidade Urbana/Emprestimo FONPLATA, BNDES/BRDE","Transf. a Instituicoes Privadas c/ Fins Lucrativos",224,44600000000000,"Transf. a Instituicoes Privadas c/ Fins Lucrativos","PREFEITURA MUNICIPAL DE CRICIUMA","DESPESAS DE CAPITAL",0,1055000,1055000,50574.41,38176.22,38176.22,38176.22,0.0,38176.22,0,38176.22,0.0,0.0,0.0,4.79,0.0,3.62,0.0,2763.5,"fontesRecursos_b70d4307-71cf-4713-8ba1-bb76755cb44a.csv","informacaoPlanejamento_8b07f452-6287-43d7-ab64-d6b7d727ea44.csv","empenhos_86982509-4d20-43d1-9b89-c8230eeae178.csv","suplementacoes_57f4400f-7dc4-4017-985d-0d9b49ad9e6c.csv"," "
"PREFEITURA MUNICIPAL DE CRICIUMA",2024,"GESTÃO ADMINISTRATIVA","Implantação e desenvolvimento do Projeto Núcleos Esportivos","Planejar a gestão publica atraves de implementações de dados gerenciais visando a redução de custos, e estrategicas na defesa civil do municipio.","GABINETE DO PREFEITO","Gabinete do Prefeito","Desporto e Lazer","Desporto Comunitário",1224,"Implantação e desenvolvimento do Projeto Núcleos Esportivos","Aplicacoes Diretas",225,33900000000000,"Aplicacoes Diretas","PREFEITURA MUNICIPAL DE CRICIUMA","DESPESAS CORRENTES",0,703854.77,703854.77,372550.57,372550.57,372550.57,372550.57,0.0,372550.57,0,372550.57,0.0,0.0,0.0,52.93,0.0,52.93,0.0,188.93,"fontesRecursos_e15306be-00d4-4245-9ac3-c343e18a855d.csv","informacaoPlanejamento_ba5e81fb-2596-4138-91e7-3bac13d18fa5.csv","empenhos_669019c2-0f1e-4512-ab41-52adf246f4ef.csv","suplementacoes_50a6af7e-7935-44d3-ba9a-d81ef19ef053.csv"," "
"PREFEITURA MUNICIPAL DE CRICIUMA",2024,"GESTÃO DA POLITICA MUNICIPAL DE ASSISTÊNCIA SOCIAL","Implantação e Desenvolvimento do Festival ""Shake Body""","Garantir financiamento para as ações socioassistenciais ofertados através das entidades do município, bem como a estrutura necessária para o funcionamento da gestão de assistência social;- Monitorar e avaliar os serviços socioassistenciais governamentais e não governamentais visando à garantia dos serviços prestados;- Promover a participação de profissionais e conselheiros em eventos afetos à politica de assistência social, com vistas à formação profissional e o exercício do controle social.","GABINETE DO PREFEITO","Gabinete do Prefeito","Assistência Social","Assistência Comunitária",1225,"Implantação e Desenvolvimento do Festival ""Shake Body""","Aplicacoes Diretas",226,33900000000000,"Aplicacoes Diretas","PREFEITURA MUNICIPAL DE CRICIUMA","DESPESAS CORRENTES",0,178886.75,178886.75,110127.1,110127.1,110127.1,110127.1,0.0,110127.1,0,110127.1,0.0,0.0,0.0,61.56,0.0,61.56,0.0,162.44,"fontesRecursos_8657e5e4-9139-42b1-8b0a-d8c0137dd873.csv","informacaoPlanejamento_bd3e67b1-5bac-4c8f-a5a4-01694f209e7c.csv","empenhos_541b9736-ee0d-4d2a-87a9-da276bdfb66a.csv","suplementacoes_7e15a97d-7e65-44d3-a1f8-4e9ae731ca84.csv"," "
"PREFEITURA MUNICIPAL DE CRICIUMA",2024,"SAUDE PARA TODOS","Aquisição de equipamentos e materiais permanentes de TI","Realizar ações de promoção e prevenção à saúde na rede básica e Estratégia Saúde da Família, e ações curativas na rede secundaria e terciária do sistema municipal da saúde.","GABINETE DO PREFEITO","Gabinete do Prefeito",Saúde,"Tecnologia da Informatização",1238,"Aquisição de equipamentos e materiais permanentes de TI","Aplicacoes Diretas",227,44900000000000,"Aplicacoes Diretas","PREFEITURA MUNICIPAL DE CRICIUMA","DESPESAS DE CAPITAL",0,299775.84,299775.84,0,0,0,0,0,0,0,0,0,0,0.0,0.0,0.0,0.0,0.0,0.0,"fontesRecursos_2064ba9a-c005-41a4-b706-d14ee6c3a7b4.csv","informacaoPlanejamento_6f6e0586-c096-4ea7-9501-f21d12aeb516.csv"," ","suplementacoes_90a8daa0-8747-445c-aefd-3dbfb3ed2c5c.csv"," "
"PREFEITURA MUNICIPAL DE CRICIUMA",2024,"AVANÇAR CRICIUMA","Coleta e Transporte de Resíduos Sólidos.","Elaborar projetos arquitetônicos, urbanísticos e geométricos (rodoviários) de espaços públicos; Revisar e regulamentar constantemente a legislação urbanística do Plano Diretor; Executar obras de edificações e espaços públicos de interesse da coletividade. Garantir o desenvolvimento econômico do município por meio de execução de obras significativas ao crescimento urbano.Tornar à cidade mais humanizada, bonita e agradável de se viver, sempre em conformidade com o novo Plano Diretor do Municipio.","SEC. M. DE INFRAEST.,PLANEJ. E MOBILIDADE URBANA",Obras,"Gestão Ambiental","Preservação e Conservação Ambiental",1245,"Coleta e Transporte de Resíduos Sólidos.","Aplicacoes Diretas",228,33900000000000,"Aplicacoes Diretas","PREFEITURA MUNICIPAL DE CRICIUMA","DESPESAS CORRENTES",0,18000000,18000000,1.138860522E7,5841149.44,3619310.52,3619310.52,2221838.92,3619310.52,0,3619310.52,2221838.92,0.0,0.0,63.27,0.0,20.11,0.0,497.33,"fontesRecursos_05b99fb5-3599-47e0-aa1a-d713ecbcbee6.csv","informacaoPlanejamento_019b04ad-3f83-4025-928a-9da63ab8c2e3.csv","empenhos_836eaf3e-655a-4148-a57b-a71ec1e1d64a.csv","suplementacoes_4649d304-e086-43bd-91cb-9889923f5a7f.csv"," "
"PREFEITURA MUNICIPAL DE CRICIUMA",2024,"GESTÃO DE QUALIDADE NO ENSINO","Creches e Pré-Escolares - Educação Infantil","Garantir espaço educativo adequado para a promoção da formação humana; fornecer materiais de consumo e didático, generos alimenticios, limpeza e outros paa as escolas e CEIMs; Acompanhar e das suporte administrativo e financeiro as Unidades Escolares; Manter e ampliar os espaços fisicos internos e externos das escolas e CEIMs.","SEC. MUN. DE EDUCAÇÃO","Creches e Pré-Escolares",Educação,"Educação Infantil",1031,"Creches e Pré-Escolares - Educação Infantil","Aplicações Diretas - Oper.Intra-Orçamentárias",122,31910000000000,"Aplicações Diretas - Oper.Intra-Orçamentárias","PREFEITURA MUNICIPAL DE CRICIUMA","DESPESAS CORRENTES",400000,0,400000,0,0,0,0,0,0,0,0,0,0,0.0,0.0,0.0,0.0,0.0,0.0,"fontesRecursos_fff0baf6-66d2-4a63-8bdd-0bfdcbf1554a.csv","informacaoPlanejamento_b93e4cf8-dedf-4612-8997-379df5e09f1d.csv"," "," "," "
"FUNDO MUNICIPAL DE SAUDE DE CRICIUMA",2024,"SAUDE PARA TODOS","Manut. da Saude Bucal-ESF","Realizar ações de promoção e prevenção à saúde na rede básica e Estratégia Saúde da Família, e ações curativas na rede secundaria e terciária do sistema municipal da saúde.","FUNDO MUNICIPAL DE SAÚDE","Fundo Mun. de Saúde",Saúde,"Atenção Básica",1060,"Manut. da Saude Bucal-ESF","Aplicacoes Diretas",44,44900000000000,"Aplicacoes Diretas","FUNDO MUNICIPAL DE SAUDE DE CRICIUMA","DESPESAS DE CAPITAL",200000,0,200000,0,0,0,0,0,0,0,0,0,0,0.0,0.0,0.0,0.0,0.0,0.0,"fontesRecursos_c9353617-e633-4071-b9ec-374a217d726c.csv","informacaoPlanejamento_39229795-7514-4b2c-a2de-aeff0e3c2bf0.csv"," "," "," "
"FUNDO MUNICIPAL DE SAUDE DE CRICIUMA",2024,"SAUDE PARA TODOS","Manut. da Saude Bucal-ESF","Realizar ações de promoção e prevenção à saúde na rede básica e Estratégia Saúde da Família, e ações curativas na rede secundaria e terciária do sistema municipal da saúde.","FUNDO MUNICIPAL DE SAÚDE","Fundo Mun. de Saúde",Saúde,"Atenção Básica",1060,"Manut. da Saude Bucal-ESF","Aplicacoes Diretas",42,31900000000000,"Aplicacoes Diretas","FUNDO MUNICIPAL DE SAUDE DE CRICIUMA","DESPESAS CORRENTES",2000000,0,2000000,0,0,0,0,0,0,0,0,0,0,0.0,0.0,0.0,0.0,0.0,0.0,"fontesRecursos_dc25f7f9-8c33-44ad-b8b0-efd0aa18a79d.csv","informacaoPlanejamento_5c4e1090-a62a-4e9b-b615-d14a4d273093.csv"," "," "," "
"FUNDO MUNICIPAL DE SAUDE DE CRICIUMA",2024,"SAUDE PARA TODOS","Manut. do PACs","Realizar ações de promoção e prevenção à saúde na rede básica e Estratégia Saúde da Família, e ações curativas na rede secundaria e terciária do sistema municipal da saúde.","FUNDO MUNICIPAL DE SAÚDE","Fundo Mun. de Saúde",Saúde,"Atenção Básica",1051,"Manut. do PACs","Aplicacoes Diretas",17,44900000000000,"Aplicacoes Diretas","FUNDO MUNICIPAL DE SAUDE DE CRICIUMA","DESPESAS DE CAPITAL",500000,-300000,200000,0,0,0,0,0,0,0,0,0,0,0.0,0.0,0.0,0.0,0.0,0.0,"fontesRecursos_b27ee11a-12c0-4969-9340-5585f51c3365.csv","informacaoPlanejamento_f8522609-1bfe-4686-9d30-d08ca4b630c6.csv"," ","suplementacoes_d832ad95-2351-4946-8720-a7ac743bd149.csv"," "
"FUNDO MUNICIPAL DE SAUDE DE CRICIUMA",2024,"SAUDE PARA TODOS","Manut. Vigilancia Sanitaria","Realizar ações de promoção e prevenção à saúde na rede básica e Estratégia Saúde da Família, e ações curativas na rede secundaria e terciária do sistema municipal da saúde.","FUNDO MUNICIPAL DE SAÚDE","Fundo Mun. de Saúde",Saúde,"Vigilância Sanitária",1049,"Manut. Vigilancia Sanitaria","Aplicacoes Diretas",11,44900000000000,"Aplicacoes Diretas","FUNDO MUNICIPAL DE SAUDE DE CRICIUMA","DESPESAS DE CAPITAL",200000,-170000,30000,0,0,0,0,0,0,0,0,0,0,0.0,0.0,0.0,0.0,0.0,0.0,"fontesRecursos_fb877f65-bb48-4693-8f9b-b6a4ceb51492.csv","informacaoPlanejamento_cf75e99f-e7ce-47b7-b4dd-2eb769378654.csv"," ","suplementacoes_ee0892f7-cf03-47a1-8abf-09b4e13e4d73.csv"," "
"FUNDO MUNICIPAL DE SAUDE DE CRICIUMA",2024,"SAUDE PARA TODOS","Manut. Vigilancia Sanitaria","Realizar ações de promoção e prevenção à saúde na rede básica e Estratégia Saúde da Família, e ações curativas na rede secundaria e terciária do sistema municipal da saúde.","FUNDO MUNICIPAL DE SAÚDE","Fundo Mun. de Saúde",Saúde,"Vigilância Sanitária",1049,"Manut. Vigilancia Sanitaria","Aplicacoes Diretas",9,31900000000000,"Aplicacoes Diretas","FUNDO MUNICIPAL DE SAUDE DE CRICIUMA","DESPESAS CORRENTES",2220000,370000.0,2590000.0,2476033.33,2476033.33,2476033.33,2476033.33,0.0,2476033.33,0,2476033.33,0.0,0.0,111.53,95.6,111.53,95.6,111.53,104.6,"fontesRecursos_8f115453-4c29-46b0-bfe8-5e4bd084600b.csv","informacaoPlanejamento_c1d235e0-a592-479f-8182-512d4ae3f867.csv","empenhos_385d2d5c-be46-415f-b928-46778a29f9be.csv","suplementacoes_0fba887f-8399-4da9-b2da-734deeb55317.csv"," "
"FUNDO MUNICIPAL DE SAUDE DE CRICIUMA",2024,"SAUDE PARA TODOS","Manut. Vigilancia Sanitaria","Realizar ações de promoção e prevenção à saúde na rede básica e Estratégia Saúde da Família, e ações curativas na rede secundaria e terciária do sistema municipal da saúde.","FUNDO MUNICIPAL DE SAÚDE","Fundo Mun. de Saúde",Saúde,"Vigilância Sanitária",1049,"Manut. Vigilancia Sanitaria","Aplicacoes Diretas",10,33900000000000,"Aplicacoes Diretas","FUNDO MUNICIPAL DE SAUDE DE CRICIUMA","DESPESAS CORRENTES",800000,-200000,600000,399503.4,183631.36,169921.33,169921.33,13710.03,168329.4,0,168329.4,15301.96,1591.93,49.94,66.58,21.24,28.32,21.04,356.44,"fontesRecursos_7aa78ac1-1984-4340-aaa2-b5daa06e109a.csv","informacaoPlanejamento_df2dd6d3-2583-422c-93ed-bb475854967f.csv","empenhos_a296f718-9495-4453-83b4-f3f0d4cc67c7.csv","suplementacoes_fe8abea1-ac5f-444b-bedd-c9a49589048c.csv"," "
"FUNDO MUNICIPAL DE SAUDE DE CRICIUMA",2024,"SAUDE PARA TODOS","Manut. do PACs","Realizar ações de promoção e prevenção à saúde na rede básica e Estratégia Saúde da Família, e ações curativas na rede secundaria e terciária do sistema municipal da saúde.","FUNDO MUNICIPAL DE SAÚDE","Fundo Mun. de Saúde",Saúde,"Atenção Básica",1051,"Manut. do PACs","Aplicacoes Diretas",16,33900000000000,"Aplicacoes Diretas","FUNDO MUNICIPAL DE SAUDE DE CRICIUMA","DESPESAS CORRENTES",200000,2000,202000,18389.01,8519.01,8519.01,8519.01,0.0,8519.01,0,8519.01,0.0,0.0,9.19,9.1,4.26,4.22,4.26,2371.17,"fontesRecursos_1adf6f9f-bef9-43c0-b132-a3dcec46f81f.csv","informacaoPlanejamento_bf95dae1-462a-4aa2-b768-67124b6acbdd.csv","empenhos_20d2cd3f-773e-4e7a-8855-ba7e47784787.csv","suplementacoes_87e7a28b-d1c5-4221-8725-c60425f9f30a.csv"," "
"FUNDO MUNICIPAL DE SAUDE DE CRICIUMA",2024,"SAUDE PARA TODOS","Manut. PSF e ESF","Realizar ações de promoção e prevenção à saúde na rede básica e Estratégia Saúde da Família, e ações curativas na rede secundaria e terciária do sistema municipal da saúde.","FUNDO MUNICIPAL DE SAÚDE","Fundo Mun. de Saúde",Saúde,"Atenção Básica",1050,"Manut. PSF e ESF","Aplicacoes Diretas",12,31900000000000,"Aplicacoes Diretas","FUNDO MUNICIPAL DE SAUDE DE CRICIUMA","DESPESAS CORRENTES",46900000,777435,47677435,3.669069213E7,3.668823568E7,3.669069213E7,3.668823568E7,0.0,3.668573463E7,2456.45,3.668327818E7,4957.5,4957.5,78.23,76.96,78.23,76.96,78.22,129.96,"fontesRecursos_b9ba330a-1fae-4d67-9d8b-769aadad39fb.csv","informacaoPlanejamento_cb646e57-cfb5-4a9c-9b76-78e7dca1bf3f.csv","empenhos_d47e9f5f-38f2-4063-98cd-d9f418fb34a6.csv","suplementacoes_5210ece8-2e25-4183-a626-2d5bb280cf42.csv"," "
"FUNDO MUNICIPAL DE SAUDE DE CRICIUMA",2024,"SAUDE PARA TODOS","Manut. das UPAs","Realizar ações de promoção e prevenção à saúde na rede básica e Estratégia Saúde da Família, e ações curativas na rede secundaria e terciária do sistema municipal da saúde.","FUNDO MUNICIPAL DE SAÚDE","Fundo Mun. de Saúde",Saúde,"Atenção Básica",1058,"Manut. das UPAs","Aplicacoes Diretas",39,31900000000000,"Aplicacoes Diretas","FUNDO MUNICIPAL DE SAUDE DE CRICIUMA","DESPESAS CORRENTES",500000,-500000,0,0,0,0,0,0,0,0,0,0,0,0.0,0.0,0.0,0.0,0.0,0.0,"fontesRecursos_bd1ec8b5-3a5f-4d22-b535-4dc0a9bba039.csv","informacaoPlanejamento_92e395a2-9bc8-4cae-a138-cfad8ae69422.csv"," ","suplementacoes_348e066d-e8b3-4520-95a1-5742541134b0.csv"," "
"FUNDO MUNICIPAL DE SAUDE DE CRICIUMA",2024,"SAUDE PARA TODOS","Manut. das UPAs","Realizar ações de promoção e prevenção à saúde na rede básica e Estratégia Saúde da Família, e ações curativas na rede secundaria e terciária do sistema municipal da saúde.","FUNDO MUNICIPAL DE SAÚDE","Fundo Mun. de Saúde",Saúde,"Atenção Básica",1058,"Manut. das UPAs","Aplicacoes Diretas",41,44900000000000,"Aplicacoes Diretas","FUNDO MUNICIPAL DE SAUDE DE CRICIUMA","DESPESAS DE CAPITAL",2200000,-2200000,0,0,0,0,0,0,0,0,0,0,0,0.0,0.0,0.0,0.0,0.0,0.0,"fontesRecursos_68f29a9f-84b2-4be7-be55-875a0c18e13a.csv","informacaoPlanejamento_3e8f5512-547c-4fb4-b6bb-0c3b2e40f3f4.csv"," ","suplementacoes_88693a7b-01bf-4c2e-8538-2ea043ba8ad3.csv"," "
"FUNDO MUNICIPAL DE SAUDE DE CRICIUMA",2024,"SAUDE PARA TODOS","Manut. das UPAs","Realizar ações de promoção e prevenção à saúde na rede básica e Estratégia Saúde da Família, e ações curativas na rede secundaria e terciária do sistema municipal da saúde.","FUNDO MUNICIPAL DE SAÚDE","Fundo Mun. de Saúde",Saúde,"Atenção Básica",1058,"Manut. das UPAs","Aplicacoes Diretas",40,33900000000000,"Aplicacoes Diretas","FUNDO MUNICIPAL DE SAUDE DE CRICIUMA","DESPESAS CORRENTES",16100000,4540692.8,2.06406928E7,2.156088203E7,2.05864732E7,1.925272808E7,1.925272808E7,1333745.12,1.925272808E7,0,1.925272808E7,1333745.12,0.0,133.92,104.46,119.58,93.28,119.58,107.21,"fontesRecursos_ffcd9830-0074-4904-b7fe-0b8ef5f2f955.csv","informacaoPlanejamento_91290518-8f13-4121-87e4-614f1d583022.csv","empenhos_03db8c43-3f4d-4cb9-aec8-481e15429071.csv","suplementacoes_40aa354c-f6fb-4b8a-b366-5a528b334708.csv"," "
"FUNDO MUNICIPAL DE SAUDE DE CRICIUMA",2024,"SAUDE PARA TODOS","Manut. do Fundo Municipal de Saude, despesas de pessoal outros p/ manut.","Realizar ações de promoção e prevenção à saúde na rede básica e Estratégia Saúde da Família, e ações curativas na rede secundaria e terciária do sistema municipal da saúde.","FUNDO MUNICIPAL DE SAÚDE","Fundo Mun. de Saúde",Saúde,"Atenção Básica",1045,"Manut. do Fundo Municipal de Saude, despesas de pessoal outros p/ manut.","Transf. a Instituicoes Privadas s/ Fins Lucrativos",6,44500000000000,"Transf. a Instituicoes Privadas s/ Fins Lucrativos","FUNDO MUNICIPAL DE SAUDE DE CRICIUMA","DESPESAS DE CAPITAL",100000,0,100000,0,0,0,0,0,0,0,0,0,0,0.0,0.0,0.0,0.0,0.0,0.0,"fontesRecursos_9507aaa6-adf6-48ae-a4a6-eb6e2db96ccd.csv","informacaoPlanejamento_8f184e46-1ae6-43c0-8b23-30a8407f64f8.csv"," "," "," "
"FUNDO MUNICIPAL DE SAUDE DE CRICIUMA",2024,"SAUDE PARA TODOS","Manut. do Fundo Municipal de Saude, despesas de pessoal outros p/ manut.","Realizar ações de promoção e prevenção à saúde na rede básica e Estratégia Saúde da Família, e ações curativas na rede secundaria e terciária do sistema municipal da saúde.","FUNDO MUNICIPAL DE SAÚDE","Fundo Mun. de Saúde",Saúde,"Atenção Básica",1045,"Manut. do Fundo Municipal de Saude, despesas de pessoal outros p/ manut.","Aplicacoes Diretas",8,44900000000000,"Aplicacoes Diretas","FUNDO MUNICIPAL DE SAUDE DE CRICIUMA","DESPESAS DE CAPITAL",5000000,-2681775.84,2318224.16,496029.03,54389.6,54389.6,54389.6,0.0,54389.6,0,54389.6,0.0,0.0,9.92,21.4,1.09,2.35,1.09,4262.26,"fontesRecursos_609d2935-7323-44fc-b245-faaf5234e75c.csv","informacaoPlanejamento_d8735fed-9d92-44b1-b47a-b94653cfd7e7.csv","empenhos_8deadf34-31a9-4823-809d-be10a95672dc.csv","suplementacoes_670db742-8951-4e8b-b77f-f0e9a1598e15.csv"," "
"FUNDO MUNICIPAL DE SAUDE DE CRICIUMA",2024,"SAUDE PARA TODOS","Manut. do Fundo Municipal de Saude, despesas de pessoal outros p/ manut.","Realizar ações de promoção e prevenção à saúde na rede básica e Estratégia Saúde da Família, e ações curativas na rede secundaria e terciária do sistema municipal da saúde.","FUNDO MUNICIPAL DE SAÚDE","Fundo Mun. de Saúde",Saúde,"Atenção Básica",1045,"Manut. do Fundo Municipal de Saude, despesas de pessoal outros p/ manut.","Transferencias a Instituicoes Privadas sem Fins Lu",4,33500000000000,"Transferencias a Instituicoes Privadas sem Fins Lu","FUNDO MUNICIPAL DE SAUDE DE CRICIUMA","DESPESAS CORRENTES",1000000,782000,1782000,1684065.38,1683412.19,1684065.38,1683412.19,0.0,1684065.38,653.19,1683412.19,0.0,0.0,168.41,94.5,168.41,94.5,168.41,105.82,"fontesRecursos_2d5959c5-ad9a-411b-9dd6-15364371414e.csv","informacaoPlanejamento_940142e2-2491-4f21-a7fd-547fcc7c0d74.csv","empenhos_ee4355a8-f3fe-4573-a173-5eb6e3cc4f96.csv","suplementacoes_60305912-cb0b-48cb-80fa-e28828e64b04.csv"," "
"FUNDO MUNICIPAL DE SAUDE DE CRICIUMA",2024,"SAUDE PARA TODOS","Manut. e contrução das Unidades de Saude, 24 Horas e Policlinicas","Realizar ações de promoção e prevenção à saúde na rede básica e Estratégia Saúde da Família, e ações curativas na rede secundaria e terciária do sistema municipal da saúde.","FUNDO MUNICIPAL DE SAÚDE","Unidades de Saúde / 24Hs / Policlinicas",Saúde,"Atenção Básica",1048,"Manut. e contrução das Unidades de Saude, 24 Horas e Policlinicas","Aplicações Diretas - Oper.Intra-Orçamentárias",69,31910000000000,"Aplicações Diretas - Oper.Intra-Orçamentárias","FUNDO MUNICIPAL DE SAUDE DE CRICIUMA","DESPESAS CORRENTES",4000000,-3000000,1000000,0,0,0,0,0,0,0,0,0,0,0.0,0.0,0.0,0.0,0.0,0.0,"fontesRecursos_1f66c39e-3523-4c15-ac45-e6ce3b6ac54e.csv","informacaoPlanejamento_3617e818-42b6-474e-a728-82c8a86817aa.csv"," ","suplementacoes_5fb986c6-c4f5-4d9f-aab1-72e34b8570fa.csv"," "
"FUNDO MUNICIPAL DE SAUDE DE CRICIUMA",2024,"SAUDE PARA TODOS","Manut. e contrução das Unidades de Saude, 24 Horas e Policlinicas","Realizar ações de promoção e prevenção à saúde na rede básica e Estratégia Saúde da Família, e ações curativas na rede secundaria e terciária do sistema municipal da saúde.","FUNDO MUNICIPAL DE SAÚDE","Unidades de Saúde / 24Hs / Policlinicas",Saúde,"Atenção Básica",1048,"Manut. e contrução das Unidades de Saude, 24 Horas e Policlinicas","Aplicacoes Diretas",71,33900000000000,"Aplicacoes Diretas","FUNDO MUNICIPAL DE SAUDE DE CRICIUMA","DESPESAS CORRENTES",5250000,-1159500,4090500,1316542.71,734316.87,247723.17,247723.17,486593.7,215998.72,0,215998.72,518318.15,31724.45,25.08,32.19,4.72,6.06,4.11,1893.76,"fontesRecursos_a5388b3d-b227-4bc6-a4cd-323e93c35465.csv","informacaoPlanejamento_2befe1c9-e450-4ce9-b065-bb27310c9157.csv","empenhos_861a4b97-ed45-45a8-9f4e-49c30969cf9f.csv","suplementacoes_9c60bed5-b2e1-4ee5-bf4a-d52e99e77aba.csv"," "
"FUNDO MUNICIPAL DE SAUDE DE CRICIUMA",2024,"SAUDE PARA TODOS","Manut. e contrução das Unidades de Saude, 24 Horas e Policlinicas","Realizar ações de promoção e prevenção à saúde na rede básica e Estratégia Saúde da Família, e ações curativas na rede secundaria e terciária do sistema municipal da saúde.","FUNDO MUNICIPAL DE SAÚDE","Unidades de Saúde / 24Hs / Policlinicas",Saúde,"Atenção Básica",1048,"Manut. e contrução das Unidades de Saude, 24 Horas e Policlinicas","Transf. a Instituicoes Privadas s/ Fins Lucrativos",72,44500000000000,"Transf. a Instituicoes Privadas s/ Fins Lucrativos","FUNDO MUNICIPAL DE SAUDE DE CRICIUMA","DESPESAS DE CAPITAL",50000,0,50000,23000.0,23000.0,23000.0,23000.0,0.0,23000.0,0,23000.0,0.0,0.0,46.0,46.0,46.0,46.0,46.0,217.39,"fontesRecursos_334f9412-a3bb-4f2d-8e54-e265c6a1c4e2.csv","informacaoPlanejamento_c3a2a26a-80c9-4c91-afab-d1a5c07c4cbb.csv","empenhos_d6e3862c-8198-4696-91f8-c670b9355db6.csv"," "," "
"FUNDO MUNICIPAL DE SAUDE DE CRICIUMA",2024,"SAUDE PARA TODOS","Manutenção do Programa de Residência Médica em Medicina de Família e Comunidade - PRMFC","Realizar ações de promoção e prevenção à saúde na rede básica e Estratégia Saúde da Família, e ações curativas na rede secundaria e terciária do sistema municipal da saúde.","FUNDO MUNICIPAL DE SAÚDE","Fundo Mun. de Saúde",Saúde,"Assistência Hospitalar e Ambulatorial",1209,"Manutenção do Programa de Residência Médica em Medicina de Família e Comunidade - PRMFC","Aplicacoes Diretas",59,33900000000000,"Aplicacoes Diretas","FUNDO MUNICIPAL DE SAUDE DE CRICIUMA","DESPESAS CORRENTES",630000,0,630000,350000.0,203000.0,184000.0,184000.0,19000.0,184000.0,0,184000.0,19000.0,0.0,55.56,55.56,29.21,29.21,29.21,342.39,"fontesRecursos_7cd544d0-a14c-473e-87b6-3137f275efb0.csv","informacaoPlanejamento_1dcc4cee-ed7c-4851-8da9-d82b2409a6db.csv","empenhos_7cfa3b45-f710-4e4f-b845-500e606d32aa.csv"," "," "
"FUNDO MUNICIPAL DE SAUDE DE CRICIUMA",2024,"SAUDE PARA TODOS","Manutenção do Centro de Zoonoses - CCZ","Realizar ações de promoção e prevenção à saúde na rede básica e Estratégia Saúde da Família, e ações curativas na rede secundaria e terciária do sistema municipal da saúde.","FUNDO MUNICIPAL DE SAÚDE","Fundo Mun. de Saúde",Saúde,"Vigilância Epidemiológica",1207,"Manutenção do Centro de Zoonoses - CCZ","Aplicacoes Diretas",56,31900000000000,"Aplicacoes Diretas","FUNDO MUNICIPAL DE SAUDE DE CRICIUMA","DESPESAS CORRENTES",1260000,0,1260000,1213721.48,1213721.48,1213721.48,1213721.48,0.0,1213397.98,0,1213397.98,323.5,323.5,96.33,96.33,96.33,96.33,96.3,103.84,"fontesRecursos_5a64ef6d-1311-46ca-8843-a91bda80e5b5.csv","informacaoPlanejamento_17128ed9-7158-4d98-840c-4a5bf281c06f.csv","empenhos_a3769e4c-67bf-4c8f-8d83-6491e48ef10b.csv","suplementacoes_793f393e-95a4-4987-878e-fb386712b434.csv"," "
"FUNDO MUNICIPAL DE SAUDE DE CRICIUMA",2024,"SAUDE PARA TODOS","Manutenção do Centro de Zoonoses - CCZ","Realizar ações de promoção e prevenção à saúde na rede básica e Estratégia Saúde da Família, e ações curativas na rede secundaria e terciária do sistema municipal da saúde.","FUNDO MUNICIPAL DE SAÚDE","Fundo Mun. de Saúde",Saúde,"Vigilância Epidemiológica",1207,"Manutenção do Centro de Zoonoses - CCZ","Aplicacoes Diretas",58,44900000000000,"Aplicacoes Diretas","FUNDO MUNICIPAL DE SAUDE DE CRICIUMA","DESPESAS DE CAPITAL",315000,0,315000,0,0,0,0,0,0,0,0,0,0,0.0,0.0,0.0,0.0,0.0,0.0,"fontesRecursos_30093252-52f6-4db0-9a6c-d23023ca0dbb.csv","informacaoPlanejamento_fd87f050-cbd1-4286-8061-e6d497606a75.csv"," "," "," "
"FUNDO MUNICIPAL DE SAUDE DE CRICIUMA",2024,"SAUDE PARA TODOS","Manut. e contrução das Unidades de Saude, 24 Horas e Policlinicas","Realizar ações de promoção e prevenção à saúde na rede básica e Estratégia Saúde da Família, e ações curativas na rede secundaria e terciária do sistema municipal da saúde.","FUNDO MUNICIPAL DE SAÚDE","Unidades de Saúde / 24Hs / Policlinicas",Saúde,"Atenção Básica",1048,"Manut. e contrução das Unidades de Saude, 24 Horas e Policlinicas","Aplicacoes Diretas",73,44900000000000,"Aplicacoes Diretas","FUNDO MUNICIPAL DE SAUDE DE CRICIUMA","DESPESAS DE CAPITAL",5200000,2348370.39,7548370.39,3037150.68,2423719.58,2061609.47,2061609.47,362110.11,2061609.47,0,2061609.47,362110.11,0.0,58.41,40.24,39.65,27.31,39.65,366.14,"fontesRecursos_77837817-c76f-4763-9782-0ab08462bb51.csv","informacaoPlanejamento_f1520700-44bf-4da6-93fc-bb7c3b231873.csv","empenhos_66dabb70-dd9d-4aad-beda-68edd6007a20.csv","suplementacoes_23e076a1-8539-46e5-8dc8-edbf8ac95b6a.csv"," "
"FUNDO MUNICIPAL DE SAUDE DE CRICIUMA",2024,"SAUDE PARA TODOS","Manut. e contrução das Unidades de Saude, 24 Horas e Policlinicas","Realizar ações de promoção e prevenção à saúde na rede básica e Estratégia Saúde da Família, e ações curativas na rede secundaria e terciária do sistema municipal da saúde.","FUNDO MUNICIPAL DE SAÚDE","Unidades de Saúde / 24Hs / Policlinicas",Saúde,"Atenção Básica",1048,"Manut. e contrução das Unidades de Saude, 24 Horas e Policlinicas","Aplicacoes Diretas",68,31900000000000,"Aplicacoes Diretas","FUNDO MUNICIPAL DE SAUDE DE CRICIUMA","DESPESAS CORRENTES",24150000,44080.89,2.419408089E7,1.84093736E7,1.84093736E7,1.84093736E7,1.84093736E7,0.0,1.840814057E7,0,1.840814057E7,1233.03,1233.03,76.23,76.09,76.23,76.09,76.22,131.43,"fontesRecursos_19d65f49-298a-456c-b52f-8305e4710aa9.csv","informacaoPlanejamento_4ed2fe89-75c4-4a4d-b6b9-2beab709d7a4.csv","empenhos_31733b64-3bfa-44a6-a92f-ebd9200c46dc.csv","suplementacoes_e1cdc601-d8ee-470f-a345-72768cb3533a.csv"," "
"FUNDO MUNICIPAL DE SAUDE DE CRICIUMA",2024,"SAUDE PARA TODOS","Manut. e contrução das Unidades de Saude, 24 Horas e Policlinicas","Realizar ações de promoção e prevenção à saúde na rede básica e Estratégia Saúde da Família, e ações curativas na rede secundaria e terciária do sistema municipal da saúde.","FUNDO MUNICIPAL DE SAÚDE","Unidades de Saúde / 24Hs / Policlinicas",Saúde,"Atenção Básica",1048,"Manut. e contrução das Unidades de Saude, 24 Horas e Policlinicas","Transferencias a Instituicoes Privadas sem Fins Lu",70,33500000000000,"Transferencias a Instituicoes Privadas sem Fins Lu","FUNDO MUNICIPAL DE SAUDE DE CRICIUMA","DESPESAS CORRENTES",7350000,874000,8224000,8500569.83,7438282.2,8500569.83,7438282.2,0.0,8500569.83,1062287.63,7438282.2,0.0,0.0,115.65,103.36,115.65,103.36,115.65,96.75,"fontesRecursos_4c877fbe-3077-489f-8dab-365a99121cb9.csv","informacaoPlanejamento_8ce2b523-49ec-4e82-9bb4-a4481b802514.csv","empenhos_3ec9c8d0-64a7-4c8b-811b-e9fc7db43866.csv","suplementacoes_4d2d309b-653c-47e5-8224-d3e2acf2c227.csv"," "
"FUNDO MUNICIPAL DE SAUDE DE CRICIUMA",2024,"SAUDE PARA TODOS","Manutenção do Programa Estudar para Cuidar","Realizar ações de promoção e prevenção à saúde na rede básica e Estratégia Saúde da Família, e ações curativas na rede secundaria e terciária do sistema municipal da saúde.","FUNDO MUNICIPAL DE SAÚDE","Fundo Mun. de Saúde",Saúde,"Assistência Hospitalar e Ambulatorial",1236,"Manutenção do Programa Estudar para Cuidar","Aplicacoes Diretas",61,33900000000000,"Aplicacoes Diretas","FUNDO MUNICIPAL DE SAUDE DE CRICIUMA","DESPESAS CORRENTES",200000,1000000,1200000,1200000.0,375932.43,375932.43,375932.43,0.0,375932.43,0,375932.43,0.0,0.0,600.0,100.0,187.97,31.33,187.97,319.21,"fontesRecursos_28e5f639-0ced-4619-ad88-0cb9ccc091da.csv","informacaoPlanejamento_1f4f3319-b3fe-46b0-bd9a-5f2b27438f0c.csv","empenhos_8e4bbaeb-9176-4bfb-9508-2974ea1dbe7f.csv","suplementacoes_087d48ea-9d8f-44d6-8b12-21d7a6b40b4d.csv"," "
"FUNDO MUNICIPAL DE SAUDE DE CRICIUMA",2024,"SAUDE PARA TODOS","Manut. Gabinete do (a) Secretário (a)","Realizar ações de promoção e prevenção à saúde na rede básica e Estratégia Saúde da Família, e ações curativas na rede secundaria e terciária do sistema municipal da saúde.","FUNDO MUNICIPAL DE SAÚDE","Fundo Mun. de Saúde",Saúde,"Atenção Básica",1062,"Manut. Gabinete do (a) Secretário (a)","Aplicacoes Diretas",50,44900000000000,"Aplicacoes Diretas","FUNDO MUNICIPAL DE SAUDE DE CRICIUMA","DESPESAS DE CAPITAL",20000,0,20000,0,0,0,0,0,0,0,0,0,0,0.0,0.0,0.0,0.0,0.0,0.0,"fontesRecursos_9acb36f1-94cf-4d27-bc48-67879ae38c0a.csv","informacaoPlanejamento_e671b53e-0522-47be-8092-285623796ea3.csv"," "," "," "
"FUNDO MUNICIPAL DE SAUDE DE CRICIUMA",2024,"SAUDE PARA TODOS","Manut. CEREST","Realizar ações de promoção e prevenção à saúde na rede básica e Estratégia Saúde da Família, e ações curativas na rede secundaria e terciária do sistema municipal da saúde.","FUNDO MUNICIPAL DE SAÚDE","Fundo Mun. de Saúde",Saúde,"Atenção Básica",1057,"Manut. CEREST","Aplicacoes Diretas",37,33900000000000,"Aplicacoes Diretas","FUNDO MUNICIPAL DE SAUDE DE CRICIUMA","DESPESAS CORRENTES",1200000,0,1200000,151222.57,81985.23,76878.32,76838.42,5146.81,76878.32,39.9,76838.42,5146.81,0.0,12.6,12.6,6.41,6.41,6.41,1560.91,"fontesRecursos_58e2aa42-c523-413d-920a-6e952a3e966c.csv","informacaoPlanejamento_19e8ccf3-26c9-4e21-845d-e5df338357ca.csv","empenhos_b461b16f-5733-4d68-a5c6-d996fb5d64a3.csv"," "," "
"FUNDO MUNICIPAL DE SAUDE DE CRICIUMA",2024,"SAUDE PARA TODOS","Manut. CEREST","Realizar ações de promoção e prevenção à saúde na rede básica e Estratégia Saúde da Família, e ações curativas na rede secundaria e terciária do sistema municipal da saúde.","FUNDO MUNICIPAL DE SAÚDE","Fundo Mun. de Saúde",Saúde,"Atenção Básica",1057,"Manut. CEREST","Aplicacoes Diretas",36,31900000000000,"Aplicacoes Diretas","FUNDO MUNICIPAL DE SAUDE DE CRICIUMA","DESPESAS CORRENTES",750000,1235.5,751235.5,650540.03,650540.03,650540.03,650540.03,0.0,650540.03,0,650540.03,0.0,0.0,86.74,86.6,86.74,86.6,86.74,115.48,"fontesRecursos_820c86ee-dc86-4be7-a811-ffa61fe3bdb9.csv","informacaoPlanejamento_6d89a7df-ace5-465c-962e-795b095ae108.csv","empenhos_86043494-4acc-428c-af69-dd420a1316e3.csv","suplementacoes_012aea96-bc57-4c65-8045-45efab961b9d.csv"," "
"FUNDO MUNICIPAL DE SAUDE DE CRICIUMA",2024,"SAUDE PARA TODOS","Manut. CEREST","Realizar ações de promoção e prevenção à saúde na rede básica e Estratégia Saúde da Família, e ações curativas na rede secundaria e terciária do sistema municipal da saúde.","FUNDO MUNICIPAL DE SAÚDE","Fundo Mun. de Saúde",Saúde,"Atenção Básica",1057,"Manut. CEREST","Aplicacoes Diretas",38,44900000000000,"Aplicacoes Diretas","FUNDO MUNICIPAL DE SAUDE DE CRICIUMA","DESPESAS DE CAPITAL",100000,0,100000,0,0,0,0,0,0,0,0,0,0,0.0,0.0,0.0,0.0,0.0,0.0,"fontesRecursos_7fb6a7dd-128f-490a-8d16-471e70c01bf6.csv","informacaoPlanejamento_39655ecf-a581-4ea5-808b-06cd0298c488.csv"," "," "," "
"FUNDO MUNICIPAL DE SAUDE DE CRICIUMA",2024,"SAUDE PARA TODOS","Manutenção dos Consórcios de Saúde","Realizar ações de promoção e prevenção à saúde na rede básica e Estratégia Saúde da Família, e ações curativas na rede secundaria e terciária do sistema municipal da saúde.","FUNDO MUNICIPAL DE SAÚDE","Fundo Mun. de Saúde",Saúde,"Atenção Básica",1243,"Manutenção dos Consórcios de Saúde","Transf. a Consórcios Públicos",62,31710000000000,"Transf. a Consórcios Públicos","FUNDO MUNICIPAL DE SAUDE DE CRICIUMA","DESPESAS CORRENTES",150000,131466.31,281466.31,231466.31,231466.31,131080.38,131080.38,100385.93,131080.38,0,131080.38,100385.93,0.0,154.31,82.24,87.39,46.57,87.39,214.73,"fontesRecursos_e9494505-fc9c-4ac1-ae73-389b01161c87.csv","informacaoPlanejamento_b3b6b9d1-64e4-42d0-a2a7-0da8a4d6d36c.csv","empenhos_0155416d-3c91-4ca4-ab38-b57a56227cd7.csv","suplementacoes_9bfbf701-4dbf-433b-8f8c-5e80a1aa1ab9.csv"," "
"FUNDO MUNICIPAL DE SAUDE DE CRICIUMA",2024,"SAUDE PARA TODOS","Manutenção dos Consórcios de Saúde","Realizar ações de promoção e prevenção à saúde na rede básica e Estratégia Saúde da Família, e ações curativas na rede secundaria e terciária do sistema municipal da saúde.","FUNDO MUNICIPAL DE SAÚDE","Fundo Mun. de Saúde",Saúde,"Atenção Básica",1243,"Manutenção dos Consórcios de Saúde","Transferências a Consórcios Públicos",65,44710000000000,"Transferências a Consórcios Públicos","FUNDO MUNICIPAL DE SAUDE DE CRICIUMA","DESPESAS DE CAPITAL",100000,0,100000,8198.92,8198.92,4210.56,4210.56,3988.36,4210.56,0,4210.56,3988.36,0.0,8.2,8.2,4.21,4.21,4.21,2374.98,"fontesRecursos_cda59351-323f-4fd6-b99a-03231706ef67.csv","informacaoPlanejamento_2e1a9865-6284-4b9d-a254-52263c0c21e9.csv","empenhos_60ecb6cf-509b-4a7b-b05c-4360f232bb3e.csv"," "," "
"FUNDO MUNICIPAL DE SAUDE DE CRICIUMA",2024,"SAUDE PARA TODOS","Manutenção dos Consórcios de Saúde","Realizar ações de promoção e prevenção à saúde na rede básica e Estratégia Saúde da Família, e ações curativas na rede secundaria e terciária do sistema municipal da saúde.","FUNDO MUNICIPAL DE SAÚDE","Fundo Mun. de Saúde",Saúde,"Atenção Básica",1243,"Manutenção dos Consórcios de Saúde","Transferências a Consórcios Públicos",63,33710000000000,"Transferências a Consórcios Públicos","FUNDO MUNICIPAL DE SAUDE DE CRICIUMA","DESPESAS CORRENTES",100000,11867.17,111867.17,91867.17,91867.17,51452.91,51452.91,40414.26,51452.91,0,51452.91,40414.26,0.0,91.87,82.12,51.45,45.99,51.45,217.42,"fontesRecursos_ea5ca6b0-8f6a-4a51-b665-ec7032f45753.csv","informacaoPlanejamento_0171ad11-83d0-440e-8798-76e35d69af02.csv","empenhos_b231a482-b588-4573-8b3b-c611967f1fe2.csv","suplementacoes_187ee4d4-3cbc-41d2-90dc-f48a7574e1da.csv"," "
"FUNDO MUNICIPAL DE SAUDE DE CRICIUMA",2024,"SAUDE PARA TODOS","Manut. do Fundo Municipal de Saude, despesas de pessoal outros p/ manut.","Realizar ações de promoção e prevenção à saúde na rede básica e Estratégia Saúde da Família, e ações curativas na rede secundaria e terciária do sistema municipal da saúde.","FUNDO MUNICIPAL DE SAÚDE","Fundo Mun. de Saúde",Saúde,"Atenção Básica",1045,"Manut. do Fundo Municipal de Saude, despesas de pessoal outros p/ manut.","Transf. a Instituicoes Privadas c/ Fins Lucrativos",7,44600000000000,"Transf. a Instituicoes Privadas c/ Fins Lucrativos","FUNDO MUNICIPAL DE SAUDE DE CRICIUMA","DESPESAS DE CAPITAL",100000,0,100000,0,0,0,0,0,0,0,0,0,0,0.0,0.0,0.0,0.0,0.0,0.0,"fontesRecursos_bea91745-d6a3-4a9a-873b-f97175a8bc46.csv","informacaoPlanejamento_302e0ad0-2b95-4582-8d0f-98c1d91642d5.csv"," "," "," "
"FUNDO MUNICIPAL DE SAUDE DE CRICIUMA",2024,"SAUDE PARA TODOS","Manut. do Fundo Municipal de Saude, despesas de pessoal outros p/ manut.","Realizar ações de promoção e prevenção à saúde na rede básica e Estratégia Saúde da Família, e ações curativas na rede secundaria e terciária do sistema municipal da saúde.","FUNDO MUNICIPAL DE SAÚDE","Fundo Mun. de Saúde",Saúde,"Atenção Básica",1045,"Manut. do Fundo Municipal de Saude, despesas de pessoal outros p/ manut.","Transf.a Estados e ao D.Federal - Fundo a Fundo",3,33310000000000,"Transf.a Estados e ao D.Federal - Fundo a Fundo","FUNDO MUNICIPAL DE SAUDE DE CRICIUMA","DESPESAS CORRENTES",100000,0,100000,0,0,0,0,0,0,0,0,0,0,0.0,0.0,0.0,0.0,0.0,0.0,"fontesRecursos_424e52da-0d87-46a3-96c0-f961aa5bc4dc.csv","informacaoPlanejamento_37b95f1b-9f0a-4b9d-bec2-8451f7bddaea.csv"," "," "," "
"FUNDO MUNICIPAL DE SAUDE DE CRICIUMA",2024,"SAUDE PARA TODOS","Manut. do Fundo Municipal de Saude, despesas de pessoal outros p/ manut.","Realizar ações de promoção e prevenção à saúde na rede básica e Estratégia Saúde da Família, e ações curativas na rede secundaria e terciária do sistema municipal da saúde.","FUNDO MUNICIPAL DE SAÚDE","Fundo Mun. de Saúde",Saúde,"Atenção Básica",1045,"Manut. do Fundo Municipal de Saude, despesas de pessoal outros p/ manut.","Aplicacoes Diretas",1,31900000000000,"Aplicacoes Diretas","FUNDO MUNICIPAL DE SAUDE DE CRICIUMA","DESPESAS CORRENTES",26500000,1609422.46,2.810942246E7,2.457973697E7,2.245368206E7,2.237608755E7,2.237608755E7,77594.51,2.212308851E7,0,2.212308851E7,330593.55,252999.04,92.75,87.44,84.44,79.6,83.48,127.06,"fontesRecursos_8115ee8c-fc6a-4d0d-bfc9-2c70457d54d5.csv","informacaoPlanejamento_759a7b61-2515-46c3-bfb9-ea0f3ee45fce.csv","empenhos_87692cbc-7b98-4553-a049-8af9b464ef74.csv","suplementacoes_5d64e045-7691-4a2b-a20b-c02688febc9b.csv"," "
"FUNDO MUNICIPAL DE SAUDE DE CRICIUMA",2024,"SAUDE PARA TODOS","Manut. Gabinete do (a) Secretário (a)","Realizar ações de promoção e prevenção à saúde na rede básica e Estratégia Saúde da Família, e ações curativas na rede secundaria e terciária do sistema municipal da saúde.","FUNDO MUNICIPAL DE SAÚDE","Fundo Mun. de Saúde",Saúde,"Atenção Básica",1062,"Manut. Gabinete do (a) Secretário (a)","Aplicacoes Diretas",48,31900000000000,"Aplicacoes Diretas","FUNDO MUNICIPAL DE SAUDE DE CRICIUMA","DESPESAS CORRENTES",3300000,0,3300000,985019.03,985019.03,985019.03,985019.03,0.0,985019.03,0,985019.03,0.0,0.0,29.85,29.85,29.85,29.85,29.85,335.02,"fontesRecursos_c104c7b4-88c4-42d4-8a07-a788187e8dc8.csv","informacaoPlanejamento_5df4d687-f699-45f1-beea-81e9ee94365f.csv","empenhos_457fb01f-6044-4a88-bb42-7119cda8e75e.csv","suplementacoes_dc2cfb32-51c7-4dd2-846d-854ba1e61a4c.csv"," "
"FUNDO MUNICIPAL DE SAUDE DE CRICIUMA",2024,"SAUDE PARA TODOS","Manut. do Programa de Melhoria do Acesso/Qualid. da Atenção Básica-PMAQ","Realizar ações de promoção e prevenção à saúde na rede básica e Estratégia Saúde da Família, e ações curativas na rede secundaria e terciária do sistema municipal da saúde.","FUNDO MUNICIPAL DE SAÚDE","Fundo Mun. de Saúde",Saúde,"Atenção Básica",1061,"Manut. do Programa de Melhoria do Acesso/Qualid. da Atenção Básica-PMAQ","Aplicacoes Diretas",47,44900000000000,"Aplicacoes Diretas","FUNDO MUNICIPAL DE SAUDE DE CRICIUMA","DESPESAS DE CAPITAL",500000,0,500000,0,0,0,0,0,0,0,0,0,0,0.0,0.0,0.0,0.0,0.0,0.0,"fontesRecursos_b4a035c2-3514-46fe-83fa-d1cf1bada3e1.csv","informacaoPlanejamento_826ac43d-e1de-406c-829c-534d9f130895.csv"," "," "," "
"FUNDO MUNICIPAL DE SAUDE DE CRICIUMA",2024,"SAUDE PARA TODOS","Manut. do Programa de Melhoria do Acesso/Qualid. da Atenção Básica-PMAQ","Realizar ações de promoção e prevenção à saúde na rede básica e Estratégia Saúde da Família, e ações curativas na rede secundaria e terciária do sistema municipal da saúde.","FUNDO MUNICIPAL DE SAÚDE","Fundo Mun. de Saúde",Saúde,"Atenção Básica",1061,"Manut. do Programa de Melhoria do Acesso/Qualid. da Atenção Básica-PMAQ","Aplicacoes Diretas",45,31900000000000,"Aplicacoes Diretas","FUNDO MUNICIPAL DE SAUDE DE CRICIUMA","DESPESAS CORRENTES",100000,0,100000,0,0,0,0,0,0,0,0,0,0,0.0,0.0,0.0,0.0,0.0,0.0,"fontesRecursos_7f187014-3b14-49e7-8914-11b531db765a.csv","informacaoPlanejamento_9ac2233c-6923-47ea-97de-ead4106096df.csv"," "," "," "
"FUNDO MUNICIPAL DE SAUDE DE CRICIUMA",2024,"SAUDE PARA TODOS","Manut. do Programa de Melhoria do Acesso/Qualid. da Atenção Básica-PMAQ","Realizar ações de promoção e prevenção à saúde na rede básica e Estratégia Saúde da Família, e ações curativas na rede secundaria e terciária do sistema municipal da saúde.","FUNDO MUNICIPAL DE SAÚDE","Fundo Mun. de Saúde",Saúde,"Atenção Básica",1061,"Manut. do Programa de Melhoria do Acesso/Qualid. da Atenção Básica-PMAQ","Aplicacoes Diretas",46,33900000000000,"Aplicacoes Diretas","FUNDO MUNICIPAL DE SAUDE DE CRICIUMA","DESPESAS CORRENTES",6000000,0,6000000,775272.82,775272.82,775272.82,775272.82,0.0,775272.82,0,775272.82,0.0,0.0,12.92,12.92,12.92,12.92,12.92,773.92,"fontesRecursos_23943d71-876d-431e-8a21-b26d33a7af0c.csv","informacaoPlanejamento_1e78a4d0-e073-4c0d-96a2-899b654a32d4.csv","empenhos_10a6939a-cfb6-411b-b31f-4300fa066852.csv"," "," "
"FUNDO MUNICIPAL DE SAUDE DE CRICIUMA",2024,"SAUDE PARA TODOS","Manutenção do Consórcio CIM-AMREC","Realizar ações de promoção e prevenção à saúde na rede básica e Estratégia Saúde da Família, e ações curativas na rede secundaria e terciária do sistema municipal da saúde.","FUNDO MUNICIPAL DE SAÚDE","Fundo Mun. de Saúde",Saúde,"Assistência Hospitalar e Ambulatorial",1218,"Manutenção do Consórcio CIM-AMREC","Aplicação Direta Decorrente de Op.entre Órgãos",60,33930000000000,"Aplicação Direta Decorrente de Op.entre Órgãos","FUNDO MUNICIPAL DE SAUDE DE CRICIUMA","DESPESAS CORRENTES",1050000,0,1050000,447390.64,149130.2,149130.2,149130.2,0.0,149130.2,0,149130.2,0.0,0.0,42.61,42.61,14.2,14.2,14.2,704.08,"fontesRecursos_0ac8f904-751e-43e4-9e7d-af4212af3e0c.csv","informacaoPlanejamento_3630e73f-8a4c-4727-afa5-cc4e112c35f6.csv","empenhos_4e4303ba-bf51-4d22-9597-fe844a530a26.csv"," "," "
"FUNDO MUNICIPAL DE SAUDE DE CRICIUMA",2024,"SAUDE PARA TODOS","Manut. Gabinete do (a) Secretário (a)","Realizar ações de promoção e prevenção à saúde na rede básica e Estratégia Saúde da Família, e ações curativas na rede secundaria e terciária do sistema municipal da saúde.","FUNDO MUNICIPAL DE SAÚDE","Fundo Mun. de Saúde",Saúde,"Atenção Básica",1062,"Manut. Gabinete do (a) Secretário (a)","Aplicacoes Diretas",49,33900000000000,"Aplicacoes Diretas","FUNDO MUNICIPAL DE SAUDE DE CRICIUMA","DESPESAS CORRENTES",20000,0,20000,0,0,0,0,0,0,0,0,0,0,0.0,0.0,0.0,0.0,0.0,0.0,"fontesRecursos_7c6932d2-53ce-4e5b-930f-ed0122e1a4f8.csv","informacaoPlanejamento_2a49e2b9-3c9e-4643-856b-da9992e21caa.csv"," "," "," "
"FUNDO MUNICIPAL DE SAUDE DE CRICIUMA",2024,"SAUDE PARA TODOS","Manut. CAPs","Realizar ações de promoção e prevenção à saúde na rede básica e Estratégia Saúde da Família, e ações curativas na rede secundaria e terciária do sistema municipal da saúde.","FUNDO MUNICIPAL DE SAÚDE","Fundo Mun. de Saúde",Saúde,"Atenção Básica",1055,"Manut. CAPs","Transferencias a Instituicoes Privadas sem Fins Lu",30,33500000000000,"Transferencias a Instituicoes Privadas sem Fins Lu","FUNDO MUNICIPAL DE SAUDE DE CRICIUMA","DESPESAS CORRENTES",10000,0,10000,0,0,0,0,0,0,0,0,0,0,0.0,0.0,0.0,0.0,0.0,0.0,"fontesRecursos_5734436a-6ef5-4467-90a1-99ab0e5ae85e.csv","informacaoPlanejamento_7d845231-d32e-421d-bce6-d2fca904a991.csv"," "," "," "
"FUNDO MUNICIPAL DE SAUDE DE CRICIUMA",2024,"SAUDE PARA TODOS","Manut. CAPs","Realizar ações de promoção e prevenção à saúde na rede básica e Estratégia Saúde da Família, e ações curativas na rede secundaria e terciária do sistema municipal da saúde.","FUNDO MUNICIPAL DE SAÚDE","Fundo Mun. de Saúde",Saúde,"Atenção Básica",1055,"Manut. CAPs","Aplicacoes Diretas",32,44900000000000,"Aplicacoes Diretas","FUNDO MUNICIPAL DE SAUDE DE CRICIUMA","DESPESAS DE CAPITAL",1000000,-1000000,0,0,0,0,0,0,0,0,0,0,0,0.0,0.0,0.0,0.0,0.0,0.0,"fontesRecursos_a2fd08a8-4e72-4e5a-ab29-2732db69a7ef.csv","informacaoPlanejamento_bf72b3ae-b48f-4310-92de-24e34d30997e.csv"," ","suplementacoes_15a39430-fc4b-4d5d-ab09-680dc89cd749.csv"," "
"FUNDO MUNICIPAL DE SAUDE DE CRICIUMA",2024,"SAUDE PARA TODOS","Manut. CEOs","Realizar ações de promoção e prevenção à saúde na rede básica e Estratégia Saúde da Família, e ações curativas na rede secundaria e terciária do sistema municipal da saúde.","FUNDO MUNICIPAL DE SAÚDE","Fundo Mun. de Saúde",Saúde,"Atenção Básica",1056,"Manut. CEOs","Aplicacoes Diretas",33,31900000000000,"Aplicacoes Diretas","FUNDO MUNICIPAL DE SAUDE DE CRICIUMA","DESPESAS CORRENTES",2500000,700000,3200000,2942040.28,2942040.28,2942040.28,2942040.28,0.0,2942040.28,0,2942040.28,0.0,0.0,117.68,91.94,117.68,91.94,117.68,108.77,"fontesRecursos_b4b244c9-f5c6-4913-8292-0088f9065b95.csv","informacaoPlanejamento_e76229d3-e99b-4ba6-a34f-d662a37fadc9.csv","empenhos_ff6a92b4-8c5b-4344-b3fc-869bcd24425b.csv","suplementacoes_7630d997-d959-43c1-a21a-8e105a7ceec2.csv"," "
"FUNDO MUNICIPAL DE SAUDE DE CRICIUMA",2024,"SAUDE PARA TODOS","Manut. CEOs","Realizar ações de promoção e prevenção à saúde na rede básica e Estratégia Saúde da Família, e ações curativas na rede secundaria e terciária do sistema municipal da saúde.","FUNDO MUNICIPAL DE SAÚDE","Fundo Mun. de Saúde",Saúde,"Atenção Básica",1056,"Manut. CEOs","Aplicacoes Diretas",35,44900000000000,"Aplicacoes Diretas","FUNDO MUNICIPAL DE SAUDE DE CRICIUMA","DESPESAS DE CAPITAL",400000,-250000,150000,0,0,0,0,0,0,0,0,0,0,0.0,0.0,0.0,0.0,0.0,0.0,"fontesRecursos_9f0f03ef-4962-40b3-845b-e9cb77edc0bd.csv","informacaoPlanejamento_9143d700-56bf-46ea-8a24-07b6accacc54.csv"," ","suplementacoes_a6ceb009-9f3b-45ad-840e-da4b0a8b3e25.csv"," "
"FUNDO MUNICIPAL DE SAUDE DE CRICIUMA",2024,"SAUDE PARA TODOS","Manut. CAPs","Realizar ações de promoção e prevenção à saúde na rede básica e Estratégia Saúde da Família, e ações curativas na rede secundaria e terciária do sistema municipal da saúde.","FUNDO MUNICIPAL DE SAÚDE","Fundo Mun. de Saúde",Saúde,"Atenção Básica",1055,"Manut. CAPs","Aplicacoes Diretas",29,31900000000000,"Aplicacoes Diretas","FUNDO MUNICIPAL DE SAUDE DE CRICIUMA","DESPESAS CORRENTES",5500000,18003,5518003,5273789.54,5273789.54,5273789.54,5273789.54,0.0,5273789.54,0,5273789.54,0.0,0.0,95.89,95.57,95.89,95.57,95.89,104.63,"fontesRecursos_20f028b8-26c8-4cad-a786-c922c66b6d8a.csv","informacaoPlanejamento_f8321131-3d4b-4087-9b98-a92f033366e7.csv","empenhos_e12e8a7a-0102-49b2-bea8-81a19081182d.csv","suplementacoes_350676b4-89b8-4789-831e-83dc71c88e45.csv"," "
"FUNDO MUNICIPAL DE SAUDE DE CRICIUMA",2024,"CONSCIENTIZAÇÃO AMBIENTAL","Manut. do Núcleo do Bem-Estar Animal (NBEA)","Incentivar a conscientização ambiental entre os cidadãos e promover a conservação do meio ambiente para a melhoria da qualidade de vida.","FUNDO MUNICIPAL DE SAÚDE","Fundo Mun. de Saúde","Gestão Ambiental","Administração Geral",1223,"Manut. do Núcleo do Bem-Estar Animal (NBEA)","Aplicacoes Diretas",66,33900000000000,"Aplicacoes Diretas","FUNDO MUNICIPAL DE SAUDE DE CRICIUMA","DESPESAS CORRENTES",60000,980000,1040000,1203877.93,1005000.4,1004825.9,1004825.9,174.5,1004825.9,0,1004825.9,174.5,0.0,2006.46,115.76,1674.71,96.62,1674.71,103.5,"fontesRecursos_aac29331-95db-4921-bfa4-eda06cd694ee.csv","informacaoPlanejamento_b6761c28-d998-43d4-8787-fc37ae255320.csv","empenhos_60bca1a8-ba48-436d-905e-df2ecdd7e358.csv","suplementacoes_cbc0fde0-c331-4a8e-bcb8-05aae1e614aa.csv"," "
"FUNDO MUNICIPAL DE SAUDE DE CRICIUMA",2024,"CONSCIENTIZAÇÃO AMBIENTAL","Manut. do Núcleo do Bem-Estar Animal (NBEA)","Incentivar a conscientização ambiental entre os cidadãos e promover a conservação do meio ambiente para a melhoria da qualidade de vida.","FUNDO MUNICIPAL DE SAÚDE","Fundo Mun. de Saúde","Gestão Ambiental","Administração Geral",1223,"Manut. do Núcleo do Bem-Estar Animal (NBEA)","Aplicacoes Diretas",67,44900000000000,"Aplicacoes Diretas","FUNDO MUNICIPAL DE SAUDE DE CRICIUMA","DESPESAS DE CAPITAL",80000,-80000,0,0,0,0,0,0,0,0,0,0,0,0.0,0.0,0.0,0.0,0.0,0.0,"fontesRecursos_8a1788c2-9143-4262-b8f6-3b55f7da475d.csv","informacaoPlanejamento_06097a8c-61b8-4861-8bf1-ff8b25d99f9c.csv"," ","suplementacoes_68f99207-53db-4fab-a7b3-337c3a63f0c4.csv"," "
"FUNDO MUNICIPAL DE SAUDE DE CRICIUMA",2024,"SAUDE PARA TODOS","Manutenção DST/HIV/AIDS","Realizar ações de promoção e prevenção à saúde na rede básica e Estratégia Saúde da Família, e ações curativas na rede secundaria e terciária do sistema municipal da saúde.","FUNDO MUNICIPAL DE SAÚDE","Fundo Mun. de Saúde",Saúde,"Vigilância Epidemiológica",1206,"Manutenção DST/HIV/AIDS","Aplicacoes Diretas",55,44900000000000,"Aplicacoes Diretas","FUNDO MUNICIPAL DE SAUDE DE CRICIUMA","DESPESAS DE CAPITAL",100000,0,100000,0,0,0,0,0,0,0,0,0,0,0.0,0.0,0.0,0.0,0.0,0.0,"fontesRecursos_dac0168c-4759-4103-b468-d44fdc81c500.csv","informacaoPlanejamento_fb6ebdc6-469f-4a6b-9025-51b337ccceea.csv"," "," "," "
"FUNDO MUNICIPAL DE SAUDE DE CRICIUMA",2024,"SAUDE PARA TODOS","Manutenção DST/HIV/AIDS","Realizar ações de promoção e prevenção à saúde na rede básica e Estratégia Saúde da Família, e ações curativas na rede secundaria e terciária do sistema municipal da saúde.","FUNDO MUNICIPAL DE SAÚDE","Fundo Mun. de Saúde",Saúde,"Vigilância Epidemiológica",1206,"Manutenção DST/HIV/AIDS","Aplicacoes Diretas",53,31900000000000,"Aplicacoes Diretas","FUNDO MUNICIPAL DE SAUDE DE CRICIUMA","DESPESAS CORRENTES",2300000,2206.28,2302206.28,1656087.73,1656087.73,1656087.73,1656087.73,0.0,1656087.73,0,1656087.73,0.0,0.0,72.0,71.93,72.0,71.93,72.0,139.01,"fontesRecursos_13ea1638-584d-4106-a85f-0c9b12927ee8.csv","informacaoPlanejamento_bb2ac035-b3b5-4ce4-b430-01a79fd66d26.csv","empenhos_f6076151-a16c-4816-972e-17cd30c4bf98.csv","suplementacoes_d4ba8bbc-a3a7-42fe-8ebf-e6cf4aaad25a.csv"," "
"FUNDO MUNICIPAL DE SAUDE DE CRICIUMA",2024,"SAUDE PARA TODOS","Manut. SAMU","Realizar ações de promoção e prevenção à saúde na rede básica e Estratégia Saúde da Família, e ações curativas na rede secundaria e terciária do sistema municipal da saúde.","FUNDO MUNICIPAL DE SAÚDE","Fundo Mun. de Saúde",Saúde,"Atenção Básica",1054,"Manut. SAMU","Transferências a Consórcios Públicos",24,33710000000000,"Transferências a Consórcios Públicos","FUNDO MUNICIPAL DE SAUDE DE CRICIUMA","DESPESAS CORRENTES",20000,0,20000,0,0,0,0,0,0,0,0,0,0,0.0,0.0,0.0,0.0,0.0,0.0,"fontesRecursos_0f3251cb-728c-4216-9257-9feac2e54e97.csv","informacaoPlanejamento_ccd31308-4494-4cfb-a1d9-e9ae2ee16a77.csv"," "," "," "
"FUNDO MUNICIPAL DE SAUDE DE CRICIUMA",2024,"SAUDE PARA TODOS","Manut. SAMU","Realizar ações de promoção e prevenção à saúde na rede básica e Estratégia Saúde da Família, e ações curativas na rede secundaria e terciária do sistema municipal da saúde.","FUNDO MUNICIPAL DE SAÚDE","Fundo Mun. de Saúde",Saúde,"Atenção Básica",1054,"Manut. SAMU","Transf. a Consórcios Públicos",21,31710000000000,"Transf. a Consórcios Públicos","FUNDO MUNICIPAL DE SAUDE DE CRICIUMA","DESPESAS CORRENTES",20000,0,20000,0,0,0,0,0,0,0,0,0,0,0.0,0.0,0.0,0.0,0.0,0.0,"fontesRecursos_292ec823-c3ce-458e-be37-10756ed5cf5a.csv","informacaoPlanejamento_12d89753-7e90-4a45-87ee-537c84a326df.csv"," "," "," "
"FUNDO MUNICIPAL DE SAUDE DE CRICIUMA",2024,"SAUDE PARA TODOS","Manut. SAMU","Realizar ações de promoção e prevenção à saúde na rede básica e Estratégia Saúde da Família, e ações curativas na rede secundaria e terciária do sistema municipal da saúde.","FUNDO MUNICIPAL DE SAÚDE","Fundo Mun. de Saúde",Saúde,"Atenção Básica",1054,"Manut. SAMU","Transferências a Consórcios Públicos",27,44710000000000,"Transferências a Consórcios Públicos","FUNDO MUNICIPAL DE SAUDE DE CRICIUMA","DESPESAS DE CAPITAL",20000,0,20000,0,0,0,0,0,0,0,0,0,0,0.0,0.0,0.0,0.0,0.0,0.0,"fontesRecursos_fbe1c26f-d96a-4917-b717-909b21f0fea3.csv","informacaoPlanejamento_353a764a-707d-4ce1-9fdf-8b76bf518513.csv"," "," "," "
"FUNDO MUNICIPAL DE SAUDE DE CRICIUMA",2024,"SAUDE PARA TODOS","Manut. SAMU","Realizar ações de promoção e prevenção à saúde na rede básica e Estratégia Saúde da Família, e ações curativas na rede secundaria e terciária do sistema municipal da saúde.","FUNDO MUNICIPAL DE SAÚDE","Fundo Mun. de Saúde",Saúde,"Atenção Básica",1054,"Manut. SAMU","Aplicação Direta Decorrente de Op.entre Órgãos",26,33930000000000,"Aplicação Direta Decorrente de Op.entre Órgãos","FUNDO MUNICIPAL DE SAUDE DE CRICIUMA","DESPESAS CORRENTES",20000,0,20000,0,0,0,0,0,0,0,0,0,0,0.0,0.0,0.0,0.0,0.0,0.0,"fontesRecursos_8d9f7d04-8fe0-470f-818d-251df769ba48.csv","informacaoPlanejamento_e34a3a9e-1f42-4644-9d9a-8ef48dc879f4.csv"," "," "," "
"FUNDO MUNICIPAL DE SAUDE DE CRICIUMA",2024,"SAUDE PARA TODOS","Manut. SAMU","Realizar ações de promoção e prevenção à saúde na rede básica e Estratégia Saúde da Família, e ações curativas na rede secundaria e terciária do sistema municipal da saúde.","FUNDO MUNICIPAL DE SAÚDE","Fundo Mun. de Saúde",Saúde,"Atenção Básica",1054,"Manut. SAMU","Aplicacoes Diretas",22,31900000000000,"Aplicacoes Diretas","FUNDO MUNICIPAL DE SAUDE DE CRICIUMA","DESPESAS CORRENTES",820000,0,820000,419169.22,419169.22,419169.22,419169.22,0.0,419169.22,0,419169.22,0.0,0.0,51.12,51.12,51.12,51.12,51.12,195.63,"fontesRecursos_6e913fdf-8e57-4a84-984a-8c649ee09b89.csv","informacaoPlanejamento_ecfac6c8-a375-4039-af03-b7873a9f6757.csv","empenhos_f1a452ab-4b6c-43b1-8b49-d1a1d481388c.csv"," "," "
"FUNDO MUNICIPAL DE SAUDE DE CRICIUMA",2024,"SAUDE PARA TODOS","Manut. SAMU","Realizar ações de promoção e prevenção à saúde na rede básica e Estratégia Saúde da Família, e ações curativas na rede secundaria e terciária do sistema municipal da saúde.","FUNDO MUNICIPAL DE SAÚDE","Fundo Mun. de Saúde",Saúde,"Atenção Básica",1054,"Manut. SAMU","Aplicacoes Diretas",28,44900000000000,"Aplicacoes Diretas","FUNDO MUNICIPAL DE SAUDE DE CRICIUMA","DESPESAS DE CAPITAL",510000,-100000,410000,0,0,0,0,0,0,0,0,0,0,0.0,0.0,0.0,0.0,0.0,0.0,"fontesRecursos_741239db-6cb2-4b14-a6a7-f27418e9dd69.csv","informacaoPlanejamento_4ac09d7e-eafd-46b0-a895-f01e8949e172.csv"," ","suplementacoes_46e57e2c-6c30-49d0-adf2-4b05807d5871.csv"," "
"FUNDO MUNICIPAL DE SAUDE DE CRICIUMA",2024,"SAUDE PARA TODOS","Manut. SAMU","Realizar ações de promoção e prevenção à saúde na rede básica e Estratégia Saúde da Família, e ações curativas na rede secundaria e terciária do sistema municipal da saúde.","FUNDO MUNICIPAL DE SAÚDE","Fundo Mun. de Saúde",Saúde,"Atenção Básica",1054,"Manut. SAMU","Transferencias a Instituicoes Privadas sem Fins Lu",23,33500000000000,"Transferencias a Instituicoes Privadas sem Fins Lu","FUNDO MUNICIPAL DE SAUDE DE CRICIUMA","DESPESAS CORRENTES",20000,0,20000,0,0,0,0,0,0,0,0,0,0,0.0,0.0,0.0,0.0,0.0,0.0,"fontesRecursos_e16e409f-3bfc-4922-9cae-1bb4caeb263e.csv","informacaoPlanejamento_5721ef3e-286f-4b58-b376-a2c271d0acab.csv"," "," "," "
"FUNDO MUNICIPAL DE SAUDE DE CRICIUMA",2024,"SAUDE PARA TODOS","Manutenção DST/HIV/AIDS","Realizar ações de promoção e prevenção à saúde na rede básica e Estratégia Saúde da Família, e ações curativas na rede secundaria e terciária do sistema municipal da saúde.","FUNDO MUNICIPAL DE SAÚDE","Fundo Mun. de Saúde",Saúde,"Vigilância Epidemiológica",1206,"Manutenção DST/HIV/AIDS","Aplicacoes Diretas",54,33900000000000,"Aplicacoes Diretas","FUNDO MUNICIPAL DE SAUDE DE CRICIUMA","DESPESAS CORRENTES",100000,0,100000,3000.0,0.0,0,0,0.0,0,0,0,0.0,0,3.0,3.0,0.0,0.0,0.0,0.0,"fontesRecursos_e3bc1df5-465a-4bea-8118-cde01987a4b4.csv","informacaoPlanejamento_bab82147-9ef2-4c19-888c-9b641a93e976.csv","empenhos_ec44b0f1-1d8d-4e3b-9663-85d79248bcde.csv"," "," "
"FUNDO MUNICIPAL DE SAUDE DE CRICIUMA",2024,"SAUDE PARA TODOS","Manut. do Fundo Municipal de Saude, despesas de pessoal outros p/ manut.","Realizar ações de promoção e prevenção à saúde na rede básica e Estratégia Saúde da Família, e ações curativas na rede secundaria e terciária do sistema municipal da saúde.","FUNDO MUNICIPAL DE SAÚDE","Fundo Mun. de Saúde",Saúde,"Atenção Básica",1045,"Manut. do Fundo Municipal de Saude, despesas de pessoal outros p/ manut.","Aplicações Diretas - Oper.Intra-Orçamentárias",2,31910000000000,"Aplicações Diretas - Oper.Intra-Orçamentárias","FUNDO MUNICIPAL DE SAUDE DE CRICIUMA","DESPESAS CORRENTES",13100000,1.1E7,2.41E7,2.096467719E7,1.927689544E7,1.927689544E7,1.927689544E7,0.0,1.92766486E7,0,1.92766486E7,246.84,246.84,160.04,86.99,147.15,79.99,147.15,125.02,"fontesRecursos_d7a52016-809d-45ad-b29c-4ec4130ded8e.csv","informacaoPlanejamento_35f5b1d1-2c0d-4fca-a149-844396ca8ac6.csv","empenhos_6415fb74-5962-4725-be5d-694c3ecef9ac.csv","suplementacoes_58815d7c-dc2d-4f29-98da-ef7949af6fc1.csv"," "
"FUNDO MUNICIPAL DE SAUDE DE CRICIUMA",2024,"SAUDE PARA TODOS","Manut. da Epidemiologia","Realizar ações de promoção e prevenção à saúde na rede básica e Estratégia Saúde da Família, e ações curativas na rede secundaria e terciária do sistema municipal da saúde.","FUNDO MUNICIPAL DE SAÚDE","Fundo Mun. de Saúde",Saúde,"Vigilância Epidemiológica",1052,"Manut. da Epidemiologia","Aplicacoes Diretas",18,31900000000000,"Aplicacoes Diretas","FUNDO MUNICIPAL DE SAUDE DE CRICIUMA","DESPESAS CORRENTES",3200000,9884,3209884,2204001.29,2204001.29,2204001.29,2204001.29,0.0,2204001.29,0,2204001.29,0.0,0.0,68.88,68.66,68.88,68.66,68.88,145.64,"fontesRecursos_181d4b4d-3441-4e26-9164-ac626838011b.csv","informacaoPlanejamento_347d5ea5-c7f6-46e3-a833-cd5e9f7d07bc.csv","empenhos_9bdf1ff7-b667-4c79-8172-f35a25e8571e.csv","suplementacoes_a3e72bbe-b02c-4cdd-92b9-a981e52c6036.csv"," "
"FUNDO MUNICIPAL DE SAUDE DE CRICIUMA",2024,"SAUDE PARA TODOS","Manut. da Epidemiologia","Realizar ações de promoção e prevenção à saúde na rede básica e Estratégia Saúde da Família, e ações curativas na rede secundaria e terciária do sistema municipal da saúde.","FUNDO MUNICIPAL DE SAÚDE","Fundo Mun. de Saúde",Saúde,"Vigilância Epidemiológica",1052,"Manut. da Epidemiologia","Aplicacoes Diretas",19,33900000000000,"Aplicacoes Diretas","FUNDO MUNICIPAL DE SAUDE DE CRICIUMA","DESPESAS CORRENTES",800000,0,800000,292545.75,171192.22,153538.12,153218.96,17973.26,145082.57,319.16,144763.41,26428.81,8455.55,36.57,36.57,19.19,19.19,18.14,551.41,"fontesRecursos_b6396412-ff3b-4b7d-8c34-d8907cf90827.csv","informacaoPlanejamento_fb8a4f2e-df69-498d-b1b0-1bcb01d9c5fc.csv","empenhos_2662f614-0003-46c6-808a-47552d85f23e.csv"," "," "
"FUNDO MUNICIPAL DE SAUDE DE CRICIUMA",2024,"SAUDE PARA TODOS","Manut. da Epidemiologia","Realizar ações de promoção e prevenção à saúde na rede básica e Estratégia Saúde da Família, e ações curativas na rede secundaria e terciária do sistema municipal da saúde.","FUNDO MUNICIPAL DE SAÚDE","Fundo Mun. de Saúde",Saúde,"Vigilância Epidemiológica",1052,"Manut. da Epidemiologia","Aplicacoes Diretas",20,44900000000000,"Aplicacoes Diretas","FUNDO MUNICIPAL DE SAUDE DE CRICIUMA","DESPESAS DE CAPITAL",500000,0,500000,0,0,0,0,0,0,0,0,0,0,0.0,0.0,0.0,0.0,0.0,0.0,"fontesRecursos_929d04b9-cc6a-4657-9aa3-c1a38fee4bd2.csv","informacaoPlanejamento_0fb0f065-530a-4ae6-b2df-4f4b6858602f.csv"," "," "," "
"FUNDO MUNICIPAL DE SAUDE DE CRICIUMA",2024,"SAUDE PARA TODOS","Manut. PSF e ESF","Realizar ações de promoção e prevenção à saúde na rede básica e Estratégia Saúde da Família, e ações curativas na rede secundaria e terciária do sistema municipal da saúde.","FUNDO MUNICIPAL DE SAÚDE","Fundo Mun. de Saúde",Saúde,"Atenção Básica",1050,"Manut. PSF e ESF","Aplicacoes Diretas",14,44900000000000,"Aplicacoes Diretas","FUNDO MUNICIPAL DE SAUDE DE CRICIUMA","DESPESAS DE CAPITAL",6450000,-1479718.71,4970281.29,1781481.02,1436742.61,1263008.09,1263008.09,173734.52,1261723.69,0,1261723.69,175018.92,1284.4,27.62,35.84,19.58,25.41,19.56,393.93,"fontesRecursos_3d93e9eb-47f1-4838-8033-e8cc64240757.csv","informacaoPlanejamento_292704a0-dfd8-4a76-bb74-fd95ed37e416.csv","empenhos_675fb174-735c-4544-b45f-c9f5755523b5.csv","suplementacoes_757ac3d4-9147-45a6-a05c-695ca576cba1.csv"," "
"PREFEITURA MUNICIPAL DE CRICIUMA",2024,"DEFENSORIA PUBLICA","Manut. da Procuradoria Geral","Para que os processos e ações movidas contra ou a favor o municipio, possam ser estudado e receberem o tratamento necessario.","PROCURADORIA GERAL DO MUNICIPIO","Defensoria Publica",Judiciária,"Ação Judiciária",1016,"Manut. da Procuradoria Geral","Aplicacoes Diretas",48,33900000000000,"Aplicacoes Diretas","PREFEITURA MUNICIPAL DE CRICIUMA","DESPESAS CORRENTES",60000,1500000,1560000,1535020.33,119071.94,74137.56,73940.95,45130.99,70829.9,196.61,70633.29,48438.65,3307.66,2558.37,98.4,123.56,4.75,118.05,2202.46,"fontesRecursos_5246f420-e9fa-40af-825f-e4cb0be4bdf9.csv","informacaoPlanejamento_2c2f8d9f-fba3-416e-8fd5-179e0c1aa84b.csv","empenhos_df84491b-880b-4028-a595-8426e8b7d37e.csv","suplementacoes_c59f9b2d-710b-49f6-9a5c-6390c8c5a505.csv"," "
"FUNDO MUNICIPAL DE SAUDE DE CRICIUMA",2024,"SAUDE PARA TODOS","Manut. SAMU","Realizar ações de promoção e prevenção à saúde na rede básica e Estratégia Saúde da Família, e ações curativas na rede secundaria e terciária do sistema municipal da saúde.","FUNDO MUNICIPAL DE SAÚDE","Fundo Mun. de Saúde",Saúde,"Atenção Básica",1054,"Manut. SAMU","Aplicacoes Diretas",25,33900000000000,"Aplicacoes Diretas","FUNDO MUNICIPAL DE SAUDE DE CRICIUMA","DESPESAS CORRENTES",1700000,188670.4,1888670.4,1447973.29,823866.92,809066.82,809026.92,14840.0,809066.82,39.9,809026.92,14840.0,0.0,85.17,76.67,47.59,42.84,47.59,233.44,"fontesRecursos_a4f8b652-81f1-4e47-ac45-664ec5e3c213.csv","informacaoPlanejamento_7930de54-1282-4128-b867-a7530e2b4e5d.csv","empenhos_12ff78f1-4c63-4010-ae19-a651898883b7.csv","suplementacoes_c26329e9-b4e9-4207-900e-7d725f3a6c1d.csv"," "
"FUNDO M.DOS DIR.DA CRIANCA E DO ADOLESC.- CRICIUMA",2024,"FUNDO MUNICIPAL DA INFÂNCIA E ADOLESCENCIA - FIA","Manut. do Fundo da Infancia - FIA, Doação do IR e Recursos Estaduais e Federais.","Garantir o atendimento prioritário a crianças e adolescentes em todas as esferas;- Manutenção e ampliação dos programas específicos para o atendimento e garantia de direitos, bem como, articulação com órgão do Judiciário, Ministério Público, Defensoria Pública, Conselho Tutelar e demais órgão municipais, estaduais, federais.","FUNDO M. DOS DIR. DA CRIANÇA E DO ADOLESC-CRICIÚMA","Fdo. dos Dir. da Criança e do Adolescente","Assistência Social","Assistência à Criança e ao Adolescente",1069,"Manut. do Fundo da Infancia - FIA, Doação do IR e Recursos Estaduais e Federais.","Transf. a Instituicoes Privadas s/ Fins Lucrativos",3,44500000000000,"Transf. a Instituicoes Privadas s/ Fins Lucrativos","FUNDO M.DOS DIR.DA CRIANCA E DO ADOLESC.- CRICIUMA","DESPESAS DE CAPITAL",1300000,-666000,634000,631932.87,631932.87,631932.87,631932.87,0.0,631932.87,0,631932.87,0.0,0.0,48.61,99.67,48.61,99.67,48.61,100.33,"fontesRecursos_b377369d-9f6c-4c5b-a692-db98a3bb20b8.csv","informacaoPlanejamento_72564767-0ab8-4d4b-8e9e-05052388dd5c.csv","empenhos_250887d2-dfe0-42fc-ba89-eb2710cbd023.csv","suplementacoes_a95fe449-4d25-45a9-a603-e26e4e852504.csv"," "
"FUNDO M.DOS DIR.DA CRIANCA E DO ADOLESC.- CRICIUMA",2024,"FUNDO MUNICIPAL DA INFÂNCIA E ADOLESCENCIA - FIA","Manut. do Fundo da Infancia - FIA, Doação do IR e Recursos Estaduais e Federais.","Garantir o atendimento prioritário a crianças e adolescentes em todas as esferas;- Manutenção e ampliação dos programas específicos para o atendimento e garantia de direitos, bem como, articulação com órgão do Judiciário, Ministério Público, Defensoria Pública, Conselho Tutelar e demais órgão municipais, estaduais, federais.","FUNDO M. DOS DIR. DA CRIANÇA E DO ADOLESC-CRICIÚMA","Fdo. dos Dir. da Criança e do Adolescente","Assistência Social","Assistência à Criança e ao Adolescente",1069,"Manut. do Fundo da Infancia - FIA, Doação do IR e Recursos Estaduais e Federais.","Transferencias a Instituicoes Privadas sem Fins Lu",1,33500000000000,"Transferencias a Instituicoes Privadas sem Fins Lu","FUNDO M.DOS DIR.DA CRIANCA E DO ADOLESC.- CRICIUMA","DESPESAS CORRENTES",1100000,2213000,3313000,3043000.53,3025559.69,3037720.47,3025559.69,0.0,3037720.47,12160.78,3025559.69,0.0,0.0,276.64,91.85,276.16,91.69,276.16,109.06,"fontesRecursos_e8042cb4-c09b-45a4-b6cf-75d6d585b416.csv","informacaoPlanejamento_365a86e1-9c99-4ac7-be06-16426572029e.csv","empenhos_c1f78782-25bf-4f3d-b8ac-437f4a034212.csv","suplementacoes_5f0b9c5a-a56d-46cb-a2e0-308d1df391db.csv"," "
"FUNDO M.DOS DIR.DA CRIANCA E DO ADOLESC.- CRICIUMA",2024,"FUNDO MUNICIPAL DA INFÂNCIA E ADOLESCENCIA - FIA","Manut. do Fundo da Infancia - FIA, Doação do IR e Recursos Estaduais e Federais.","Garantir o atendimento prioritário a crianças e adolescentes em todas as esferas;- Manutenção e ampliação dos programas específicos para o atendimento e garantia de direitos, bem como, articulação com órgão do Judiciário, Ministério Público, Defensoria Pública, Conselho Tutelar e demais órgão municipais, estaduais, federais.","FUNDO M. DOS DIR. DA CRIANÇA E DO ADOLESC-CRICIÚMA","Fdo. dos Dir. da Criança e do Adolescente","Assistência Social","Assistência à Criança e ao Adolescente",1069,"Manut. do Fundo da Infancia - FIA, Doação do IR e Recursos Estaduais e Federais.","Aplicacoes Diretas",4,44900000000000,"Aplicacoes Diretas","FUNDO M.DOS DIR.DA CRIANCA E DO ADOLESC.- CRICIUMA","DESPESAS DE CAPITAL",490000,-408000,82000,0,0,0,0,0,0,0,0,0,0,0.0,0.0,0.0,0.0,0.0,0.0,"fontesRecursos_d18e38d0-1a3e-444a-ad41-aae427a03c34.csv","informacaoPlanejamento_2fc85ecf-4b37-48f7-90a3-8b950d3c70eb.csv"," ","suplementacoes_4af47fc4-afed-454c-930f-262ee0cb4f64.csv"," "
"PREFEITURA MUNICIPAL DE CRICIUMA",2024,"AVANÇAR CRICIUMA","Manut. depto de Obras","Elaborar projetos arquitetônicos, urbanísticos e geométricos (rodoviários) de espaços públicos; Revisar e regulamentar constantemente a legislação urbanística do Plano Diretor; Executar obras de edificações e espaços públicos de interesse da coletividade. Garantir o desenvolvimento econômico do município por meio de execução de obras significativas ao crescimento urbano.Tornar à cidade mais humanizada, bonita e agradável de se viver, sempre em conformidade com o novo Plano Diretor do Municipio.","SEC. M. DE INFRAEST.,PLANEJ. E MOBILIDADE URBANA",Obras,Urbanismo,"Serviços Urbanos",1073,"Manut. depto de Obras","Aplicacoes Diretas",179,33900000000000,"Aplicacoes Diretas","PREFEITURA MUNICIPAL DE CRICIUMA","DESPESAS CORRENTES",15900000,6488903.77,2.238890377E7,2.263128324E7,1.543644941E7,1.478786649E7,1.463628209E7,800167.32,1.427685191E7,2990.19,1.427386172E7,1162587.69,362420.37,142.34,101.08,93.01,66.05,89.79,156.82,"fontesRecursos_941278f3-d631-42c9-beba-23e534d2ea8e.csv","informacaoPlanejamento_e911772d-5e73-4d8e-9c93-dc6dac0addd2.csv","empenhos_7c72d1a9-66f4-456f-a448-517c37737f04.csv","suplementacoes_50196375-24bf-4138-b528-bee24ad98d62.csv"," "
"PREFEITURA MUNICIPAL DE CRICIUMA",2024,"AVANÇAR CRICIUMA","Manut. Fdo. Iluminação Pública","Elaborar projetos arquitetônicos, urbanísticos e geométricos (rodoviários) de espaços públicos; Revisar e regulamentar constantemente a legislação urbanística do Plano Diretor; Executar obras de edificações e espaços públicos de interesse da coletividade. Garantir o desenvolvimento econômico do município por meio de execução de obras significativas ao crescimento urbano.Tornar à cidade mais humanizada, bonita e agradável de se viver, sempre em conformidade com o novo Plano Diretor do Municipio.","SEC. M. DE INFRAEST.,PLANEJ. E MOBILIDADE URBANA","Manut. Fdo. Iluminação Pública",Urbanismo,"Conservação de Energia",1082,"Manut. Fdo. Iluminação Pública","Aplicacoes Diretas",207,44900000000000,"Aplicacoes Diretas","PREFEITURA MUNICIPAL DE CRICIUMA","DESPESAS DE CAPITAL",18550000,-8700000,9850000,2392648.52,2355663.58,1084246.51,1084246.51,1271417.07,1084246.51,0,1084246.51,1271417.07,0.0,12.9,24.29,5.84,11.01,5.84,908.46,"fontesRecursos_2c967e9b-db71-481c-9968-8e270fc09f17.csv","informacaoPlanejamento_5208feb1-1b38-44dc-b1af-4c41947d46c8.csv","empenhos_06f87917-fb49-411e-8e51-d2c3ded52cf3.csv","suplementacoes_c76c7af8-5819-4a54-bc8d-844c51856f34.csv"," "
"PREFEITURA MUNICIPAL DE CRICIUMA",2024,"GESTÃO ADMINISTRATIVA","Manut. da Secretaria Geral","Planejar a gestão publica atraves de implementações de dados gerenciais visando a redução de custos, e estrategicas na defesa civil do municipio.","GABINETE DO PREFEITO","Gabinete do Prefeito",Administração,"Administração Geral",1003,"Manut. da Secretaria Geral","Aplicacoes Diretas",5,33900000000000,"Aplicacoes Diretas","PREFEITURA MUNICIPAL DE CRICIUMA","DESPESAS CORRENTES",450000,0,450000,408423.9,358824.54,311579.12,311579.12,47245.42,311579.12,0,311579.12,47245.42,0.0,90.76,90.76,69.24,69.24,69.24,144.43,"fontesRecursos_7fa1d30d-873b-467e-9b09-f0e444c5b163.csv","informacaoPlanejamento_219bb431-9cc8-4565-9288-a123153403d2.csv","empenhos_cae08dea-9e64-4ed1-b918-a91f0e30efd0.csv"," "," "
"PREFEITURA MUNICIPAL DE CRICIUMA",2024,"AVANÇAR CRICIUMA","Pavimentação/Recup/Revitalização/Mobilidade Urbana/Emprestimo FONPLATA, BNDES/BRDE","Elaborar projetos arquitetônicos, urbanísticos e geométricos (rodoviários) de espaços públicos; Revisar e regulamentar constantemente a legislação urbanística do Plano Diretor; Executar obras de edificações e espaços públicos de interesse da coletividade. Garantir o desenvolvimento econômico do município por meio de execução de obras significativas ao crescimento urbano.Tornar à cidade mais humanizada, bonita e agradável de se viver, sempre em conformidade com o novo Plano Diretor do Municipio.","SEC. M. DE INFRAEST.,PLANEJ. E MOBILIDADE URBANA","Abertura/Pavimentação/Manut. de Vias Públicas",Urbanismo,"Infra-Estrutura Urbana",1079,"Pavimentação/Recup/Revitalização/Mobilidade Urbana/Emprestimo FONPLATA, BNDES/BRDE","Aplicacoes Diretas",201,44900000000000,"Aplicacoes Diretas","PREFEITURA MUNICIPAL DE CRICIUMA","DESPESAS DE CAPITAL",117000000,1.328904873E7,1.3028904873E8,1.4449955083E8,4.621127426E7,4.384155788E7,4.064947122E7,5561803.04,3.96955775E7,94784.0,3.96007935E7,6610480.76,1048677.72,123.5,110.91,37.47,33.65,33.93,328.22,"fontesRecursos_8217fcd5-5b9f-4641-a0c4-08a9c90b0833.csv","informacaoPlanejamento_eaf97dbb-69b9-4e2c-bc3e-4d30c33e6376.csv","empenhos_dc4d5b53-98f4-40c2-bfc5-6d935c97fd9b.csv","suplementacoes_01d1b358-e2d0-412e-acfe-eb8a9ce0d63a.csv"," "
"PREFEITURA MUNICIPAL DE CRICIUMA",2024,"AVANÇAR CRICIUMA","Manut. Fdo. Iluminação Pública","Elaborar projetos arquitetônicos, urbanísticos e geométricos (rodoviários) de espaços públicos; Revisar e regulamentar constantemente a legislação urbanística do Plano Diretor; Executar obras de edificações e espaços públicos de interesse da coletividade. Garantir o desenvolvimento econômico do município por meio de execução de obras significativas ao crescimento urbano.Tornar à cidade mais humanizada, bonita e agradável de se viver, sempre em conformidade com o novo Plano Diretor do Municipio.","SEC. M. DE INFRAEST.,PLANEJ. E MOBILIDADE URBANA","Manut. Fdo. Iluminação Pública",Urbanismo,"Conservação de Energia",1082,"Manut. Fdo. Iluminação Pública","Aplicacoes Diretas",206,33900000000000,"Aplicacoes Diretas","PREFEITURA MUNICIPAL DE CRICIUMA","DESPESAS CORRENTES",23000000,1.481E7,3.781E7,3.538651195E7,2.724777356E7,2.764017059E7,2.699711198E7,250661.58,2.594005454E7,576066.13,2.536398841E7,1883785.15,1633123.57,153.85,93.59,120.17,73.1,112.78,145.76,"fontesRecursos_6485f522-3c93-4e2a-84ef-b7750da49da1.csv","informacaoPlanejamento_93afbcba-e79b-4c6e-80ca-e4fd5a63a3f7.csv","empenhos_5994a640-07b0-45ac-af82-2f840210e87f.csv","suplementacoes_1a67b1a4-4497-48c5-b25f-05792f722ff3.csv"," "
"FUNDO MUNICIPAL DE SAUDE DE CRICIUMA",2024,"SAUDE PARA TODOS","Manutenção do Centro de Zoonoses - CCZ","Realizar ações de promoção e prevenção à saúde na rede básica e Estratégia Saúde da Família, e ações curativas na rede secundaria e terciária do sistema municipal da saúde.","FUNDO MUNICIPAL DE SAÚDE","Fundo Mun. de Saúde",Saúde,"Vigilância Epidemiológica",1207,"Manutenção do Centro de Zoonoses - CCZ","Aplicacoes Diretas",57,33900000000000,"Aplicacoes Diretas","FUNDO MUNICIPAL DE SAUDE DE CRICIUMA","DESPESAS CORRENTES",525000,0,525000,253120.4,193599.43,180048.32,180048.32,13551.11,175668.32,0,175668.32,17931.11,4380.0,48.21,48.21,34.29,34.29,33.46,298.86,"fontesRecursos_67e0ad0b-ea46-459c-aa25-809d7d21167f.csv","informacaoPlanejamento_eb8efe7b-2580-45b2-bc14-e7e0005c102a.csv","empenhos_d7ba9820-9fcc-470d-84d4-baa928bc6494.csv"," "," "
"FUNDO MUNICIPAL DE SAUDE DE CRICIUMA",2024,"SAUDE PARA TODOS","Manut. do Fundo Municipal de Saude, despesas de pessoal outros p/ manut.","Realizar ações de promoção e prevenção à saúde na rede básica e Estratégia Saúde da Família, e ações curativas na rede secundaria e terciária do sistema municipal da saúde.","FUNDO MUNICIPAL DE SAÚDE","Fundo Mun. de Saúde",Saúde,"Atenção Básica",1045,"Manut. do Fundo Municipal de Saude, despesas de pessoal outros p/ manut.","Aplicacoes Diretas",5,33900000000000,"Aplicacoes Diretas","FUNDO MUNICIPAL DE SAUDE DE CRICIUMA","DESPESAS CORRENTES",49500000,-8176956.81,4.132304319E7,4.358984439E7,2.979845961E7,2.791970806E7,2.785641788E7,1942041.73,2.773810703E7,63290.18,2.767481685E7,2123642.76,181601.03,88.06,105.49,56.4,67.56,56.04,148.98,"fontesRecursos_64f429d5-9af7-4474-913a-c80e8b168e4b.csv","informacaoPlanejamento_b5769154-f194-41fc-995f-ce3ecb3eef6c.csv","empenhos_976ae840-ff8b-4861-a662-85671fa4ec7d.csv","suplementacoes_33758eec-f2b2-4ae1-878c-84f64a963ef8.csv"," "
"FUNDO MUNICIPAL DE SAUDE DE CRICIUMA",2024,"SAUDE PARA TODOS","Manutenção dos Consórcios de Saúde","Realizar ações de promoção e prevenção à saúde na rede básica e Estratégia Saúde da Família, e ações curativas na rede secundaria e terciária do sistema municipal da saúde.","FUNDO MUNICIPAL DE SAÚDE","Fundo Mun. de Saúde",Saúde,"Atenção Básica",1243,"Manutenção dos Consórcios de Saúde","Aplicação Direta Decorrente de Op.entre Órgãos",64,33930000000000,"Aplicação Direta Decorrente de Op.entre Órgãos","FUNDO MUNICIPAL DE SAUDE DE CRICIUMA","DESPESAS CORRENTES",12500000,2360832.72,1.486083272E7,1.500585423E7,1.3638753E7,1.296115681E7,1.296115681E7,677596.19,1.296115681E7,0,1.296115681E7,677596.19,0.0,120.05,100.98,103.69,87.22,103.69,114.66,"fontesRecursos_ab1dbc67-b227-4fc6-851f-137efc428db6.csv","informacaoPlanejamento_a57503b7-b5e5-4fea-928a-57c7260e7954.csv","empenhos_406df729-5102-4b82-847b-d44dc7526b4b.csv","suplementacoes_b326ece3-30ff-4ff4-9061-fc9dfc229f6e.csv"," "
"PREFEITURA MUNICIPAL DE CRICIUMA",2024,"AVANÇAR CRICIUMA",Parques/Praças/Jardins,"Elaborar projetos arquitetônicos, urbanísticos e geométricos (rodoviários) de espaços públicos; Revisar e regulamentar constantemente a legislação urbanística do Plano Diretor; Executar obras de edificações e espaços públicos de interesse da coletividade. Garantir o desenvolvimento econômico do município por meio de execução de obras significativas ao crescimento urbano.Tornar à cidade mais humanizada, bonita e agradável de se viver, sempre em conformidade com o novo Plano Diretor do Municipio.","SEC. M. DE INFRAEST.,PLANEJ. E MOBILIDADE URBANA",Parques/Praças/Jardins,"Desporto e Lazer",Lazer,1081,Parques/Praças/Jardins,"Aplicacoes Diretas",205,44900000000000,"Aplicacoes Diretas","PREFEITURA MUNICIPAL DE CRICIUMA","DESPESAS DE CAPITAL",23500000,3240208.01,2.674020801E7,1.757004557E7,1.049986986E7,8788830.99,8788830.99,1711038.87,8788830.99,0,8788830.99,1711038.87,0.0,74.77,65.71,37.4,32.87,37.4,304.25,"fontesRecursos_f08ea198-e39d-4ffb-aabd-8393cfa26b13.csv","informacaoPlanejamento_7ae5d0b2-c916-4561-9bc3-b766d6ebfc21.csv","empenhos_cb88a79b-ebe6-4a19-9291-f55fd53ac7e9.csv","suplementacoes_fa2ab9b5-6a80-4136-a827-018e37cf2b02.csv"," "
"FUNDO MUNICIPAL DE SAUDE DE CRICIUMA",2024,"SAUDE PARA TODOS","Manutenção da Assistência Farmacêutica","Realizar ações de promoção e prevenção à saúde na rede básica e Estratégia Saúde da Família, e ações curativas na rede secundaria e terciária do sistema municipal da saúde.","FUNDO MUNICIPAL DE SAÚDE","Fundo Mun. de Saúde",Saúde,"Suporte Profilático e Terapêutico",1202,"Manutenção da Assistência Farmacêutica","Aplicacoes Diretas",51,33900000000000,"Aplicacoes Diretas","FUNDO MUNICIPAL DE SAUDE DE CRICIUMA","DESPESAS CORRENTES",10500000,0,10500000,7696138.91,5934330.61,5819331.6,5819331.6,114999.01,5810941.5,0,5810941.5,123389.11,8390.1,73.3,73.3,55.42,55.42,55.34,180.69,"fontesRecursos_dd51d771-108e-46c0-a0bb-3815388a6989.csv","informacaoPlanejamento_a3a9b90d-4a34-4aaf-a34b-484b618390ec.csv","empenhos_b1655369-44c2-4884-868d-f8921f060f64.csv"," "," "
"FUNDO MUNICIPAL DE SAUDE DE CRICIUMA",2024,"SAUDE PARA TODOS","Manut. da Saude Bucal-ESF","Realizar ações de promoção e prevenção à saúde na rede básica e Estratégia Saúde da Família, e ações curativas na rede secundaria e terciária do sistema municipal da saúde.","FUNDO MUNICIPAL DE SAÚDE","Fundo Mun. de Saúde",Saúde,"Atenção Básica",1060,"Manut. da Saude Bucal-ESF","Aplicacoes Diretas",43,33900000000000,"Aplicacoes Diretas","FUNDO MUNICIPAL DE SAUDE DE CRICIUMA","DESPESAS CORRENTES",1000000,500000,1500000,915126.74,751610.3,736532.1,736532.1,15078.2,731565.07,0,731565.07,20045.23,4967.03,91.51,61.01,73.65,49.1,73.16,205.04,"fontesRecursos_e7be8edc-1702-4b2c-8b6d-2e59a7f3444c.csv","informacaoPlanejamento_d179566f-1848-4afb-a763-caf60b00b92f.csv","empenhos_fd1af5c5-2259-453d-92b5-b3f8258ccbf8.csv","suplementacoes_67767867-0659-410a-92b9-831539d6dfb3.csv"," "
"FUNDO MUNICIPAL DE SAUDE DE CRICIUMA",2024,"SAUDE PARA TODOS","Manut. CEOs","Realizar ações de promoção e prevenção à saúde na rede básica e Estratégia Saúde da Família, e ações curativas na rede secundaria e terciária do sistema municipal da saúde.","FUNDO MUNICIPAL DE SAÚDE","Fundo Mun. de Saúde",Saúde,"Atenção Básica",1056,"Manut. CEOs","Aplicacoes Diretas",34,33900000000000,"Aplicacoes Diretas","FUNDO MUNICIPAL DE SAUDE DE CRICIUMA","DESPESAS CORRENTES",1200000,-445000,755000,526003.04,434930.98,430210.79,430210.79,4720.19,429470.97,0,429470.97,5460.01,739.82,43.83,69.67,35.85,56.98,35.79,175.8,"fontesRecursos_36741ce2-ae77-478f-8e3d-d0f505a7aac8.csv","informacaoPlanejamento_ac893d1c-a263-4dd3-aacc-76643e19feee.csv","empenhos_d24312ce-e29f-4dd8-ad32-b23afb927055.csv","suplementacoes_a820d8ce-3035-434c-9aec-704e2c19f37f.csv"," "
"FUNDO MUNICIPAL DE SAUDE DE CRICIUMA",2024,"SAUDE PARA TODOS","Manut. CAPs","Realizar ações de promoção e prevenção à saúde na rede básica e Estratégia Saúde da Família, e ações curativas na rede secundaria e terciária do sistema municipal da saúde.","FUNDO MUNICIPAL DE SAÚDE","Fundo Mun. de Saúde",Saúde,"Atenção Básica",1055,"Manut. CAPs","Aplicacoes Diretas",31,33900000000000,"Aplicacoes Diretas","FUNDO MUNICIPAL DE SAUDE DE CRICIUMA","DESPESAS CORRENTES",2500000,1002000,3502000,3568706.91,1984009.97,1861426.0,1861346.2,122663.77,1780190.77,79.8,1780110.97,203899.0,81235.23,142.75,101.9,74.46,53.15,71.21,196.72,"fontesRecursos_b33c3bdb-14c9-44f3-8a8f-7542c444ba62.csv","informacaoPlanejamento_84e4d607-0722-4e1e-9008-500e1fb883d8.csv","empenhos_627b1807-350a-4f3a-bcfa-cdd24c91aa00.csv","suplementacoes_57a2a332-d1a2-4437-bb6f-37725c8237c6.csv"," "
"FUNDO MUNICIPAL DE SAUDE DE CRICIUMA",2024,"SAUDE PARA TODOS","Manutenção dos Serviços Médicos e Laboratoriais (SUS)","Realizar ações de promoção e prevenção à saúde na rede básica e Estratégia Saúde da Família, e ações curativas na rede secundaria e terciária do sistema municipal da saúde.","FUNDO MUNICIPAL DE SAÚDE","Fundo Mun. de Saúde",Saúde,"Assistência Hospitalar e Ambulatorial",1204,"Manutenção dos Serviços Médicos e Laboratoriais (SUS)","Aplicacoes Diretas",52,33900000000000,"Aplicacoes Diretas","FUNDO MUNICIPAL DE SAUDE DE CRICIUMA","DESPESAS CORRENTES",260000000,0,260000000,1.8835081419E8,7.019313774E7,5.974616498E7,5.973642545E7,1.045671229E7,5.668141329E7,732.04,5.668068125E7,1.351245649E7,3055744.2,72.44,72.44,22.98,22.98,21.8,458.7,"fontesRecursos_a48220e5-22f9-4715-9e5e-8f02cd987b73.csv","informacaoPlanejamento_7e385fcd-0e75-421a-a499-f6aadf0f3b04.csv","empenhos_62b68cf8-6d1a-4fac-ae60-bc0b08f39a62.csv","suplementacoes_e94876cd-f227-4c1d-9d03-76323c928a56.csv"," "
"FUNDO MUNICIPAL DE SAUDE DE CRICIUMA",2024,"SAUDE PARA TODOS","Manut. PSF e ESF","Realizar ações de promoção e prevenção à saúde na rede básica e Estratégia Saúde da Família, e ações curativas na rede secundaria e terciária do sistema municipal da saúde.","FUNDO MUNICIPAL DE SAÚDE","Fundo Mun. de Saúde",Saúde,"Atenção Básica",1050,"Manut. PSF e ESF","Aplicacoes Diretas",13,33900000000000,"Aplicacoes Diretas","FUNDO MUNICIPAL DE SAUDE DE CRICIUMA","DESPESAS CORRENTES",10000000,2564934.54,1.256493454E7,1.037636557E7,8517402.27,8254290.56,8254290.56,263111.71,8060835.28,0,8060835.28,456566.99,193455.28,103.76,82.58,82.54,65.69,80.61,155.88,"fontesRecursos_49098b38-e43d-4f94-9ca8-310fdaaf6022.csv","informacaoPlanejamento_6bc2a600-d3ef-4922-bb3b-cfb69d9900f6.csv","empenhos_971a3142-5fea-41cf-b19c-41ffb8935739.csv","suplementacoes_50ab50ab-c6e4-42c1-9012-824a189873ae.csv"," "
"PREFEITURA MUNICIPAL DE CRICIUMA",2024,"GESTÃO FISCAL E FINANCEIRA","Manut. do Convênio Policia Militar","Que as receitas possam crescer o suficiente para podermos cobrir as despesas fixas, e ainda obtermos sobra para os investimentos.","SEC. MUN. DA FAZENDA","Convênio Polícia Militar","Segurança Pública",Policiamento,1027,"Manut. do Convênio Policia Militar","Aplicacoes Diretas",97,33900000000000,"Aplicacoes Diretas","PREFEITURA MUNICIPAL DE CRICIUMA","DESPESAS CORRENTES",2970000,35070,3005070,2674823.18,1766071.66,1753989.38,1753989.38,12082.28,1744675.04,0,1744675.04,21396.62,9314.34,90.06,89.01,59.06,58.37,58.74,172.24,"fontesRecursos_800ee0b9-b9d1-4288-a2ea-1e8549c7c38e.csv","informacaoPlanejamento_b0d017ef-2863-4022-89ef-fee470fef320.csv","empenhos_7df65c44-7e47-4b65-955f-97007c8d386f.csv","suplementacoes_e4253486-42a6-4cff-b4f1-e2bb6fff6e2c.csv"," "
"PREFEITURA MUNICIPAL DE CRICIUMA",2024,"GESTÃO FISCAL E FINANCEIRA","Manut. do Convênio Trânsito Policia Civil","Que as receitas possam crescer o suficiente para podermos cobrir as despesas fixas, e ainda obtermos sobra para os investimentos.","SEC. MUN. DA FAZENDA","Convênio Trânsito - Polícia Civil","Segurança Pública",Policiamento,1028,"Manut. do Convênio Trânsito Policia Civil","Aplicacoes Diretas",101,33900000000000,"Aplicacoes Diretas","PREFEITURA MUNICIPAL DE CRICIUMA","DESPESAS CORRENTES",2020000,904670.0,2924670.0,1800592.01,1419941.41,1370515.29,1370515.29,49426.12,1345474.13,0,1345474.13,74467.28,25041.16,89.14,61.57,67.85,46.86,66.61,217.37,"fontesRecursos_06e2b6c1-6be1-4dfd-a52b-578a65a77b50.csv","informacaoPlanejamento_8553d61a-682d-4148-a81f-7b7d50fecd5d.csv","empenhos_67301e4b-ea4d-4339-b842-572ddc0570cb.csv","suplementacoes_cde39111-3428-4937-b0df-0fc5661ed693.csv"," "
"PREFEITURA MUNICIPAL DE CRICIUMA",2024,"CENTRAL DE ALIMENTOS","Manut. Merenda Escolar","Elaborar cardapio de qualidade para um bom desenvolvimento e crescimento doa slunos; Oportunizar Formação Continuada as serventes, apra qualificar o atendimento; Fornecer generos alimenticios, gas e outros, para garantir as necessidades basicas das unidades.","SEC. MUN. DE EDUCAÇÃO","Merenda Escolar",Educação,"Ensino Fundamental",1240,"Manut. Merenda Escolar","Aplicacoes Diretas",164,33900000000000,"Aplicacoes Diretas","PREFEITURA MUNICIPAL DE CRICIUMA","DESPESAS CORRENTES",1000000,12000,1012000,90500.0,78566.77,68131.35,68131.35,10435.42,66965.59,0,66965.59,11601.18,1165.76,9.05,8.94,6.81,6.73,6.7,1511.22,"fontesRecursos_e7c99b32-5cd4-4c59-8837-b5f6a3bdbd8a.csv","informacaoPlanejamento_128e4766-dbe3-45cc-827c-d9e1c471d089.csv","empenhos_460140a9-32b6-4c3d-9a1d-5e67f7565e54.csv","suplementacoes_ff327c95-f5a4-4285-8321-1db05be0d068.csv"," "
"PREFEITURA MUNICIPAL DE CRICIUMA",2024,"CONSCIENTIZAÇÃO AMBIENTAL","Manut. da Diretoria de Meio Ambiente","Incentivar a conscientização ambiental entre os cidadãos e promover a conservação do meio ambiente para a melhoria da qualidade de vida.","SEC. M. DE INFRAEST.,PLANEJ. E MOBILIDADE URBANA","Diretoria Municipal de Meio Ambiente de Criciúma","Gestão Ambiental","Administração Geral",1221,"Manut. da Diretoria de Meio Ambiente","Aplicacoes Diretas",220,33900000000000,"Aplicacoes Diretas","PREFEITURA MUNICIPAL DE CRICIUMA","DESPESAS CORRENTES",3600000,-757800,2842200,465168.84,205014.78,196780.42,196276.0,8738.78,192675.98,3894.04,188781.94,16232.84,7494.06,12.92,16.37,5.47,6.92,5.35,1475.12,"fontesRecursos_6fe7e0cc-8081-4edc-a599-426ae430efe5.csv","informacaoPlanejamento_e5d04eba-8a52-4985-ad2e-3075f5919dda.csv","empenhos_6ba75381-78f5-4550-aaea-6dfb6b20b61e.csv","suplementacoes_fafe1cdf-0a64-465f-8a26-07ddd43594d8.csv"," "
"PREFEITURA MUNICIPAL DE CRICIUMA",2024,"GESTÃO DE QUALIDADE NO ENSINO","Unidades Escolares - Ensino Fundamental","Garantir espaço educativo adequado para a promoção da formação humana; fornecer materiais de consumo e didático, generos alimenticios, limpeza e outros paa as escolas e CEIMs; Acompanhar e das suporte administrativo e financeiro as Unidades Escolares; Manter e ampliar os espaços fisicos internos e externos das escolas e CEIMs.","SEC. MUN. DE EDUCAÇÃO","Unidades Escolares",Educação,"Ensino Fundamental",1032,"Unidades Escolares - Ensino Fundamental","Aplicacoes Diretas",131,33900000000000,"Aplicacoes Diretas","PREFEITURA MUNICIPAL DE CRICIUMA","DESPESAS CORRENTES",32900000,6431254.96,3.933125496E7,3.5808094E7,3.111909526E7,2.801238103E7,2.800889265E7,3110202.61,2.766338701E7,368.38,2.766301863E7,3456076.63,345874.02,108.84,91.04,85.14,71.22,84.08,142.18,"fontesRecursos_36877e89-93d1-4175-96f3-e1c88fc7a7be.csv","informacaoPlanejamento_c3b32bc6-8c35-458d-a9fd-51699a01b3aa.csv","empenhos_da1c5029-1df5-4c11-97b8-a22967fedeb3.csv","suplementacoes_55e2b6cb-505a-45a0-a259-c43af153f4d6.csv"," "
"PREFEITURA MUNICIPAL DE CRICIUMA",2024,"GESTÃO DE QUALIDADE NO ENSINO","Creches e Pré-Escolares - Educação Infantil","Garantir espaço educativo adequado para a promoção da formação humana; fornecer materiais de consumo e didático, generos alimenticios, limpeza e outros paa as escolas e CEIMs; Acompanhar e das suporte administrativo e financeiro as Unidades Escolares; Manter e ampliar os espaços fisicos internos e externos das escolas e CEIMs.","SEC. MUN. DE EDUCAÇÃO","Creches e Pré-Escolares",Educação,"Educação Infantil",1031,"Creches e Pré-Escolares - Educação Infantil","Aplicacoes Diretas",123,33900000000000,"Aplicacoes Diretas","PREFEITURA MUNICIPAL DE CRICIUMA","DESPESAS CORRENTES",5800000,3037500.0,8837500.0,8347900.46,6883947.72,6235532.45,6235532.45,648415.27,6202400.55,0,6202400.55,681547.17,33131.9,143.93,94.46,107.51,70.56,106.94,142.49,"fontesRecursos_64b9e89a-fead-4556-93f9-1744e8313222.csv","informacaoPlanejamento_e2382a83-0e99-44ba-b9a5-c5f42dd132e2.csv","empenhos_97a9e39e-59fa-4c7b-a3d0-7c0cd7e0497d.csv","suplementacoes_427e5a08-2579-4ab1-9ca1-65976db7d156.csv"," "
"PREFEITURA MUNICIPAL DE CRICIUMA",2024,"AVANÇAR CRICIUMA","Centros Comunitarios","Elaborar projetos arquitetônicos, urbanísticos e geométricos (rodoviários) de espaços públicos; Revisar e regulamentar constantemente a legislação urbanística do Plano Diretor; Executar obras de edificações e espaços públicos de interesse da coletividade. Garantir o desenvolvimento econômico do município por meio de execução de obras significativas ao crescimento urbano.Tornar à cidade mais humanizada, bonita e agradável de se viver, sempre em conformidade com o novo Plano Diretor do Municipio.","SEC. M. DE INFRAEST.,PLANEJ. E MOBILIDADE URBANA","Centros Comunitários","Desporto e Lazer",Lazer,1075,"Centros Comunitarios","Aplicacoes Diretas",191,33900000000000,"Aplicacoes Diretas","PREFEITURA MUNICIPAL DE CRICIUMA","DESPESAS CORRENTES",250000,30000,280000,270465.92,228634.33,215097.69,215097.69,13536.64,214834.98,0,214834.98,13799.35,262.71,108.19,96.59,86.04,76.82,85.93,130.33,"fontesRecursos_e79921a6-f431-421c-9702-bb54364b1646.csv","informacaoPlanejamento_cfa683b4-e410-40b3-8f96-9b2de80fe639.csv","empenhos_f5c91f45-029a-4237-bbef-dd68b4b3af15.csv","suplementacoes_7c2a1135-ff5d-4054-88b5-533c2da308f7.csv"," "
"PREFEITURA MUNICIPAL DE CRICIUMA",2024,"GESTÃO FISCAL E FINANCEIRA","Manut. da Arrecadação, Fiscalização, Cadastro Imobiliario","Que as receitas possam crescer o suficiente para podermos cobrir as despesas fixas, e ainda obtermos sobra para os investimentos.","SEC. MUN. DA FAZENDA","Arrecadação e Fiscalização",Administração,"Administração Geral",1022,"Manut. da Arrecadação, Fiscalização, Cadastro Imobiliario","Aplicacoes Diretas",86,33900000000000,"Aplicacoes Diretas","PREFEITURA MUNICIPAL DE CRICIUMA","DESPESAS CORRENTES",5000000,-2103854.77,2896145.23,2888877.24,2442857.99,1871223.3,1870404.37,572453.62,1835539.79,818.93,1834720.86,608137.13,35683.51,57.78,99.75,37.42,64.61,36.71,157.78,"fontesRecursos_62615a65-37ca-4e7e-aa8d-3a7f18c97e17.csv","informacaoPlanejamento_683ecaec-17f8-4263-bd9c-e4674207de74.csv","empenhos_0d9cb764-0a66-456b-a247-fd0e24cdfa0b.csv","suplementacoes_45f80a02-30c9-4fed-bc1c-b5613e361d2e.csv"," "
"PREFEITURA MUNICIPAL DE CRICIUMA",2024,"GESTÃO DE QUALIDADE NO ENSINO","Creches e Pré-Escolares - Educação Infantil","Garantir espaço educativo adequado para a promoção da formação humana; fornecer materiais de consumo e didático, generos alimenticios, limpeza e outros paa as escolas e CEIMs; Acompanhar e das suporte administrativo e financeiro as Unidades Escolares; Manter e ampliar os espaços fisicos internos e externos das escolas e CEIMs.","SEC. MUN. DE EDUCAÇÃO","Creches e Pré-Escolares",Educação,"Educação Infantil",1031,"Creches e Pré-Escolares - Educação Infantil","Aplicacoes Diretas",124,44900000000000,"Aplicacoes Diretas","PREFEITURA MUNICIPAL DE CRICIUMA","DESPESAS DE CAPITAL",12900000,-300000,12600000,1.238661165E7,1.228161165E7,6103326.98,6103326.98,6178284.67,6103326.98,0,6103326.98,6178284.67,0.0,96.02,98.31,47.31,48.44,47.31,206.44,"fontesRecursos_cb8f09b8-4270-435a-b4a0-e2f81779afb8.csv","informacaoPlanejamento_afd0523a-ac93-4e71-ab60-e3767cca7b60.csv","empenhos_83431d8b-c80d-4131-af22-39e5f7e2a2a1.csv","suplementacoes_67d09d15-917c-4e23-8a6a-59cc2b112508.csv","Salário Educação"
"PREFEITURA MUNICIPAL DE CRICIUMA",2024,"AVANÇAR CRICIUMA","Edificações Publicas","Elaborar projetos arquitetônicos, urbanísticos e geométricos (rodoviários) de espaços públicos; Revisar e regulamentar constantemente a legislação urbanística do Plano Diretor; Executar obras de edificações e espaços públicos de interesse da coletividade. Garantir o desenvolvimento econômico do município por meio de execução de obras significativas ao crescimento urbano.Tornar à cidade mais humanizada, bonita e agradável de se viver, sempre em conformidade com o novo Plano Diretor do Municipio.","SEC. M. DE INFRAEST.,PLANEJ. E MOBILIDADE URBANA","Edificações Públicas",Urbanismo,"Infra-Estrutura Urbana",1074,"Edificações Publicas","Aplicacoes Diretas",186,44900000000000,"Aplicacoes Diretas","PREFEITURA MUNICIPAL DE CRICIUMA","DESPESAS DE CAPITAL",7000000,23440000,30440000,1907920.39,493504.31,493504.31,493504.31,0.0,493504.31,0,493504.31,0.0,0.0,27.26,6.27,7.05,1.62,7.05,6168.13,"fontesRecursos_314a4738-fdf9-463b-8aa1-1c53548fe924.csv","informacaoPlanejamento_988fad36-0f5e-43a8-8d46-f937d9f97722.csv","empenhos_c557ad44-3a9c-41c2-a3e3-027d3062e4af.csv","suplementacoes_4b13dc17-6534-4d01-a5a1-c7e8c4fda67c.csv","Recursos Ordinários"
"PREFEITURA MUNICIPAL DE CRICIUMA",2024,"GESTÃO ADMINISTRATIVA","Manut. do Fundo do Idoso - Proteção ao Idoso","Planejar a gestão publica atraves de implementações de dados gerenciais visando a redução de custos, e estrategicas na defesa civil do municipio.","GABINETE DO PREFEITO","Proteção ao Idoso","Assistência Social","Assistência ao Idoso",1014,"Manut. do Fundo do Idoso - Proteção ao Idoso","Transf. a Instituicoes Privadas s/ Fins Lucrativos",25,44500000000000,"Transf. a Instituicoes Privadas s/ Fins Lucrativos","PREFEITURA MUNICIPAL DE CRICIUMA","DESPESAS DE CAPITAL",500000,4094634.1,4594634.1,4466635.28,4438015.55,4466635.28,4438015.55,0.0,4466635.28,28619.73,4438015.55,0.0,0.0,893.33,97.21,893.33,97.21,893.33,102.87,"fontesRecursos_46187080-018d-4f85-9b78-fb24a23f30a8.csv","informacaoPlanejamento_152af3c6-93d9-4ab9-97a4-7a562322cf22.csv","empenhos_db60cec8-395a-4d7b-83c3-06b8d6c0621d.csv","suplementacoes_a407bfc0-ce86-4a41-b103-1c36a2892ec8.csv"," "
"PREFEITURA MUNICIPAL DE CRICIUMA",2024,"GESTÃO ADMINISTRATIVA","Manut. do Fundo do Idoso - Proteção ao Idoso","Planejar a gestão publica atraves de implementações de dados gerenciais visando a redução de custos, e estrategicas na defesa civil do municipio.","GABINETE DO PREFEITO","Proteção ao Idoso","Assistência Social","Assistência ao Idoso",1014,"Manut. do Fundo do Idoso - Proteção ao Idoso","Transferencias a Instituicoes Privadas sem Fins Lu",23,33500000000000,"Transferencias a Instituicoes Privadas sem Fins Lu","PREFEITURA MUNICIPAL DE CRICIUMA","DESPESAS CORRENTES",6000000,1522365.9,7522365.9,4061150.0,4061133.82,4061150.0,4061133.82,0.0,4061150.0,16.18,4061133.82,0.0,0.0,67.69,53.99,67.69,53.99,67.69,185.23,"fontesRecursos_d337d618-7c84-41c0-9c1a-86c535dfa9c1.csv","informacaoPlanejamento_47079ad5-fd6e-4790-a789-764a435a8c91.csv","empenhos_5cd020ef-03f6-4c43-b6f4-0a3df4511e51.csv","suplementacoes_8b62ace4-aa25-4178-85b9-008455c6be69.csv"," "
"FUNDO MUNICIPAL DE SAUDE DE CRICIUMA",2024,"SAUDE PARA TODOS","Manut. do PACs","Realizar ações de promoção e prevenção à saúde na rede básica e Estratégia Saúde da Família, e ações curativas na rede secundaria e terciária do sistema municipal da saúde.","FUNDO MUNICIPAL DE SAÚDE","Fundo Mun. de Saúde",Saúde,"Atenção Básica",1051,"Manut. do PACs","Aplicacoes Diretas",15,31900000000000,"Aplicacoes Diretas","FUNDO MUNICIPAL DE SAUDE DE CRICIUMA","DESPESAS CORRENTES",12100000,300000,12400000,1.210512499E7,1.210512499E7,1.210512499E7,1.210512499E7,0.0,1.210146765E7,0,1.210146765E7,3657.34,3657.34,100.04,97.62,100.04,97.62,100.01,102.47,"fontesRecursos_85a9dcfd-bc19-44f8-9ad2-96ed61f796c7.csv","informacaoPlanejamento_7ba80a5b-1b79-4265-9b6e-b7fc7989b4fa.csv","empenhos_d5361121-ff10-4cc0-840d-70cf72a6a540.csv","suplementacoes_34952213-9ef7-41b7-8890-eec1dae31585.csv"," "
"FUNDO M.DOS DIR.DA CRIANCA E DO ADOLESC.- CRICIUMA",2024,"FUNDO MUNICIPAL DA INFÂNCIA E ADOLESCENCIA - FIA","Manut. do Fundo da Infancia - FIA, Doação do IR e Recursos Estaduais e Federais.","Garantir o atendimento prioritário a crianças e adolescentes em todas as esferas;- Manutenção e ampliação dos programas específicos para o atendimento e garantia de direitos, bem como, articulação com órgão do Judiciário, Ministério Público, Defensoria Pública, Conselho Tutelar e demais órgão municipais, estaduais, federais.","FUNDO M. DOS DIR. DA CRIANÇA E DO ADOLESC-CRICIÚMA","Fdo. dos Dir. da Criança e do Adolescente","Assistência Social","Assistência à Criança e ao Adolescente",1069,"Manut. do Fundo da Infancia - FIA, Doação do IR e Recursos Estaduais e Federais.","Aplicacoes Diretas",2,33900000000000,"Aplicacoes Diretas","FUNDO M.DOS DIR.DA CRIANCA E DO ADOLESC.- CRICIUMA","DESPESAS CORRENTES",660000,-139000,521000,126182.87,105313.01,105979.99,104713.01,600.0,102034.62,1266.98,100767.64,4545.37,3945.37,19.12,24.22,16.06,20.34,15.46,510.61,"fontesRecursos_62e594b7-980b-43ad-90ac-9a13950f0650.csv","informacaoPlanejamento_3990f1f4-a78b-44bd-98cf-d86b26a31159.csv","empenhos_e54783fe-fef8-480c-af07-8995bc0fa03a.csv","suplementacoes_7e63af9f-7ee3-4229-810d-88646ef3e9f7.csv"," "
"PREFEITURA MUNICIPAL DE CRICIUMA",2024,"GESTÃO DE QUALIDADE NO ENSINO","Unidades Escolares - Ensino Fundamental","Garantir espaço educativo adequado para a promoção da formação humana; fornecer materiais de consumo e didático, generos alimenticios, limpeza e outros paa as escolas e CEIMs; Acompanhar e das suporte administrativo e financeiro as Unidades Escolares; Manter e ampliar os espaços fisicos internos e externos das escolas e CEIMs.","SEC. MUN. DE EDUCAÇÃO","Unidades Escolares",Educação,"Ensino Fundamental",1032,"Unidades Escolares - Ensino Fundamental","Aplicacoes Diretas",133,44900000000000,"Aplicacoes Diretas","PREFEITURA MUNICIPAL DE CRICIUMA","DESPESAS DE CAPITAL",33800000,-7143490.73,2.665650927E7,2.272474123E7,2.210741618E7,1.599759086E7,1.599759086E7,6109825.32,1.599759086E7,0,1.599759086E7,6109825.32,0.0,67.23,85.25,47.33,60.01,47.33,166.63,"fontesRecursos_afce0894-ee23-4100-a16d-ff9bcf92ac6d.csv","informacaoPlanejamento_80cb4749-2ad7-4dc8-8c11-f6e2428acb9b.csv","empenhos_7267b82b-4f9a-4dfc-8ffb-19f2ff276863.csv","suplementacoes_4d482d83-95fe-487c-b53d-8a3b87e25edc.csv","Receitas de Impostos e de Transferência de Impostos - Educação"
"PREFEITURA MUNICIPAL DE CRICIUMA",2024,"GESTÃO DE QUALIDADE NO ENSINO","Manut. do Depto. Administrativo da Educação, formação continuada","Garantir espaço educativo adequado para a promoção da formação humana; fornecer materiais de consumo e didático, generos alimenticios, limpeza e outros paa as escolas e CEIMs; Acompanhar e das suporte administrativo e financeiro as Unidades Escolares; Manter e ampliar os espaços fisicos internos e externos das escolas e CEIMs.","SEC. MUN. DE EDUCAÇÃO","Administrativo da Educação",Educação,"Ensino Fundamental",1034,"Manut. do Depto. Administrativo da Educação, formação continuada","Aplicacoes Diretas",155,33900000000000,"Aplicacoes Diretas","PREFEITURA MUNICIPAL DE CRICIUMA","DESPESAS CORRENTES",8250000,3700000,11950000,1.243570547E7,1.073582049E7,1.037862477E7,1.035031936E7,385501.13,1.028345527E7,28305.41,1.025514986E7,480670.63,95169.5,150.74,104.06,125.8,86.85,124.65,116.21,"fontesRecursos_94fb6dc8-45b9-4905-8f58-c9c653af299f.csv","informacaoPlanejamento_929c8ee9-e8bb-4590-84c9-9099f2d8467f.csv","empenhos_8bc26103-f4b0-4b9f-8efb-1a1d0dfad541.csv","suplementacoes_50e273ce-4481-4f1f-89e6-0f6863d154f4.csv","Transferências do FUNDEB - 30%"
