nomeEntidade,ano,descricaoPrograma,descricao,objetivo,descricaoOrgao,descricaoUnidade,descricaoFuncao,descricaoSubfuncao,idAcao,descricaoAcao,natureza,idDespesa,numeroElemento,descricaoElemento,descricaoLocalizador,categoriaEconomica,valorOrcado,valorOrcadoAlterado,valorOrcadoAtualizado,valorEmpenhado,valorEmpenhadoAtualizado,valorLiquidado,valorLiquidadoAtualizado,valorALiquidar,valorPago,valorPagoAnulado,valorPagoAtualizado,valorAPagarEmpenhado,valorAPagarLiquidado,"percentualEmpenhadoSobreOrcadoInicial","percentualEmpenhadoSobreOrcadoAtualizado","percentualLiquidadoSobreOrcadoInicial","percentualLiquidadoSobreOrcadoAtualizado","percentualPagoSobreOrcadoInicial","percentualPagoSobreOrcadoAtualizado",fontesRecursos,informacaoPlanejamento,empenhos,suplementacoes,descricaoRecurso
"FUNDO MUNICIPAL DE INCENTIVO CULTURAL DE CRICIUMA",2026,"MAIS CULTURA CRICIÚMA","Fundo de Incentivo a Cultura","Incentivar, difundir, fomentar e promover a prática e o desenvolvimento de atividades culturais, artísticas e turísticas no município de Criciúma. Visa também a salvaguarda e a valorização do patrimônio histórico-cultural da cidade, por meio da gestão e dinamização de seus espaços de cultura, memória e museus.","FUNDO MUNICIPAL DE INCENTIVO CULTURAL DE CRICIÚMA","Fundo Municipal de Incentivo Cultural",Cultura,"Difusão Cultural",1091,"Fundo de Incentivo a Cultura","APLICAÇÕES DIRETAS",3,33900000000000,"APLICAÇÕES DIRETAS","FUNDO MUNICIPAL DE INCENTIVO CULTURAL DE CRICIUMA","DESPESAS CORRENTES",1900000,0,1900000,94074.87,71833.22,46158.04,46158.04,25675.18,41209.12,0,41209.12,30624.1,4948.92,4.95,4.95,2.43,2.43,2.17,4610.63,"fontesRecursos_555810e1-166b-47ce-bc6a-86e7d24fdc2f.csv","informacaoPlanejamento_5ae4cebb-02d1-464a-b276-1f0bf57e3479.csv","empenhos_a7448312-e28a-4d84-9d84-55509190e102.csv"," ","Recursos não Vinculados de Impostos"
"FUNDACAO CULTURAL DE CRICIUMA",2026,"MAIS CULTURA CRICIÚMA","Desenvolvimento Artistico e Cultural","Incentivar, difundir, fomentar e promover a prática e o desenvolvimento de atividades culturais, artísticas e turísticas no município de Criciúma. Visa também a salvaguarda e a valorização do patrimônio histórico-cultural da cidade, por meio da gestão e dinamização de seus espaços de cultura, memória e museus.","FUNDAÇÃO CULTURAL DE CRICIÚMA","Fundação Cultural de Criciúma",Cultura,"Patrimônio Histórico, Artístico e Arqueológico",1089,"Desenvolvimento Artistico e Cultural","APLICAÇÕES DIRETAS",6,33900000000000,"APLICAÇÕES DIRETAS","FUNDACAO CULTURAL DE CRICIUMA","DESPESAS CORRENTES",1000000,497000,1497000,46865.0,44365.0,44365.0,44365.0,0.0,44365.0,0,44365.0,0.0,0.0,4.69,3.13,4.44,2.96,4.44,3374.28,"fontesRecursos_c48da868-a8a7-4a8e-958f-f200876e305a.csv","informacaoPlanejamento_02b099b6-1e71-43bd-9a5e-007e0f6307d7.csv","empenhos_a180a4a1-78bd-4517-96f6-06416342e611.csv","suplementacoes_273da0e1-67ec-45cb-be75-2b6be6989261.csv","Outras Transferências de Convênios ou Instrumentos Congêneres da União"
"FUNDACAO CULTURAL DE CRICIUMA",2026,"MAIS CULTURA CRICIÚMA","Unidades Culturais","Incentivar, difundir, fomentar e promover a prática e o desenvolvimento de atividades culturais, artísticas e turísticas no município de Criciúma. Visa também a salvaguarda e a valorização do patrimônio histórico-cultural da cidade, por meio da gestão e dinamização de seus espaços de cultura, memória e museus.","FUNDAÇÃO CULTURAL DE CRICIÚMA","Fundação Cultural de Criciúma",Cultura,"Difusão Cultural",1090,"Unidades Culturais","APLICAÇÕES DIRETAS",8,33900000000000,"APLICAÇÕES DIRETAS","FUNDACAO CULTURAL DE CRICIUMA","DESPESAS CORRENTES",150000,0,150000,47003.6,42845.0,31713.7,31713.7,11131.3,26713.7,0,26713.7,16131.3,5000.0,31.34,31.34,21.14,21.14,17.81,561.51,"fontesRecursos_b7420bae-d6a5-40dd-a569-6263d2248a6e.csv","informacaoPlanejamento_68d2a9c9-a72c-4cef-9fc9-0dae8a16e085.csv","empenhos_ee41463b-adf2-44c6-881a-7a3a194bc2f2.csv"," ","Recursos não Vinculados de Impostos"
"FUNDACAO CULTURAL DE CRICIUMA",2026,"MAIS CULTURA CRICIÚMA","Manut. da Fundação Cultural","Incentivar, difundir, fomentar e promover a prática e o desenvolvimento de atividades culturais, artísticas e turísticas no município de Criciúma. Visa também a salvaguarda e a valorização do patrimônio histórico-cultural da cidade, por meio da gestão e dinamização de seus espaços de cultura, memória e museus.","FUNDAÇÃO CULTURAL DE CRICIÚMA","Fundação Cultural de Criciúma",Cultura,"Administração Geral",1088,"Manut. da Fundação Cultural","TRANSFERÊNCIAS A INSTITUIÇÕES PRIVADAS COM FINS LUCRATIVOS",2,33600000000000,"TRANSFERÊNCIAS A INSTITUIÇÕES PRIVADAS COM FINS LUCRATIVOS","FUNDACAO CULTURAL DE CRICIUMA","DESPESAS CORRENTES",100000,0,100000,0,0,0,0,0,0,0,0,0,0,0.0,0.0,0.0,0.0,0.0,0.0,"fontesRecursos_3b75bc97-803a-454a-8fec-d543876d5583.csv","informacaoPlanejamento_33683054-b9a3-4170-a0fb-f81704447049.csv"," "," "," "
"FUNDACAO CULTURAL DE CRICIUMA",2026,"MAIS CULTURA CRICIÚMA","Unidades Culturais","Incentivar, difundir, fomentar e promover a prática e o desenvolvimento de atividades culturais, artísticas e turísticas no município de Criciúma. Visa também a salvaguarda e a valorização do patrimônio histórico-cultural da cidade, por meio da gestão e dinamização de seus espaços de cultura, memória e museus.","FUNDAÇÃO CULTURAL DE CRICIÚMA","Fundação Cultural de Criciúma",Cultura,"Difusão Cultural",1090,"Unidades Culturais","APLICAÇÕES DIRETAS",9,44900000000000,"APLICAÇÕES DIRETAS","FUNDACAO CULTURAL DE CRICIUMA","DESPESAS DE CAPITAL",150000,0,150000,9870.0,9870.0,9870.0,9870.0,0.0,9870.0,0,9870.0,0.0,0.0,6.58,6.58,6.58,6.58,6.58,1519.76,"fontesRecursos_05bd9af1-d650-4850-8bfa-0928cde186cb.csv","informacaoPlanejamento_b1104a0f-091d-42c0-9e07-e604132c4090.csv","empenhos_64efca4f-1543-438e-977a-288154362731.csv"," "," "
"FUNDO MUNICIPAL DE ASSISTENCIA SOCIAL DE CRICIUMA",2026,"CRICIÚMA MAIS SOLIDARIEDADE","Manut. da Proteção Social Especial - SUAS","Promover a proteção social, garantindo a atenção integral a indivíduos e famílias em situação de vulnerabilidade ou risco social, por meio de ações de assistência básica e especial. Fortalecer os serviços, programas, projetos e benefícios socioassistenciais no âmbito do SUAS (Sistema Único de Assistência Social). Desenvolver políticas públicas de habitação social, viabilizando moradia digna à população de baixa renda, por meio da gestão do Fundo Municipal de Habitação e Interesse Social.","FUNDO MUN. DE ASSIST. SOCIAL","Gestão da Assistência Social","Assistência Social","Assistência Comunitária",1068,"Manut. da Proteção Social Especial - SUAS","TRANSFERÊNCIAS A INSTITUIÇÕES PRIVADAS SEM FINS LUCRATIVOS",14,44500000000000,"TRANSFERÊNCIAS A INSTITUIÇÕES PRIVADAS SEM FINS LUCRATIVOS","FUNDO MUNICIPAL DE ASSISTENCIA SOCIAL DE CRICIUMA","DESPESAS DE CAPITAL",200000,1810000,2010000,1890000.0,1884218.87,1900000.0,1794218.87,90000.0,1900000.0,105781.13,1794218.87,90000.0,0.0,945.0,94.03,950.0,94.53,950.0,105.79,"fontesRecursos_95e96c5b-ff1a-4e56-aefb-6232843e0b4a.csv","informacaoPlanejamento_1137c433-0840-41f3-98f3-e66cacb50b37.csv","empenhos_f7d4700e-2e48-4981-bcaf-249239e66ca7.csv","suplementacoes_1a2240eb-8415-4964-a97e-4828bd9607e7.csv","Transf. de Recursos do Fundo Nacional de Assistência Social - FNAS"
"FUNDO MUNICIPAL DE ASSISTENCIA SOCIAL DE CRICIUMA",2026,"CRICIÚMA MAIS SOLIDARIEDADE","Manut. da Proteção Social Especial - SUAS","Promover a proteção social, garantindo a atenção integral a indivíduos e famílias em situação de vulnerabilidade ou risco social, por meio de ações de assistência básica e especial. Fortalecer os serviços, programas, projetos e benefícios socioassistenciais no âmbito do SUAS (Sistema Único de Assistência Social). Desenvolver políticas públicas de habitação social, viabilizando moradia digna à população de baixa renda, por meio da gestão do Fundo Municipal de Habitação e Interesse Social.","FUNDO MUN. DE ASSIST. SOCIAL","Gestão da Assistência Social","Assistência Social","Assistência Comunitária",1068,"Manut. da Proteção Social Especial - SUAS","APLICAÇÃO DIRETA DECORRENTE DE OPERAÇÃO ENTRE ÓRGÃOS, FUNDOS E ENTIDADES INTEGRANTES DOS ORÇAMENTOS FISCAL E DA SEGURIDADE SOCIAL",11,31910000000000,"APLICAÇÃO DIRETA DECORRENTE DE OPERAÇÃO ENTRE ÓRGÃOS, FUNDOS E ENTIDADES INTEGRANTES DOS ORÇAMENTOS FISCAL E DA SEGURIDADE SOCIAL","FUNDO MUNICIPAL DE ASSISTENCIA SOCIAL DE CRICIUMA","DESPESAS CORRENTES",500000,160000,660000,1211267.94,650000.0,321626.12,321626.12,328373.88,321626.12,0,321626.12,328373.88,0.0,242.25,183.53,64.33,48.73,64.33,205.21,"fontesRecursos_1ae9b869-0faa-4616-a1e1-8b27d8b7fc7f.csv","informacaoPlanejamento_cd211672-5438-4441-aeca-b68c0308b50d.csv","empenhos_8e02fa8d-a9f4-4ca8-89a3-83b0025cc242.csv","suplementacoes_c632c528-b76d-4652-9316-2cefcdb2cc94.csv","Recursos não Vinculados de Impostos"
"FUNDO MUNICIPAL DE ASSISTENCIA SOCIAL DE CRICIUMA",2026,"CRICIÚMA MAIS SOLIDARIEDADE","Manut. da Proteção Social Básica - SUAS","Promover a proteção social, garantindo a atenção integral a indivíduos e famílias em situação de vulnerabilidade ou risco social, por meio de ações de assistência básica e especial. Fortalecer os serviços, programas, projetos e benefícios socioassistenciais no âmbito do SUAS (Sistema Único de Assistência Social). Desenvolver políticas públicas de habitação social, viabilizando moradia digna à população de baixa renda, por meio da gestão do Fundo Municipal de Habitação e Interesse Social.","FUNDO MUN. DE ASSIST. SOCIAL","Gestão da Assistência Social","Assistência Social","Assistência Comunitária",1067,"Manut. da Proteção Social Básica - SUAS","APLICAÇÃO DIRETA DECORRENTE DE OPERAÇÃO ENTRE ÓRGÃOS, FUNDOS E ENTIDADES INTEGRANTES DOS ORÇAMENTOS FISCAL E DA SEGURIDADE SOCIAL",5,31910000000000,"APLICAÇÃO DIRETA DECORRENTE DE OPERAÇÃO ENTRE ÓRGÃOS, FUNDOS E ENTIDADES INTEGRANTES DOS ORÇAMENTOS FISCAL E DA SEGURIDADE SOCIAL","FUNDO MUNICIPAL DE ASSISTENCIA SOCIAL DE CRICIUMA","DESPESAS CORRENTES",650000,200000,850000,850000.0,850000.0,384742.11,384742.11,465257.89,384742.11,0,384742.11,465257.89,0.0,130.77,100.0,59.19,45.26,59.19,220.93,"fontesRecursos_92df8716-a09f-4b34-a4a2-ba09d73c8547.csv","informacaoPlanejamento_615f974a-a1ee-4b68-b450-6377be1aa7a8.csv","empenhos_c82fa426-feb2-4052-b199-f0c7c8498bd4.csv","suplementacoes_68b774e4-d21d-4010-a11e-b8f1f8450335.csv","Recursos não Vinculados de Impostos"
"FUNDO MUNICIPAL DE ASSISTENCIA SOCIAL DE CRICIUMA",2026,"CRICIÚMA MAIS SOLIDARIEDADE","Manut. da Proteção Social Básica - SUAS","Promover a proteção social, garantindo a atenção integral a indivíduos e famílias em situação de vulnerabilidade ou risco social, por meio de ações de assistência básica e especial. Fortalecer os serviços, programas, projetos e benefícios socioassistenciais no âmbito do SUAS (Sistema Único de Assistência Social). Desenvolver políticas públicas de habitação social, viabilizando moradia digna à população de baixa renda, por meio da gestão do Fundo Municipal de Habitação e Interesse Social.","FUNDO MUN. DE ASSIST. SOCIAL","Gestão da Assistência Social","Assistência Social","Assistência Comunitária",1067,"Manut. da Proteção Social Básica - SUAS","TRANSFERÊNCIAS A INSTITUIÇÕES PRIVADAS SEM FINS LUCRATIVOS",8,44500000000000,"TRANSFERÊNCIAS A INSTITUIÇÕES PRIVADAS SEM FINS LUCRATIVOS","FUNDO MUNICIPAL DE ASSISTENCIA SOCIAL DE CRICIUMA","DESPESAS DE CAPITAL",500000,56066.55,556066.55,538601.22,523601.22,523601.22,523601.22,0.0,523601.22,0,523601.22,0.0,0.0,107.72,96.86,104.72,94.16,104.72,106.2,"fontesRecursos_61e17c9b-b259-4691-abbf-7fbadae4788b.csv","informacaoPlanejamento_db91cd4d-3ff5-4b7e-8de3-96d8d22fc154.csv","empenhos_9c7e2620-2fdd-4195-a87f-8263b165e775.csv","suplementacoes_a4d18c3f-2385-4993-b5e9-d8221177483e.csv","Transf. de Recursos do Fundo Nacional de Assistência Social - FNAS"
"FUNDO MUNICIPAL DE ASSISTENCIA SOCIAL DE CRICIUMA",2026,"CRICIÚMA MAIS SOLIDARIEDADE","Manut. da Proteção Social Básica - SUAS","Promover a proteção social, garantindo a atenção integral a indivíduos e famílias em situação de vulnerabilidade ou risco social, por meio de ações de assistência básica e especial. Fortalecer os serviços, programas, projetos e benefícios socioassistenciais no âmbito do SUAS (Sistema Único de Assistência Social). Desenvolver políticas públicas de habitação social, viabilizando moradia digna à população de baixa renda, por meio da gestão do Fundo Municipal de Habitação e Interesse Social.","FUNDO MUN. DE ASSIST. SOCIAL","Gestão da Assistência Social","Assistência Social","Assistência Comunitária",1067,"Manut. da Proteção Social Básica - SUAS","APLICAÇÕES DIRETAS",9,44900000000000,"APLICAÇÕES DIRETAS","FUNDO MUNICIPAL DE ASSISTENCIA SOCIAL DE CRICIUMA","DESPESAS DE CAPITAL",200000,-35150,164850,246662.62,160514.62,121649.16,121649.16,38865.46,32543.41,0,32543.41,127971.21,89105.75,123.33,149.63,60.82,73.79,16.27,506.55,"fontesRecursos_258970c7-6754-4d88-bcba-29683db012f3.csv","informacaoPlanejamento_f5842a63-e60e-4943-a731-fcd617bb8e33.csv","empenhos_cecc5c0c-d6d5-4930-aa20-3feef9e16558.csv","suplementacoes_d80166e7-f3d7-474a-b041-4e0261f4e01f.csv","Transf. de Recursos do Fundo Nacional de Assistência Social - FNAS"
"FUNDO MUNICIPAL DE ASSISTENCIA SOCIAL DE CRICIUMA",2026,"CRICIÚMA MAIS SOLIDARIEDADE","Manut. da Proteção Social Básica - SUAS","Promover a proteção social, garantindo a atenção integral a indivíduos e famílias em situação de vulnerabilidade ou risco social, por meio de ações de assistência básica e especial. Fortalecer os serviços, programas, projetos e benefícios socioassistenciais no âmbito do SUAS (Sistema Único de Assistência Social). Desenvolver políticas públicas de habitação social, viabilizando moradia digna à população de baixa renda, por meio da gestão do Fundo Municipal de Habitação e Interesse Social.","FUNDO MUN. DE ASSIST. SOCIAL","Gestão da Assistência Social","Assistência Social","Assistência Comunitária",1067,"Manut. da Proteção Social Básica - SUAS","APLICAÇÕES DIRETAS",4,31900000000000,"APLICAÇÕES DIRETAS","FUNDO MUNICIPAL DE ASSISTENCIA SOCIAL DE CRICIUMA","DESPESAS CORRENTES",4600000,-263458.6,4336541.4,3556973.22,3556973.22,3244982.05,3244982.05,311991.17,3244982.05,0,3244982.05,311991.17,0.0,77.33,82.02,70.54,74.83,70.54,133.64,"fontesRecursos_5f5706fc-b005-4fc7-b4e6-f2e27b3b66c4.csv","informacaoPlanejamento_7779feea-5af7-4770-9eed-0d482f736d53.csv","empenhos_b852b3c0-30fc-4113-aebb-ee60a256cb3e.csv","suplementacoes_662a7ada-6fd6-4255-a922-b9095a4eca74.csv","Recursos não Vinculados de Impostos"
"FUNDACAO CULTURAL DE CRICIUMA",2026,"MAIS CULTURA CRICIÚMA","Desenvolvimento Artistico e Cultural","Incentivar, difundir, fomentar e promover a prática e o desenvolvimento de atividades culturais, artísticas e turísticas no município de Criciúma. Visa também a salvaguarda e a valorização do patrimônio histórico-cultural da cidade, por meio da gestão e dinamização de seus espaços de cultura, memória e museus.","FUNDAÇÃO CULTURAL DE CRICIÚMA","Fundação Cultural de Criciúma",Cultura,"Patrimônio Histórico, Artístico e Arqueológico",1089,"Desenvolvimento Artistico e Cultural","APLICAÇÕES DIRETAS",7,44900000000000,"APLICAÇÕES DIRETAS","FUNDACAO CULTURAL DE CRICIUMA","DESPESAS DE CAPITAL",150000,-55350.29,94649.71,12900.0,12900.0,0,0,12900.0,0,0,0,12900.0,0,8.6,13.63,0.0,0.0,0.0,0.0,"fontesRecursos_63ddf76b-6c92-40eb-9c28-9b98fe00c725.csv","informacaoPlanejamento_8345c035-c86e-4e06-ad56-c170f52313cb.csv","empenhos_1268335f-30f0-47f9-ba52-fb955fa047be.csv","suplementacoes_e8a48e99-7e70-4d56-8782-cb6a9a7714e9.csv","Outras Transferências de Convênios ou Instrumentos Congêneres da União"
"FUNDO MUNICIPAL DE ASSISTENCIA SOCIAL DE CRICIUMA",2026,"CRICIÚMA MAIS SOLIDARIEDADE","Manut. da Gestão da Assistência Social","Promover a proteção social, garantindo a atenção integral a indivíduos e famílias em situação de vulnerabilidade ou risco social, por meio de ações de assistência básica e especial. Fortalecer os serviços, programas, projetos e benefícios socioassistenciais no âmbito do SUAS (Sistema Único de Assistência Social). Desenvolver políticas públicas de habitação social, viabilizando moradia digna à população de baixa renda, por meio da gestão do Fundo Municipal de Habitação e Interesse Social.","FUNDO MUN. DE ASSIST. SOCIAL","Gestão da Assistência Social","Assistência Social","Administração Geral",1066,"Manut. da Gestão da Assistência Social","APLICAÇÕES DIRETAS",2,33900000000000,"APLICAÇÕES DIRETAS","FUNDO MUNICIPAL DE ASSISTENCIA SOCIAL DE CRICIUMA","DESPESAS CORRENTES",80000,1000,81000,62000.0,61807.56,53259.72,53067.28,8740.28,53259.72,192.44,53067.28,8740.28,0.0,77.5,76.54,66.57,65.75,66.57,152.08,"fontesRecursos_d7993c4d-474e-4bad-8ea8-59e25d195020.csv","informacaoPlanejamento_b67b1e09-cd04-4662-bd92-b63efa4b1e12.csv","empenhos_ced44714-cf86-4442-a8da-097deec427f9.csv","suplementacoes_4f2dbe86-337f-4673-a97f-311ea565a2b9.csv","Recursos não Vinculados de Impostos"
"FUNDO MUN. HABITACAO INTERESSE SOCIAL CRICIUMA",2026,"CRICIÚMA MAIS MORADIA","Manut. da Gestão da Habitação","Garantir o acesso à moradia digna à população em situação de vulnerabilidade social; Garantir a titulação do bem imóvel das áreas públicas ocupadas às pessoas de baixa renda e a recuperação urbano-ambiental, motivando o desenvolvimento socioeconômico e o consequente resgate da cidadania.","FUNDO MUN. DE HABITAÇÃO DE INTER. SOCIAL","Fundo de Habitação de Interesse Social",Habitação,"Habitação Urbana",1071,"Manut. da Gestão da Habitação","APLICAÇÕES DIRETAS",8,33900000000000,"APLICAÇÕES DIRETAS","FUNDO MUN. HABITACAO INTERESSE SOCIAL CRICIUMA","DESPESAS CORRENTES",590000,0,590000,2000.0,2000.0,1046.07,1046.07,953.93,1046.07,0,1046.07,953.93,0.0,0.34,0.34,0.18,0.18,0.18,56401.58,"fontesRecursos_44b19ebf-49ed-46b6-b157-e8bec9e92517.csv","informacaoPlanejamento_e4316cce-8862-4403-85e9-cf3388c3b346.csv","empenhos_1fc4bedb-d9e1-46f6-af92-ca74c79308a1.csv"," ","Outras Transferências de Convênios ou Instrumentos Congêneres dos Estados"
"FUNDO MUNICIPAL DE ASSISTENCIA SOCIAL DE CRICIUMA",2026,"CRICIÚMA MAIS SOLIDARIEDADE","Manutenção da Proteção Social Especial/SUAS - Assistência ao Idoso","Promover a proteção social, garantindo a atenção integral a indivíduos e famílias em situação de vulnerabilidade ou risco social, por meio de ações de assistência básica e especial. Fortalecer os serviços, programas, projetos e benefícios socioassistenciais no âmbito do SUAS (Sistema Único de Assistência Social). Desenvolver políticas públicas de habitação social, viabilizando moradia digna à população de baixa renda, por meio da gestão do Fundo Municipal de Habitação e Interesse Social.","FUNDO MUN. DE ASSIST. SOCIAL","Gestão da Assistência Social","Assistência Social","Assistência ao Idoso",1213,"Manutenção da Proteção Social Especial/SUAS - Assistência ao Idoso","TRANSFERÊNCIAS A INSTITUIÇÕES PRIVADAS SEM FINS LUCRATIVOS",19,44500000000000,"TRANSFERÊNCIAS A INSTITUIÇÕES PRIVADAS SEM FINS LUCRATIVOS","FUNDO MUNICIPAL DE ASSISTENCIA SOCIAL DE CRICIUMA","DESPESAS DE CAPITAL",60000,257551.31,317551.31,257551.31,257551.31,257551.31,257551.31,0.0,0,0,0,257551.31,257551.31,429.25,81.11,429.25,81.11,0.0,0.0,"fontesRecursos_2ac9cce5-6d4c-434a-89aa-59f2d5efd313.csv","informacaoPlanejamento_f019b819-f573-431c-bd17-61b0db82518e.csv","empenhos_223f67ce-c246-4716-bcd8-326d5bd40cad.csv"," ","Transferência de Recursos dos Fundos Estaduais de Assistência Social"
"FUNDO MUNICIPAL DE ASSISTENCIA SOCIAL DE CRICIUMA",2026,"CRICIÚMA MAIS SOLIDARIEDADE","Manut. da Proteção Social Básica - SUAS","Promover a proteção social, garantindo a atenção integral a indivíduos e famílias em situação de vulnerabilidade ou risco social, por meio de ações de assistência básica e especial. Fortalecer os serviços, programas, projetos e benefícios socioassistenciais no âmbito do SUAS (Sistema Único de Assistência Social). Desenvolver políticas públicas de habitação social, viabilizando moradia digna à população de baixa renda, por meio da gestão do Fundo Municipal de Habitação e Interesse Social.","FUNDO MUN. DE ASSIST. SOCIAL","Gestão da Assistência Social","Assistência Social","Assistência Comunitária",1067,"Manut. da Proteção Social Básica - SUAS","TRANSFERÊNCIAS A INSTITUIÇÕES PRIVADAS SEM FINS LUCRATIVOS",6,33500000000000,"TRANSFERÊNCIAS A INSTITUIÇÕES PRIVADAS SEM FINS LUCRATIVOS","FUNDO MUNICIPAL DE ASSISTENCIA SOCIAL DE CRICIUMA","DESPESAS CORRENTES",11500000,-778426.05,1.072157395E7,1.140930529E7,1.071593469E7,7695886.24,7655886.24,3060048.45,6940964.5,40000.0,6900964.5,3814970.19,754921.74,99.21,106.41,66.92,71.78,60.36,154.47,"fontesRecursos_c0d9e2d0-d1cd-4c39-b9a1-9291eeed8506.csv","informacaoPlanejamento_25a76f82-0c75-4078-814f-4f8446188db2.csv","empenhos_a7ca441b-56c7-48a1-a23b-b4b9aba7fd51.csv","suplementacoes_f695071f-6ae7-4b67-a396-b44816f65ce5.csv","Recursos não Vinculados de Impostos"
"FUNDACAO CULTURAL DE CRICIUMA",2026,"MAIS CULTURA CRICIÚMA","Desenvolvimento Artistico e Cultural","Incentivar, difundir, fomentar e promover a prática e o desenvolvimento de atividades culturais, artísticas e turísticas no município de Criciúma. Visa também a salvaguarda e a valorização do patrimônio histórico-cultural da cidade, por meio da gestão e dinamização de seus espaços de cultura, memória e museus.","FUNDAÇÃO CULTURAL DE CRICIÚMA","Fundação Cultural de Criciúma",Cultura,"Patrimônio Histórico, Artístico e Arqueológico",1089,"Desenvolvimento Artistico e Cultural","TRANSFERÊNCIAS A INSTITUIÇÕES PRIVADAS SEM FINS LUCRATIVOS",5,33500000000000,"TRANSFERÊNCIAS A INSTITUIÇÕES PRIVADAS SEM FINS LUCRATIVOS","FUNDACAO CULTURAL DE CRICIUMA","DESPESAS CORRENTES",800000,-148000,652000,652000.0,652000.0,450200.0,450200.0,201800.0,397600.0,0,397600.0,254400.0,52600.0,81.5,100.0,56.28,69.05,49.7,163.98,"fontesRecursos_af447b27-e14f-4a77-8312-e0bd77a23513.csv","informacaoPlanejamento_ce02d191-f8fc-422b-9035-5119ce698185.csv","empenhos_c69c17e5-3dbe-4a59-a53b-7ceb4449eba0.csv","suplementacoes_9b0b41b2-8014-4ab7-8edf-0a9930a8bb14.csv","Recursos não Vinculados de Impostos"
"FUNDO MUNICIPAL DE ASSISTENCIA SOCIAL DE CRICIUMA",2026,"CRICIÚMA MAIS SOLIDARIEDADE","Manut. da Proteção Social Especial - SUAS","Promover a proteção social, garantindo a atenção integral a indivíduos e famílias em situação de vulnerabilidade ou risco social, por meio de ações de assistência básica e especial. Fortalecer os serviços, programas, projetos e benefícios socioassistenciais no âmbito do SUAS (Sistema Único de Assistência Social). Desenvolver políticas públicas de habitação social, viabilizando moradia digna à população de baixa renda, por meio da gestão do Fundo Municipal de Habitação e Interesse Social.","FUNDO MUN. DE ASSIST. SOCIAL","Gestão da Assistência Social","Assistência Social","Assistência Comunitária",1068,"Manut. da Proteção Social Especial - SUAS","TRANSFERÊNCIAS A INSTITUIÇÕES PRIVADAS SEM FINS LUCRATIVOS",12,33500000000000,"TRANSFERÊNCIAS A INSTITUIÇÕES PRIVADAS SEM FINS LUCRATIVOS","FUNDO MUNICIPAL DE ASSISTENCIA SOCIAL DE CRICIUMA","DESPESAS CORRENTES",5420000,1696404.48,7116404.48,6364850.03,6208855.49,4179199.05,4176247.46,2032608.03,3622823.73,2951.59,3619872.14,2588983.35,556375.32,117.43,89.44,77.11,58.73,66.84,196.43,"fontesRecursos_e215d4dd-2b89-4bac-b9a4-d4904f0847cc.csv","informacaoPlanejamento_71711471-df67-48e0-961f-76563bb261cb.csv","empenhos_6fe69290-f87a-43e0-b262-a9ee6e806e45.csv","suplementacoes_7246af9a-d407-44b8-a13c-8671fde0970a.csv","Recursos não Vinculados de Impostos"
"FUNDACAO CULTURAL DE CRICIUMA",2026,"MAIS CULTURA CRICIÚMA","Manut. da Fundação Cultural","Incentivar, difundir, fomentar e promover a prática e o desenvolvimento de atividades culturais, artísticas e turísticas no município de Criciúma. Visa também a salvaguarda e a valorização do patrimônio histórico-cultural da cidade, por meio da gestão e dinamização de seus espaços de cultura, memória e museus.","FUNDAÇÃO CULTURAL DE CRICIÚMA","Fundação Cultural de Criciúma",Cultura,"Administração Geral",1088,"Manut. da Fundação Cultural","TRANSFERÊNCIAS A INSTITUIÇÕES PRIVADAS SEM FINS LUCRATIVOS",1,33500000000000,"TRANSFERÊNCIAS A INSTITUIÇÕES PRIVADAS SEM FINS LUCRATIVOS","FUNDACAO CULTURAL DE CRICIUMA","DESPESAS CORRENTES",500000,0,500000,401416.36,401416.36,350944.24,350944.24,50472.12,325708.18,0,325708.18,75708.18,25236.06,80.28,80.28,70.19,70.19,65.14,153.51,"fontesRecursos_163ac4bf-c82a-4c8e-8469-39b55b4f232d.csv","informacaoPlanejamento_977c5b21-1929-48aa-b154-b8950b2512d1.csv","empenhos_817a58a6-c46e-4f95-9538-2c4d082931e1.csv"," ","Recursos não Vinculados de Impostos"
"FUNDACAO CULTURAL DE CRICIUMA",2026,"MAIS CULTURA CRICIÚMA","Manut. da Fundação Cultural","Incentivar, difundir, fomentar e promover a prática e o desenvolvimento de atividades culturais, artísticas e turísticas no município de Criciúma. Visa também a salvaguarda e a valorização do patrimônio histórico-cultural da cidade, por meio da gestão e dinamização de seus espaços de cultura, memória e museus.","FUNDAÇÃO CULTURAL DE CRICIÚMA","Fundação Cultural de Criciúma",Cultura,"Administração Geral",1088,"Manut. da Fundação Cultural","APLICAÇÕES DIRETAS",4,44900000000000,"APLICAÇÕES DIRETAS","FUNDACAO CULTURAL DE CRICIUMA","DESPESAS DE CAPITAL",500000,-165000,335000,59295.75,59295.75,59295.75,59295.75,0.0,59295.75,0,59295.75,0.0,0.0,11.86,17.7,11.86,17.7,11.86,564.96,"fontesRecursos_76d57f45-e606-4407-ae58-92a666a53a4c.csv","informacaoPlanejamento_f4b82764-e827-4d2d-801c-dccd7a6a41af.csv","empenhos_bb145a74-177f-4932-81c7-fb772072b2c5.csv","suplementacoes_68f13219-9790-416c-aa74-0af402d9fdb4.csv","Recursos não Vinculados de Impostos"
"FUNDACAO MUNICIPAL DE ESPORTES DE CRICIUMA",2026,"CRICIÚMA MAIS ESPORTE E INCLUSÃO","Manut. da Fundação de Esportes","O programa de formação de equipes de rendimento, busca promover o fortalecimento do esporte regional a internacional, estimularem a competência desportiva e administrativa, além de corresponder as expectativas dos atletas, de vivenciar competições de alto nível e assim explorarem todas as suas potencialidades, elevando o nível técnico e ampliando a base para composição de selecionados representativos em competições oficiais nas diversas modalidades, além, de desenvolver o esporte social junto as comunidades.","FUNDAÇÃO MUN. DE ESPORTES","Fundação de Esportes","Desporto e Lazer","Desporto Comunitário",1093,"Manut. da Fundação de Esportes","TRANSFERÊNCIAS A INSTITUIÇÕES PRIVADAS SEM FINS LUCRATIVOS",1,33500000000000,"TRANSFERÊNCIAS A INSTITUIÇÕES PRIVADAS SEM FINS LUCRATIVOS","FUNDACAO MUNICIPAL DE ESPORTES DE CRICIUMA","DESPESAS CORRENTES",700000,2844964,3544964,3534964.0,3534964.0,2703701.0,2703701.0,831263.0,2703701.0,0,2703701.0,831263.0,0.0,504.99,99.72,386.24,76.27,386.24,131.12,"fontesRecursos_772f32c3-e96b-4989-ba64-144f01894592.csv","informacaoPlanejamento_9e76818b-4575-438f-9e6f-b712a3e5a6fb.csv","empenhos_bb396fb5-8ab9-49d3-b985-2462b3d9e064.csv","suplementacoes_5475f0d8-92eb-4e57-a63c-f76278d5a8c6.csv","Recursos não Vinculados de Impostos"
"FUNDACAO MUNICIPAL DE ESPORTES DE CRICIUMA",2026,"CRICIÚMA MAIS ESPORTE E INCLUSÃO","Apoio ao Esporte de Alto Rendimento","O programa de formação de equipes de rendimento, busca promover o fortalecimento do esporte regional a internacional, estimularem a competência desportiva e administrativa, além de corresponder as expectativas dos atletas, de vivenciar competições de alto nível e assim explorarem todas as suas potencialidades, elevando o nível técnico e ampliando a base para composição de selecionados representativos em competições oficiais nas diversas modalidades, além, de desenvolver o esporte social junto as comunidades.","FUNDAÇÃO MUN. DE ESPORTES","Fundação de Esportes","Desporto e Lazer","Desporto de Rendimento",1216,"Apoio ao Esporte de Alto Rendimento","APLICAÇÕES DIRETAS",9,33900000000000,"APLICAÇÕES DIRETAS","FUNDACAO MUNICIPAL DE ESPORTES DE CRICIUMA","DESPESAS CORRENTES",800000,0,800000,800000.0,800000.0,800000.0,800000.0,0.0,800000.0,0,800000.0,0.0,0.0,100.0,100.0,100.0,100.0,100.0,100.0,"fontesRecursos_951d9e1c-a592-4de6-a22f-7e6b60c25062.csv","informacaoPlanejamento_081a4efc-e3c9-46f2-a006-d96fbc231b81.csv","empenhos_9e7bc519-e15b-4040-b883-c637015519dd.csv"," ","Recursos não Vinculados de Impostos"
"FUNDO MUNICIPAL DE ASSISTENCIA SOCIAL DE CRICIUMA",2026,"CRICIÚMA MAIS SOLIDARIEDADE","Manut. da Proteção Social Especial - SUAS","Promover a proteção social, garantindo a atenção integral a indivíduos e famílias em situação de vulnerabilidade ou risco social, por meio de ações de assistência básica e especial. Fortalecer os serviços, programas, projetos e benefícios socioassistenciais no âmbito do SUAS (Sistema Único de Assistência Social). Desenvolver políticas públicas de habitação social, viabilizando moradia digna à população de baixa renda, por meio da gestão do Fundo Municipal de Habitação e Interesse Social.","FUNDO MUN. DE ASSIST. SOCIAL","Gestão da Assistência Social","Assistência Social","Assistência Comunitária",1068,"Manut. da Proteção Social Especial - SUAS","APLICAÇÕES DIRETAS",13,33900000000000,"APLICAÇÕES DIRETAS","FUNDO MUNICIPAL DE ASSISTENCIA SOCIAL DE CRICIUMA","DESPESAS CORRENTES",5620000,1825509.06,7445509.06,7159700.91,5699260.96,3661925.01,3625095.01,2074165.95,3300507.75,7000.0,3293507.75,2405753.21,331587.26,127.4,96.16,65.16,49.18,58.73,225.59,"fontesRecursos_b291e939-eab3-4b02-9cd9-f335220d85d9.csv","informacaoPlanejamento_01580e4f-b75a-449d-ac5f-ca00dffb7d2e.csv","empenhos_e0830a4e-3c6e-4a28-b27a-cd0d8d5020a3.csv","suplementacoes_259b970b-bed7-4b3c-bf00-d4f449f9e8b2.csv","Recursos não Vinculados de Impostos"
"FUNDACAO CULTURAL DE CRICIUMA",2026,"MAIS CULTURA CRICIÚMA","Manut. da Fundação Cultural","Incentivar, difundir, fomentar e promover a prática e o desenvolvimento de atividades culturais, artísticas e turísticas no município de Criciúma. Visa também a salvaguarda e a valorização do patrimônio histórico-cultural da cidade, por meio da gestão e dinamização de seus espaços de cultura, memória e museus.","FUNDAÇÃO CULTURAL DE CRICIÚMA","Fundação Cultural de Criciúma",Cultura,"Administração Geral",1088,"Manut. da Fundação Cultural","APLICAÇÕES DIRETAS",3,33900000000000,"APLICAÇÕES DIRETAS","FUNDACAO CULTURAL DE CRICIUMA","DESPESAS CORRENTES",3300000,165000,3465000,2300476.87,2239119.33,523880.77,523640.77,1715478.56,480133.8,240.0,479893.8,1759225.53,43746.97,69.71,66.39,15.88,15.12,14.55,721.67,"fontesRecursos_cebb733b-a8ec-452c-84a8-d769d2704489.csv","informacaoPlanejamento_8f676d2f-c629-4080-a573-83cdce8d278c.csv","empenhos_04cccb50-3f50-4513-94e5-66fe5c553456.csv","suplementacoes_26e0dd61-6763-4f2a-8412-3b97870c8500.csv","Recursos não Vinculados de Impostos"
"FUNDO MUN. HABITACAO INTERESSE SOCIAL CRICIUMA",2026,"CRICIÚMA MAIS MORADIA","Manut. de Projetos Habitacionais e de Interesse Social","Garantir o acesso à moradia digna à população em situação de vulnerabilidade social; Garantir a titulação do bem imóvel das áreas públicas ocupadas às pessoas de baixa renda e a recuperação urbano-ambiental, motivando o desenvolvimento socioeconômico e o consequente resgate da cidadania.","FUNDO MUN. DE HABITAÇÃO DE INTER. SOCIAL","Fundo de Habitação de Interesse Social",Habitação,"Habitação Urbana",1070,"Manut. de Projetos Habitacionais e de Interesse Social","APLICAÇÕES DIRETAS",3,33900000000000,"APLICAÇÕES DIRETAS","FUNDO MUN. HABITACAO INTERESSE SOCIAL CRICIUMA","DESPESAS CORRENTES",200000,134000,334000,318352.88,291388.39,164538.39,164538.39,126850.0,148539.47,0,148539.47,142848.92,15998.92,159.18,95.32,82.27,49.26,74.27,224.86,"fontesRecursos_4f53db05-b42f-406f-a3ac-c933da85dc80.csv","informacaoPlanejamento_1faca251-6f8e-4203-92fd-9aee9a128de8.csv","empenhos_3c5369e0-53a7-4acc-b9bb-89039cab494b.csv","suplementacoes_ad5b9cfc-54aa-4fe8-998e-a89c32283fc8.csv","Outras Transferências de Convênios ou Instrumentos Congêneres dos Estados"
"FUNDO MUNICIPAL DE ASSISTENCIA SOCIAL DE CRICIUMA",2026,"CRICIÚMA MAIS SOLIDARIEDADE","Manut. da Proteção Social Básica - SUAS","Promover a proteção social, garantindo a atenção integral a indivíduos e famílias em situação de vulnerabilidade ou risco social, por meio de ações de assistência básica e especial. Fortalecer os serviços, programas, projetos e benefícios socioassistenciais no âmbito do SUAS (Sistema Único de Assistência Social). Desenvolver políticas públicas de habitação social, viabilizando moradia digna à população de baixa renda, por meio da gestão do Fundo Municipal de Habitação e Interesse Social.","FUNDO MUN. DE ASSIST. SOCIAL","Gestão da Assistência Social","Assistência Social","Assistência Comunitária",1067,"Manut. da Proteção Social Básica - SUAS","APLICAÇÕES DIRETAS",7,33900000000000,"APLICAÇÕES DIRETAS","FUNDO MUNICIPAL DE ASSISTENCIA SOCIAL DE CRICIUMA","DESPESAS CORRENTES",6600000,-51185.0,6548815.0,7138062.65,5988283.35,2890911.89,2890178.2,3098105.15,2642558.18,733.69,2641824.49,3346458.86,248353.71,108.15,109.0,43.8,44.14,40.04,247.82,"fontesRecursos_c5c0596b-338b-4803-8869-1c690edb2421.csv","informacaoPlanejamento_85efbd8a-0a49-424e-b88e-01486e8bc7dc.csv","empenhos_c3c0d354-4f08-476b-99f2-778372d86da7.csv","suplementacoes_42b1f34a-f2b5-4856-9b69-e8582602826c.csv","Transferência de Recursos dos Fundos Estaduais de Assistência Social"
"FUNDO MUNICIPAL DE ASSISTENCIA SOCIAL DE CRICIUMA",2026,"CRICIÚMA MAIS SOLIDARIEDADE","Manut. da Proteção Social Especial - SUAS","Promover a proteção social, garantindo a atenção integral a indivíduos e famílias em situação de vulnerabilidade ou risco social, por meio de ações de assistência básica e especial. Fortalecer os serviços, programas, projetos e benefícios socioassistenciais no âmbito do SUAS (Sistema Único de Assistência Social). Desenvolver políticas públicas de habitação social, viabilizando moradia digna à população de baixa renda, por meio da gestão do Fundo Municipal de Habitação e Interesse Social.","FUNDO MUN. DE ASSIST. SOCIAL","Gestão da Assistência Social","Assistência Social","Assistência Comunitária",1068,"Manut. da Proteção Social Especial - SUAS","APLICAÇÕES DIRETAS",10,31900000000000,"APLICAÇÕES DIRETAS","FUNDO MUNICIPAL DE ASSISTENCIA SOCIAL DE CRICIUMA","DESPESAS CORRENTES",3800000,-33000,3767000,2363825.69,2363825.69,2236895.17,2236895.17,126930.52,2236895.17,0,2236895.17,126930.52,0.0,62.21,62.75,58.87,59.38,58.87,168.4,"fontesRecursos_b088cc98-fc6e-4afc-bb36-511dccad6251.csv","informacaoPlanejamento_490b8658-34be-49f6-9f38-4b8f30e5c330.csv","empenhos_bfa80712-c737-47ea-8d52-1d9105827fa7.csv","suplementacoes_14551f46-2859-4c89-97f5-845d6185e050.csv","Recursos não Vinculados de Impostos"
"FUNDACAO MUNICIPAL DE ESPORTES DE CRICIUMA",2026,"CRICIÚMA MAIS ESPORTE E INCLUSÃO","Manut. da Fundação de Esportes","O programa de formação de equipes de rendimento, busca promover o fortalecimento do esporte regional a internacional, estimularem a competência desportiva e administrativa, além de corresponder as expectativas dos atletas, de vivenciar competições de alto nível e assim explorarem todas as suas potencialidades, elevando o nível técnico e ampliando a base para composição de selecionados representativos em competições oficiais nas diversas modalidades, além, de desenvolver o esporte social junto as comunidades.","FUNDAÇÃO MUN. DE ESPORTES","Fundação de Esportes","Desporto e Lazer","Desporto Comunitário",1093,"Manut. da Fundação de Esportes","APLICAÇÕES DIRETAS",3,33900000000000,"APLICAÇÕES DIRETAS","FUNDACAO MUNICIPAL DE ESPORTES DE CRICIUMA","DESPESAS CORRENTES",8000000,-1986372.5,6013627.5,5893632.36,5858186.61,2657877.92,2657877.92,3200308.69,2479377.13,0,2479377.13,3378809.48,178500.79,73.67,98.0,33.22,44.2,30.99,242.55,"fontesRecursos_51545a3b-c2ac-4c1a-9095-83fcaf53b801.csv","informacaoPlanejamento_678b1958-4018-4288-9c35-5906ac65f650.csv","empenhos_af954313-6132-40ba-9690-809871b3aa16.csv","suplementacoes_9efd6b88-bf94-4ece-a6f2-a1d7040a652b.csv","Recursos não Vinculados de Impostos"
"FUNDACAO MUNICIPAL DE ESPORTES DE CRICIUMA",2026,"CRICIÚMA MAIS ESPORTE E INCLUSÃO","Eventos Esportivos","O programa de formação de equipes de rendimento, busca promover o fortalecimento do esporte regional a internacional, estimularem a competência desportiva e administrativa, além de corresponder as expectativas dos atletas, de vivenciar competições de alto nível e assim explorarem todas as suas potencialidades, elevando o nível técnico e ampliando a base para composição de selecionados representativos em competições oficiais nas diversas modalidades, além, de desenvolver o esporte social junto as comunidades.","FUNDAÇÃO MUN. DE ESPORTES","Fundação de Esportes","Desporto e Lazer",Lazer,1234,"Eventos Esportivos","APLICAÇÕES DIRETAS",10,33900000000000,"APLICAÇÕES DIRETAS","FUNDACAO MUNICIPAL DE ESPORTES DE CRICIUMA","DESPESAS CORRENTES",4000000,0,4000000,4069219.23,3870233.68,4014611.28,3856169.53,14064.15,3748466.14,149419.97,3599046.17,271187.51,257123.36,101.73,101.73,100.37,100.37,93.71,106.71,"fontesRecursos_a2e94a24-3c08-4606-bb1e-40eba12b85c3.csv","informacaoPlanejamento_c7c1100a-98bf-442c-8d63-741fc70b7e4e.csv","empenhos_a28de333-eb8a-4088-9727-a313edb1e3fe.csv"," ","Recursos não Vinculados de Impostos"
"PREFEITURA MUNICIPAL DE CRICIUMA",2026,"MAIS GESTÃO CRICIÚMA","Manut. da Diretoria de Transito e Transporte","Planejar e modernizar a administração municipal com dados gerenciais, reduzindo custos.","GABINETE DO PREFEITO","Diretoria de Transito e Transporte",Transporte,"Transporte Rodoviário",1013,"Manut. da Diretoria de Transito e Transporte","TRANSFERÊNCIAS À UNIÃO",28,33200000000000,"TRANSFERÊNCIAS À UNIÃO","PREFEITURA MUNICIPAL DE CRICIUMA","DESPESAS CORRENTES",20000,0,20000,0,0,0,0,0,0,0,0,0,0,0.0,0.0,0.0,0.0,0.0,0.0,"fontesRecursos_88717cd0-5305-49d5-a9af-a0f6c516d0cd.csv","informacaoPlanejamento_7f5e624e-455e-488a-81ed-4b8456c0ee4c.csv"," "," "," "
"PREFEITURA MUNICIPAL DE CRICIUMA",2026,"MAIS GESTÃO CRICIÚMA","Manut. da Secretaria Geral","Planejar e modernizar a administração municipal com dados gerenciais, reduzindo custos.","GABINETE DO PREFEITO",Secretaria-Geral,Administração,"Administração Geral",1003,"Manut. da Secretaria Geral","APLICAÇÕES DIRETAS",8,31900000000000,"APLICAÇÕES DIRETAS","PREFEITURA MUNICIPAL DE CRICIUMA","DESPESAS CORRENTES",150000,0,150000,0,0,0,0,0,0,0,0,0,0,0.0,0.0,0.0,0.0,0.0,0.0,"fontesRecursos_e741557d-07fe-498f-a7b8-8c5114a3ac71.csv","informacaoPlanejamento_16f2a1e6-da75-4edf-83da-b0c0a4b5f7bb.csv"," "," "," "
"PREFEITURA MUNICIPAL DE CRICIUMA",2026,"CRICIÚMA MAIS DESENVOLVIMENTO","Fundo 169","Elaborar projetos arquitetônicos, urbanísticos e geométricos (rodoviários) de espaços públicos; Revisar e regulamentar constantemente a legislação urbanística do Plano Diretor; Executar obras de edificações e espaços públicos de interesse da coletividade. Garantir o desenvolvimento econômico do município por meio de execução de obras significativas ao crescimento urbano.Tornar à cidade mais humanizada, bonita e agradável de se viver, sempre em conformidade com o Plano Diretor do Município.","SECRETARIA DE INFRAESTRUTURA E OBRAS","Manut. Fdo. de Desenvolvimento Municipal/FUNDEM",Administração,"Administração Geral",1231,"Fundo 169","APLICAÇÕES DIRETAS",195,33900000000000,"APLICAÇÕES DIRETAS","PREFEITURA MUNICIPAL DE CRICIUMA","DESPESAS CORRENTES",1500000,0,1500000,0,0,0,0,0,0,0,0,0,0,0.0,0.0,0.0,0.0,0.0,0.0,"fontesRecursos_961243c6-cc16-4989-abf2-e5fab24f16ae.csv","informacaoPlanejamento_251a79fb-508d-40eb-8b08-20f5bfa20c16.csv"," "," "," "
"PREFEITURA MUNICIPAL DE CRICIUMA",2026,"PROTEÇÃO INTEGRADA","Manut. da Junta de Serviço Militar","Integrar a atuação municipal às forças estaduais de segurança - Polícia Militar, Polícia Civil e Corpo de Bombeiros - por meio da manutenção e ampliação de convênios, intensificando o policiamento ostensivo, mantendo a segurança, qualificando a investigação, reduzindo índices de criminalidade e o tempo médio de resposta a incêndios e outras emergências. Em paralelo, coordenar em com a União os serviços relacionados ao alistamento militar obrigatório; universalizando o  alistamento, sanando pendências, modernizando processos e difundindo o civismo entre a juventude.","GABINETE DO PREFEITO","Junta de Serviço Militar","Defesa Nacional","Defesa Terrestre",1005,"Manut. da Junta de Serviço Militar","APLICAÇÕES DIRETAS",11,31900000000000,"APLICAÇÕES DIRETAS","PREFEITURA MUNICIPAL DE CRICIUMA","DESPESAS CORRENTES",100000,0,100000,0,0,0,0,0,0,0,0,0,0,0.0,0.0,0.0,0.0,0.0,0.0,"fontesRecursos_7e844b0b-451f-4e00-b8b2-ba7f320123dc.csv","informacaoPlanejamento_f2de8b00-d355-4657-a432-b07cf9caba80.csv"," "," "," "
"PREFEITURA MUNICIPAL DE CRICIUMA",2026,"MAIS GESTÃO CRICIÚMA","Manutenção do Fundo Municipal de Inovação","Planejar e modernizar a administração municipal com dados gerenciais, reduzindo custos.","SEC. DES. ECONÔMICO, INDÚSTRIA, COMÉRCIO E SERVIÇO","Diretoria de Empreendedorismo","Ciência e Tecnologia","Difusão do Conhecimento Científico e Tecnológico",1208,"Manutenção do Fundo Municipal de Inovação","TRANSFERÊNCIAS A INSTITUIÇÕES PRIVADAS SEM FINS LUCRATIVOS",241,33500000000000,"TRANSFERÊNCIAS A INSTITUIÇÕES PRIVADAS SEM FINS LUCRATIVOS","PREFEITURA MUNICIPAL DE CRICIUMA","DESPESAS CORRENTES",100000,0,100000,0,0,0,0,0,0,0,0,0,0,0.0,0.0,0.0,0.0,0.0,0.0,"fontesRecursos_28f3466e-b949-4dd6-9dbf-742344cf2a7d.csv","informacaoPlanejamento_bed4f854-5dee-4739-aac8-8a3bd7a632b5.csv"," "," "," "
"PREFEITURA MUNICIPAL DE CRICIUMA",2026,"CRICIÚMA MAIS DESENVOLVIMENTO","Manut. de Diretoria de Operações de Obras","Elaborar projetos arquitetônicos, urbanísticos e geométricos (rodoviários) de espaços públicos; Revisar e regulamentar constantemente a legislação urbanística do Plano Diretor; Executar obras de edificações e espaços públicos de interesse da coletividade. Garantir o desenvolvimento econômico do município por meio de execução de obras significativas ao crescimento urbano.Tornar à cidade mais humanizada, bonita e agradável de se viver, sempre em conformidade com o Plano Diretor do Município.","SECRETARIA DE INFRAESTRUTURA E OBRAS","Diretoria de Operações de Obras",Urbanismo,"Serviços Urbanos",1073,"Manut. de Diretoria de Operações de Obras","TRANSFERÊNCIAS A INSTITUIÇÕES PRIVADAS SEM FINS LUCRATIVOS",166,44500000000000,"TRANSFERÊNCIAS A INSTITUIÇÕES PRIVADAS SEM FINS LUCRATIVOS","PREFEITURA MUNICIPAL DE CRICIUMA","DESPESAS DE CAPITAL",50000,0,50000,0,0,0,0,0,0,0,0,0,0,0.0,0.0,0.0,0.0,0.0,0.0,"fontesRecursos_b6afe6fc-693f-4488-b850-51ffe45158cc.csv","informacaoPlanejamento_c3665b00-58e6-4416-8f85-87f5e5323df5.csv"," "," "," "
"PREFEITURA MUNICIPAL DE CRICIUMA",2026,"MAIS GESTÃO CRICIÚMA","Manut. Fdo. Gerência de Agricultura e Agronegócio / Diretoria de Agricultura","Planejar e modernizar a administração municipal com dados gerenciais, reduzindo custos.","SEC. DES. ECONÔMICO, INDÚSTRIA, COMÉRCIO E SERVIÇO","Diretoria de Agricultura",Agricultura,"Extensão Rural",1026,"Manut. Fdo. Gerência de Agricultura e Agronegócio / Diretoria de Agricultura","APLICAÇÃO DIRETA DECORRENTE DE OPERAÇÃO DE ÓRGÃOS, FUNDOS E ENTIDADES INTEGRANTES DOS ORÇAMENTOS FISCAL E DA SEGURIDADE SOCIAL COM CONSÓRCIO PÚBLICO D",239,33930000000000,"APLICAÇÃO DIRETA DECORRENTE DE OPERAÇÃO DE ÓRGÃOS, FUNDOS E ENTIDADES INTEGRANTES DOS ORÇAMENTOS FISCAL E DA SEGURIDADE SOCIAL COM CONSÓRCIO PÚBLICO D","PREFEITURA MUNICIPAL DE CRICIUMA","DESPESAS CORRENTES",300000,0,300000,0,0,0,0,0,0,0,0,0,0,0.0,0.0,0.0,0.0,0.0,0.0,"fontesRecursos_d96baa7a-56ce-472c-8503-c25fa6c6e36d.csv","informacaoPlanejamento_2170d384-ccc5-4dcb-9cff-bab4c0592a08.csv"," "," "," "
"PREFEITURA MUNICIPAL DE CRICIUMA",2026,"MAIS GESTÃO CRICIÚMA","Manut. da Diretoria de Transito e Transporte","Planejar e modernizar a administração municipal com dados gerenciais, reduzindo custos.","GABINETE DO PREFEITO","Diretoria de Transito e Transporte",Transporte,"Transporte Rodoviário",1013,"Manut. da Diretoria de Transito e Transporte","APLICAÇÃO DIRETA DECORRENTE DE OPERAÇÃO DE ÓRGÃOS, FUNDOS E ENTIDADES INTEGRANTES DOS ORÇAMENTOS FISCAL E DA SEGURIDADE SOCIAL COM CONSÓRCIO PÚBLICO D",31,33930000000000,"APLICAÇÃO DIRETA DECORRENTE DE OPERAÇÃO DE ÓRGÃOS, FUNDOS E ENTIDADES INTEGRANTES DOS ORÇAMENTOS FISCAL E DA SEGURIDADE SOCIAL COM CONSÓRCIO PÚBLICO D","PREFEITURA MUNICIPAL DE CRICIUMA","DESPESAS CORRENTES",3500000,0,3500000,0,0,0,0,0,0,0,0,0,0,0.0,0.0,0.0,0.0,0.0,0.0,"fontesRecursos_6ef95ae9-1ce8-4965-aeda-35b4ceb180ca.csv","informacaoPlanejamento_3eb2ffcd-cca1-4cb0-8560-d2a058740ab1.csv"," "," "," "
"PREFEITURA MUNICIPAL DE CRICIUMA",2026,"MAIS GESTÃO CRICIÚMA","Manutenção da Diretoria de Planejamento Urbanístico","Planejar e modernizar a administração municipal com dados gerenciais, reduzindo custos.","SEC. DES. ECONÔMICO, INDÚSTRIA, COMÉRCIO E SERVIÇO","Diretoria de Planejamento Urbanístico",Administração,"Ordenamento Territorial",1257,"Manutenção da Diretoria de Planejamento Urbanístico","APLICAÇÕES DIRETAS",232,44900000000000,"APLICAÇÕES DIRETAS","PREFEITURA MUNICIPAL DE CRICIUMA","DESPESAS DE CAPITAL",720000,0,720000,0,0,0,0,0,0,0,0,0,0,0.0,0.0,0.0,0.0,0.0,0.0,"fontesRecursos_1665842f-c482-4040-9870-094c1fa56fa7.csv","informacaoPlanejamento_781d8f98-7212-4a95-9e46-aec416ca3e17.csv"," "," "," "
"PREFEITURA MUNICIPAL DE CRICIUMA",2026,"CRICIÚMA MAIS DESENVOLVIMENTO","Conselho de Coordenação Geral, Planejamento e Gestão","Elaborar projetos arquitetônicos, urbanísticos e geométricos (rodoviários) de espaços públicos; Revisar e regulamentar constantemente a legislação urbanística do Plano Diretor; Executar obras de edificações e espaços públicos de interesse da coletividade. Garantir o desenvolvimento econômico do município por meio de execução de obras significativas ao crescimento urbano.Tornar à cidade mais humanizada, bonita e agradável de se viver, sempre em conformidade com o Plano Diretor do Município.","SEC. DES. ECONÔMICO, INDÚSTRIA, COMÉRCIO E SERVIÇO","Conselho de Coordenação Geral, Planejam. e Gestão",Administração,"Administração Geral",1261,"Conselho de Coordenação Geral, Planejamento e Gestão","APLICAÇÕES DIRETAS",253,33900000000000,"APLICAÇÕES DIRETAS","PREFEITURA MUNICIPAL DE CRICIUMA","DESPESAS CORRENTES",20000,0,20000,0,0,0,0,0,0,0,0,0,0,0.0,0.0,0.0,0.0,0.0,0.0,"fontesRecursos_58c32312-1b03-4821-a7a9-f6ef5ec2ecd4.csv","informacaoPlanejamento_6fc26dd2-5608-49ea-b878-259405f8bee9.csv"," "," "," "
"PREFEITURA MUNICIPAL DE CRICIUMA",2026,"CRICIÚMA MAIS DESENVOLVIMENTO","Conselho de Coordenação Geral, Planejamento e Gestão","Elaborar projetos arquitetônicos, urbanísticos e geométricos (rodoviários) de espaços públicos; Revisar e regulamentar constantemente a legislação urbanística do Plano Diretor; Executar obras de edificações e espaços públicos de interesse da coletividade. Garantir o desenvolvimento econômico do município por meio de execução de obras significativas ao crescimento urbano.Tornar à cidade mais humanizada, bonita e agradável de se viver, sempre em conformidade com o Plano Diretor do Município.","SEC. DES. ECONÔMICO, INDÚSTRIA, COMÉRCIO E SERVIÇO","Conselho de Coordenação Geral, Planejam. e Gestão",Administração,"Administração Geral",1261,"Conselho de Coordenação Geral, Planejamento e Gestão","APLICAÇÕES DIRETAS",254,44900000000000,"APLICAÇÕES DIRETAS","PREFEITURA MUNICIPAL DE CRICIUMA","DESPESAS DE CAPITAL",20000,0,20000,0,0,0,0,0,0,0,0,0,0,0.0,0.0,0.0,0.0,0.0,0.0,"fontesRecursos_c111d694-6d86-40b5-80f4-ee9dae46f7a3.csv","informacaoPlanejamento_23e69c3b-ed21-4428-a5b9-8e5d2d7ab30f.csv"," "," "," "
"PREFEITURA MUNICIPAL DE CRICIUMA",2026,"CRICIÚMA MAIS DESENVOLVIMENTO","Conselho de Coordenação Geral, Planejamento e Gestão","Elaborar projetos arquitetônicos, urbanísticos e geométricos (rodoviários) de espaços públicos; Revisar e regulamentar constantemente a legislação urbanística do Plano Diretor; Executar obras de edificações e espaços públicos de interesse da coletividade. Garantir o desenvolvimento econômico do município por meio de execução de obras significativas ao crescimento urbano.Tornar à cidade mais humanizada, bonita e agradável de se viver, sempre em conformidade com o Plano Diretor do Município.","SEC. DES. ECONÔMICO, INDÚSTRIA, COMÉRCIO E SERVIÇO","Conselho de Coordenação Geral, Planejam. e Gestão",Administração,"Administração Geral",1261,"Conselho de Coordenação Geral, Planejamento e Gestão","APLICAÇÕES DIRETAS",252,31900000000000,"APLICAÇÕES DIRETAS","PREFEITURA MUNICIPAL DE CRICIUMA","DESPESAS CORRENTES",60000,0,60000,0,0,0,0,0,0,0,0,0,0,0.0,0.0,0.0,0.0,0.0,0.0,"fontesRecursos_3711c027-fcfb-4420-9a42-949b62a7cb66.csv","informacaoPlanejamento_2cf763d1-9b17-4242-8944-0ac0f32c126a.csv"," "," "," "
"PREFEITURA MUNICIPAL DE CRICIUMA",2026,"MAIS GESTÃO CRICIÚMA","Manut. da Superintendência de Organizações Comunitárias","Planejar e modernizar a administração municipal com dados gerenciais, reduzindo custos.","GABINETE DO PREFEITO","Superintendência de Organizações Comunitárias",Administração,"Administração Geral",1007,"Manut. da Superintendência de Organizações Comunitárias","APLICAÇÕES DIRETAS",55,44900000000000,"APLICAÇÕES DIRETAS","PREFEITURA MUNICIPAL DE CRICIUMA","DESPESAS DE CAPITAL",20000,0,20000,0,0,0,0,0,0,0,0,0,0,0.0,0.0,0.0,0.0,0.0,0.0,"fontesRecursos_3b8833c7-b20f-4959-b38d-1657ad51b644.csv","informacaoPlanejamento_a5d941ea-4a0c-4d96-b660-28f1eb6859cf.csv"," "," "," "
"PREFEITURA MUNICIPAL DE CRICIUMA",2026,"MAIS GESTÃO CRICIÚMA","Manut. do Gabinete da Sec. de Desenvolv. Econômico, Indústria, Comércio e Serviços","Planejar e modernizar a administração municipal com dados gerenciais, reduzindo custos.","SEC. DES. ECONÔMICO, INDÚSTRIA, COMÉRCIO E SERVIÇO","Gab. Sec. Des. Econ. Indústria, Comércio e Serviço",Administração,"Administração Geral",1268,"Manut. do Gabinete da Sec. de Desenvolv. Econômico, Indústria, Comércio e Serviços","APLICAÇÕES DIRETAS",227,31900000000000,"APLICAÇÕES DIRETAS","PREFEITURA MUNICIPAL DE CRICIUMA","DESPESAS CORRENTES",600000,0,600000,0,0,0,0,0,0,0,0,0,0,0.0,0.0,0.0,0.0,0.0,0.0,"fontesRecursos_0bffcf8c-4b01-458f-92dd-314c10427879.csv","informacaoPlanejamento_c0e67d83-cd4f-49cb-ae41-07d1be197eca.csv"," "," "," "
"PREFEITURA MUNICIPAL DE CRICIUMA",2026,"MAIS GESTÃO CRICIÚMA","Manut. da Ouvidoria","Planejar e modernizar a administração municipal com dados gerenciais, reduzindo custos.","SECRETARIA DE GOVERNANÇA",Ouvidoria,Administração,"Administração Geral",1006,"Manut. da Ouvidoria","APLICAÇÕES DIRETAS",220,44900000000000,"APLICAÇÕES DIRETAS","PREFEITURA MUNICIPAL DE CRICIUMA","DESPESAS DE CAPITAL",20000,0,20000,0,0,0,0,0,0,0,0,0,0,0.0,0.0,0.0,0.0,0.0,0.0,"fontesRecursos_d4467876-9536-4ffc-b4af-1c78df5432a3.csv","informacaoPlanejamento_327e0a70-098c-4b2d-b6b8-3df3672fcd02.csv"," "," "," "
"PREFEITURA MUNICIPAL DE CRICIUMA",2026,"MAIS GESTÃO CRICIÚMA","Manutenção do Fundo Municipal de Inovação","Planejar e modernizar a administração municipal com dados gerenciais, reduzindo custos.","SEC. DES. ECONÔMICO, INDÚSTRIA, COMÉRCIO E SERVIÇO","Diretoria de Empreendedorismo","Ciência e Tecnologia","Difusão do Conhecimento Científico e Tecnológico",1208,"Manutenção do Fundo Municipal de Inovação","APLICAÇÕES DIRETAS",245,44900000000000,"APLICAÇÕES DIRETAS","PREFEITURA MUNICIPAL DE CRICIUMA","DESPESAS DE CAPITAL",100000,0,100000,0,0,0,0,0,0,0,0,0,0,0.0,0.0,0.0,0.0,0.0,0.0,"fontesRecursos_645ffdb7-f26b-44e0-b9dc-d2f108886b76.csv","informacaoPlanejamento_d507af44-8fe5-4cc5-8570-f3b17bb7449a.csv"," "," "," "
"PREFEITURA MUNICIPAL DE CRICIUMA",2026,"CRICIÚMA MAIS DESENVOLVIMENTO","Implantação de Ciclovias e/ou Ciclofaixas","Elaborar projetos arquitetônicos, urbanísticos e geométricos (rodoviários) de espaços públicos; Revisar e regulamentar constantemente a legislação urbanística do Plano Diretor; Executar obras de edificações e espaços públicos de interesse da coletividade. Garantir o desenvolvimento econômico do município por meio de execução de obras significativas ao crescimento urbano.Tornar à cidade mais humanizada, bonita e agradável de se viver, sempre em conformidade com o Plano Diretor do Município.","SECRETARIA DE INFRAESTRUTURA E OBRAS","Abertura/Pavimentação/Manut. de Vias Públicas",Urbanismo,"Infra-Estrutura Urbana",1274,"Implantação de Ciclovias e/ou Ciclofaixas","APLICAÇÕES DIRETAS",174,33900000000000,"APLICAÇÕES DIRETAS","PREFEITURA MUNICIPAL DE CRICIUMA","DESPESAS CORRENTES",50000,0,50000,0,0,0,0,0,0,0,0,0,0,0.0,0.0,0.0,0.0,0.0,0.0,"fontesRecursos_5cb139f6-ce54-465d-8452-3346033eddec.csv","informacaoPlanejamento_045c4646-2c73-4c5b-a55e-cc052ffbe6f5.csv"," "," "," "
"PREFEITURA MUNICIPAL DE CRICIUMA",2026,"CRICIÚMA MAIS DESENVOLVIMENTO","Implantação de Ciclovias e/ou Ciclofaixas","Elaborar projetos arquitetônicos, urbanísticos e geométricos (rodoviários) de espaços públicos; Revisar e regulamentar constantemente a legislação urbanística do Plano Diretor; Executar obras de edificações e espaços públicos de interesse da coletividade. Garantir o desenvolvimento econômico do município por meio de execução de obras significativas ao crescimento urbano.Tornar à cidade mais humanizada, bonita e agradável de se viver, sempre em conformidade com o Plano Diretor do Município.","SECRETARIA DE INFRAESTRUTURA E OBRAS","Abertura/Pavimentação/Manut. de Vias Públicas",Urbanismo,"Infra-Estrutura Urbana",1274,"Implantação de Ciclovias e/ou Ciclofaixas","APLICAÇÕES DIRETAS",175,44900000000000,"APLICAÇÕES DIRETAS","PREFEITURA MUNICIPAL DE CRICIUMA","DESPESAS DE CAPITAL",450000,0,450000,0,0,0,0,0,0,0,0,0,0,0.0,0.0,0.0,0.0,0.0,0.0,"fontesRecursos_e6875e8c-8d37-40b4-84c6-9db05bbe8c2d.csv","informacaoPlanejamento_37d16486-da67-468a-b907-c4fb6115cbae.csv"," "," "," "
"PREFEITURA MUNICIPAL DE CRICIUMA",2026,"MAIS GESTÃO CRICIÚMA","Manut. do Gabinete da Secretaria de Governança","Planejar e modernizar a administração municipal com dados gerenciais, reduzindo custos.","SECRETARIA DE GOVERNANÇA","Gab. Secretaria de Governança",Administração,"Administração Geral",1267,"Manut. do Gabinete da Secretaria de Governança","APLICAÇÕES DIRETAS",221,31900000000000,"APLICAÇÕES DIRETAS","PREFEITURA MUNICIPAL DE CRICIUMA","DESPESAS CORRENTES",600000,0,600000,0,0,0,0,0,0,0,0,0,0,0.0,0.0,0.0,0.0,0.0,0.0,"fontesRecursos_d9dda6f2-6637-4daa-9097-ffa053165691.csv","informacaoPlanejamento_b2e054b5-6868-48ea-a4c6-988363449bef.csv"," "," "," "
"PREFEITURA MUNICIPAL DE CRICIUMA",2026,"CRICIÚMA MAIS DEFENSORIA PÚBLICA","Manut. da Casa da Cidadania","Assegurar a adequada representação judicial e extrajudicial do Município, promovendo a legalidade e a segurança jurídica nos atos administrativos. Ampliar o acesso da população a instrumentos de defesa de direitos, especialmente nas relações de consumo, por meio do fortalecimento do PROCON Municipal. Qualificar a atuação da Procuradoria-Geral do Município, promovendo eficiência na análise jurídica, controle da judicialização e orientação técnica às secretarias e órgãos municipais.","PROCURADORIA GERAL DO MUNICIPIO - PGM","Casa da Cidadania","Direitos da Cidadania","Direitos Individuais, Coletivos e Difusos",1017,"Manut. da Casa da Cidadania","APLICAÇÕES DIRETAS",71,44900000000000,"APLICAÇÕES DIRETAS","PREFEITURA MUNICIPAL DE CRICIUMA","DESPESAS DE CAPITAL",50000,0,50000,0,0,0,0,0,0,0,0,0,0,0.0,0.0,0.0,0.0,0.0,0.0,"fontesRecursos_d88ebe91-a2f7-4271-af51-c5fedff11d5a.csv","informacaoPlanejamento_f79e5cfd-c6df-4167-8620-0672aa5a9e3a.csv"," "," "," "
"PREFEITURA MUNICIPAL DE CRICIUMA",2026,"CRICIÚMA MAIS DEFENSORIA PÚBLICA","Manut. da Casa da Cidadania","Assegurar a adequada representação judicial e extrajudicial do Município, promovendo a legalidade e a segurança jurídica nos atos administrativos. Ampliar o acesso da população a instrumentos de defesa de direitos, especialmente nas relações de consumo, por meio do fortalecimento do PROCON Municipal. Qualificar a atuação da Procuradoria-Geral do Município, promovendo eficiência na análise jurídica, controle da judicialização e orientação técnica às secretarias e órgãos municipais.","PROCURADORIA GERAL DO MUNICIPIO - PGM","Casa da Cidadania","Direitos da Cidadania","Direitos Individuais, Coletivos e Difusos",1017,"Manut. da Casa da Cidadania","APLICAÇÕES DIRETAS",69,31900000000000,"APLICAÇÕES DIRETAS","PREFEITURA MUNICIPAL DE CRICIUMA","DESPESAS CORRENTES",50000,0,50000,0,0,0,0,0,0,0,0,0,0,0.0,0.0,0.0,0.0,0.0,0.0,"fontesRecursos_3e89f5bb-7c53-4b2a-b5cd-553a378753b9.csv","informacaoPlanejamento_feb4d1e9-57aa-496a-b572-cd982a376b5d.csv"," "," "," "
"PREFEITURA MUNICIPAL DE CRICIUMA",2026,"CRICIÚMA MAIS DESENVOLVIMENTO","Construção de Pista para BMX","Elaborar projetos arquitetônicos, urbanísticos e geométricos (rodoviários) de espaços públicos; Revisar e regulamentar constantemente a legislação urbanística do Plano Diretor; Executar obras de edificações e espaços públicos de interesse da coletividade. Garantir o desenvolvimento econômico do município por meio de execução de obras significativas ao crescimento urbano.Tornar à cidade mais humanizada, bonita e agradável de se viver, sempre em conformidade com o Plano Diretor do Município.","SECRETARIA DE INFRAESTRUTURA E OBRAS","Edificações Públicas","Desporto e Lazer","Desporto de Rendimento",1269,"Construção de Pista para BMX","APLICAÇÕES DIRETAS",182,44900000000000,"APLICAÇÕES DIRETAS","PREFEITURA MUNICIPAL DE CRICIUMA","DESPESAS DE CAPITAL",50000,0,50000,0,0,0,0,0,0,0,0,0,0,0.0,0.0,0.0,0.0,0.0,0.0,"fontesRecursos_d38d0503-bb4f-4c63-8229-67d742186ba4.csv","informacaoPlanejamento_6b1149e9-0126-48fd-9a68-7cbda60890bd.csv"," "," "," "
"PREFEITURA MUNICIPAL DE CRICIUMA",2026,"MAIS GESTÃO CRICIÚMA","Manut. da Superintendência de Organizações Comunitárias","Planejar e modernizar a administração municipal com dados gerenciais, reduzindo custos.","GABINETE DO PREFEITO","Superintendência de Organizações Comunitárias",Administração,"Administração Geral",1007,"Manut. da Superintendência de Organizações Comunitárias","APLICAÇÕES DIRETAS",53,31900000000000,"APLICAÇÕES DIRETAS","PREFEITURA MUNICIPAL DE CRICIUMA","DESPESAS CORRENTES",110000,0,110000,0,0,0,0,0,0,0,0,0,0,0.0,0.0,0.0,0.0,0.0,0.0,"fontesRecursos_56cde342-309c-4d1a-8699-e1892d4701b8.csv","informacaoPlanejamento_95135e84-46e4-4b5c-9cd7-6c6a4c9a7622.csv"," "," "," "
"PREFEITURA MUNICIPAL DE CRICIUMA",2026,"CRICIÚMA MAIS DESENVOLVIMENTO","Construção/Aquis. Terreno p/ Arena Multiuso p/ Treinamento e Jogos","Elaborar projetos arquitetônicos, urbanísticos e geométricos (rodoviários) de espaços públicos; Revisar e regulamentar constantemente a legislação urbanística do Plano Diretor; Executar obras de edificações e espaços públicos de interesse da coletividade. Garantir o desenvolvimento econômico do município por meio de execução de obras significativas ao crescimento urbano.Tornar à cidade mais humanizada, bonita e agradável de se viver, sempre em conformidade com o Plano Diretor do Município.","SECRETARIA DE INFRAESTRUTURA E OBRAS","Edificações Públicas","Desporto e Lazer","Desporto de Rendimento",1270,"Construção/Aquis. Terreno p/ Arena Multiuso p/ Treinamento e Jogos","APLICAÇÕES DIRETAS",183,44900000000000,"APLICAÇÕES DIRETAS","PREFEITURA MUNICIPAL DE CRICIUMA","DESPESAS DE CAPITAL",1000000,0,1000000,0,0,0,0,0,0,0,0,0,0,0.0,0.0,0.0,0.0,0.0,0.0,"fontesRecursos_1f561125-6bc6-4d10-94df-3bc8826a4dfa.csv","informacaoPlanejamento_3c069d69-4091-4ccb-ae2f-41989666a4dc.csv"," "," "," "
"PREFEITURA MUNICIPAL DE CRICIUMA",2026,"CRICIÚMA MAIS DESENVOLVIMENTO","Manut. do Fdo de Desenvolvimento Municipal/FUNDEM","Elaborar projetos arquitetônicos, urbanísticos e geométricos (rodoviários) de espaços públicos; Revisar e regulamentar constantemente a legislação urbanística do Plano Diretor; Executar obras de edificações e espaços públicos de interesse da coletividade. Garantir o desenvolvimento econômico do município por meio de execução de obras significativas ao crescimento urbano.Tornar à cidade mais humanizada, bonita e agradável de se viver, sempre em conformidade com o Plano Diretor do Município.","SECRETARIA DE INFRAESTRUTURA E OBRAS","Manut. Fdo. de Desenvolvimento Municipal/FUNDEM",Administração,"Administração Geral",1220,"Manut. do Fdo de Desenvolvimento Municipal/FUNDEM","APLICAÇÕES DIRETAS",194,44900000000000,"APLICAÇÕES DIRETAS","PREFEITURA MUNICIPAL DE CRICIUMA","DESPESAS DE CAPITAL",1500000,0,1500000,0,0,0,0,0,0,0,0,0,0,0.0,0.0,0.0,0.0,0.0,0.0,"fontesRecursos_43263866-59fb-4d4f-bd08-9d1d40c92df0.csv","informacaoPlanejamento_0c761138-9bd2-450c-a32c-e79da7198937.csv"," "," "," "
"PREFEITURA MUNICIPAL DE CRICIUMA",2026,"INCENTIVO À CONTINUIDADE EDUCACIONAL E ACADÊMICA","Auxílio ao Ensino Médio","Possibilitar o acesso de estudantes da rede pública ao ensino superior por meio de bolsas de estudo, e fomentar a formação acadêmica continuada dos profissionais da educação com incentivos à realização de pós-graduação.","SEC. MUN. DE EDUCAÇÃO","Auxilio ao Ensino",Educação,"Ensino Médio",1232,"Auxílio ao Ensino Médio","TRANSFERÊNCIAS A INSTITUIÇÕES PRIVADAS SEM FINS LUCRATIVOS",135,33500000000000,"TRANSFERÊNCIAS A INSTITUIÇÕES PRIVADAS SEM FINS LUCRATIVOS","PREFEITURA MUNICIPAL DE CRICIUMA","DESPESAS CORRENTES",300000,0,300000,0,0,0,0,0,0,0,0,0,0,0.0,0.0,0.0,0.0,0.0,0.0,"fontesRecursos_7b346bd4-982d-4bc6-b2d2-b493bd9d0678.csv","informacaoPlanejamento_26474ad4-59ba-49e0-bfc7-5264deca239c.csv"," "," "," "
"PREFEITURA MUNICIPAL DE CRICIUMA",2026,"CRICIÚMA MAIS DESENVOLVIMENTO","Construção/Aquis. Terreno p/ Centro Treinamento do Paradesporto","Elaborar projetos arquitetônicos, urbanísticos e geométricos (rodoviários) de espaços públicos; Revisar e regulamentar constantemente a legislação urbanística do Plano Diretor; Executar obras de edificações e espaços públicos de interesse da coletividade. Garantir o desenvolvimento econômico do município por meio de execução de obras significativas ao crescimento urbano.Tornar à cidade mais humanizada, bonita e agradável de se viver, sempre em conformidade com o Plano Diretor do Município.","SECRETARIA DE INFRAESTRUTURA E OBRAS","Edificações Públicas","Desporto e Lazer","Desporto de Rendimento",1271,"Construção/Aquis. Terreno p/ Centro Treinamento do Paradesporto","APLICAÇÕES DIRETAS",184,44900000000000,"APLICAÇÕES DIRETAS","PREFEITURA MUNICIPAL DE CRICIUMA","DESPESAS DE CAPITAL",1000000,0,1000000,0,0,0,0,0,0,0,0,0,0,0.0,0.0,0.0,0.0,0.0,0.0,"fontesRecursos_e5da097b-e065-4bfb-850f-ce6017dc7235.csv","informacaoPlanejamento_1445cfee-a2bb-4ae5-b449-1df8ee3fcc0d.csv"," "," "," "
"PREFEITURA MUNICIPAL DE CRICIUMA",2026,"MAIS GESTÃO CRICIÚMA","Manut. da Superintendência de Organizações Comunitárias","Planejar e modernizar a administração municipal com dados gerenciais, reduzindo custos.","GABINETE DO PREFEITO","Superintendência de Organizações Comunitárias",Administração,"Administração Geral",1007,"Manut. da Superintendência de Organizações Comunitárias","APLICAÇÕES DIRETAS",54,33900000000000,"APLICAÇÕES DIRETAS","PREFEITURA MUNICIPAL DE CRICIUMA","DESPESAS CORRENTES",20000,0,20000,0,0,0,0,0,0,0,0,0,0,0.0,0.0,0.0,0.0,0.0,0.0,"fontesRecursos_c48c5fea-d1ce-417f-8d08-7dc095d2322c.csv","informacaoPlanejamento_1e39e16b-016f-4259-926c-4f41795ed52a.csv"," "," "," "
"PREFEITURA MUNICIPAL DE CRICIUMA",2026,"MAIS GESTÃO CRICIÚMA","Manutenção da Diretoria de Atos Oficiais e Gestão de Pessoas","Planejar e modernizar a administração municipal com dados gerenciais, reduzindo custos.","GABINETE DO PREFEITO","Diretoria de Atos de Oficiais e Gestão de Pessoas",Administração,"Administração Geral",1246,"Manutenção da Diretoria de Atos Oficiais e Gestão de Pessoas","TRANSFERÊNCIAS A INSTITUIÇÕES PRIVADAS SEM FINS LUCRATIVOS",19,33500000000000,"TRANSFERÊNCIAS A INSTITUIÇÕES PRIVADAS SEM FINS LUCRATIVOS","PREFEITURA MUNICIPAL DE CRICIUMA","DESPESAS CORRENTES",1500000,0,1500000,0,0,0,0,0,0,0,0,0,0,0.0,0.0,0.0,0.0,0.0,0.0,"fontesRecursos_c2769d7b-c3fd-43c8-b5cf-65da9ef48439.csv","informacaoPlanejamento_82386831-601f-41d8-9ca2-e1a316a0d70c.csv"," "," "," "
"PREFEITURA MUNICIPAL DE CRICIUMA",2026,"MAIS GESTÃO CRICIÚMA","Manutenção da Diretoria de Transparência e Acesso à Informação","Planejar e modernizar a administração municipal com dados gerenciais, reduzindo custos.","SECRETARIA DE GOVERNANÇA","Diretoria de Transparência e Acesso à Informação",Administração,"Tecnologia da Informatização",1254,"Manutenção da Diretoria de Transparência e Acesso à Informação","APLICAÇÕES DIRETAS",217,44900000000000,"APLICAÇÕES DIRETAS","PREFEITURA MUNICIPAL DE CRICIUMA","DESPESAS DE CAPITAL",50000,0,50000,0,0,0,0,0,0,0,0,0,0,0.0,0.0,0.0,0.0,0.0,0.0,"fontesRecursos_c58ae4f8-be7c-44ca-bec6-5654af628859.csv","informacaoPlanejamento_1283a4cd-fda2-48ef-82f1-7a3cb2d2d576.csv"," "," "," "
"PREFEITURA MUNICIPAL DE CRICIUMA",2026,"MAIS GESTÃO CRICIÚMA","Manutenção da Diretoria de Planejamento e Estratégia","Planejar e modernizar a administração municipal com dados gerenciais, reduzindo custos.","SECRETARIA DE GOVERNANÇA","Diretoria de Planejamento e Estratégia",Administração,"Administração Geral",1253,"Manutenção da Diretoria de Planejamento e Estratégia","APLICAÇÕES DIRETAS",214,44900000000000,"APLICAÇÕES DIRETAS","PREFEITURA MUNICIPAL DE CRICIUMA","DESPESAS DE CAPITAL",50000,0,50000,0,0,0,0,0,0,0,0,0,0,0.0,0.0,0.0,0.0,0.0,0.0,"fontesRecursos_8a380217-d5bb-45a5-89b0-d52cae229280.csv","informacaoPlanejamento_fe7cab0a-3725-4357-953a-1433bdf58e8f.csv"," "," "," "
"PREFEITURA MUNICIPAL DE CRICIUMA",2026,"CRICIÚMA MAIS DESENVOLVIMENTO","Construção Centro de Treinamento do Futebol Feminino","Elaborar projetos arquitetônicos, urbanísticos e geométricos (rodoviários) de espaços públicos; Revisar e regulamentar constantemente a legislação urbanística do Plano Diretor; Executar obras de edificações e espaços públicos de interesse da coletividade. Garantir o desenvolvimento econômico do município por meio de execução de obras significativas ao crescimento urbano.Tornar à cidade mais humanizada, bonita e agradável de se viver, sempre em conformidade com o Plano Diretor do Município.","SECRETARIA DE INFRAESTRUTURA E OBRAS","Edificações Públicas","Desporto e Lazer","Desporto de Rendimento",1272,"Construção Centro de Treinamento do Futebol Feminino","APLICAÇÕES DIRETAS",185,44900000000000,"APLICAÇÕES DIRETAS","PREFEITURA MUNICIPAL DE CRICIUMA","DESPESAS DE CAPITAL",100000,0,100000,0,0,0,0,0,0,0,0,0,0,0.0,0.0,0.0,0.0,0.0,0.0,"fontesRecursos_4ed3e192-1fc6-4a6f-8bc7-50ccf395c82b.csv","informacaoPlanejamento_cbc8df63-29df-45a1-a572-5cc76bbbcdbd.csv"," "," "," "
"PREFEITURA MUNICIPAL DE CRICIUMA",2026,"PROTEÇÃO INTEGRADA","Manut. do Convênio Corpo de Bombeiros","Integrar a atuação municipal às forças estaduais de segurança - Polícia Militar, Polícia Civil e Corpo de Bombeiros - por meio da manutenção e ampliação de convênios, intensificando o policiamento ostensivo, mantendo a segurança, qualificando a investigação, reduzindo índices de criminalidade e o tempo médio de resposta a incêndios e outras emergências. Em paralelo, coordenar em com a União os serviços relacionados ao alistamento militar obrigatório; universalizando o  alistamento, sanando pendências, modernizando processos e difundindo o civismo entre a juventude.","SEC. MUN. DA FAZENDA","Convênio Corpo de Bombeiros","Segurança Pública","Defesa Civil",1029,"Manut. do Convênio Corpo de Bombeiros","TRANSFERÊNCIAS A ESTADOS E AO DISTRITO FEDERAL",97,33300000000000,"TRANSFERÊNCIAS A ESTADOS E AO DISTRITO FEDERAL","PREFEITURA MUNICIPAL DE CRICIUMA","DESPESAS CORRENTES",100000,0,100000,0,0,0,0,0,0,0,0,0,0,0.0,0.0,0.0,0.0,0.0,0.0,"fontesRecursos_138eb09b-e274-4ed9-a046-4593c3d8efae.csv","informacaoPlanejamento_ca200246-6cca-4733-8274-f4217da77691.csv"," "," "," "
"PREFEITURA MUNICIPAL DE CRICIUMA",2026,"GESTÃO E EQUILÍBRIO FISCAL","Programa MÃO NA RODA","Garantir a estabilidade macroeconômica e o equilíbrio fiscal do município, buscando uma gestão financeira sustentável, por meio do controle da aplicação dos recursos públicos e acompanhamento da execução financeira.","SEC. DES. ECONÔMICO, INDÚSTRIA, COMÉRCIO E SERVIÇO","Diretoria de Empreendedorismo","Comércio e Serviços","Serviços Financeiros",1239,"Programa MÃO NA RODA","APLICAÇÕES DIRETAS",248,33900000000000,"APLICAÇÕES DIRETAS","PREFEITURA MUNICIPAL DE CRICIUMA","DESPESAS CORRENTES",200000,0,200000,0,0,0,0,0,0,0,0,0,0,0.0,0.0,0.0,0.0,0.0,0.0,"fontesRecursos_e45a45f9-8897-4ddf-9ea0-80978fe3d6f8.csv","informacaoPlanejamento_50d0c895-39f0-46f4-b635-69347950d0db.csv"," "," "," "
"PREFEITURA MUNICIPAL DE CRICIUMA",2026,"MAIS GESTÃO CRICIÚMA","Manut. Fdo. Gerência de Agricultura e Agronegócio / Diretoria de Agricultura","Planejar e modernizar a administração municipal com dados gerenciais, reduzindo custos.","SEC. DES. ECONÔMICO, INDÚSTRIA, COMÉRCIO E SERVIÇO","Diretoria de Agricultura",Agricultura,"Extensão Rural",1026,"Manut. Fdo. Gerência de Agricultura e Agronegócio / Diretoria de Agricultura","TRANSFERÊNCIAS A INSTITUIÇÕES PRIVADAS SEM FINS LUCRATIVOS",237,33500000000000,"TRANSFERÊNCIAS A INSTITUIÇÕES PRIVADAS SEM FINS LUCRATIVOS","PREFEITURA MUNICIPAL DE CRICIUMA","DESPESAS CORRENTES",20000,0,20000,0,0,0,0,0,0,0,0,0,0,0.0,0.0,0.0,0.0,0.0,0.0,"fontesRecursos_92d3db10-2841-44be-abc0-834c8e855ff7.csv","informacaoPlanejamento_3bd686be-c954-42ba-8c8a-520d2085222b.csv"," "," "," "
"PREFEITURA MUNICIPAL DE CRICIUMA",2026,"MAIS GESTÃO CRICIÚMA","Manut. do Conselho Tutelar","Planejar e modernizar a administração municipal com dados gerenciais, reduzindo custos.","GABINETE DO PREFEITO","Conselho Tutelar","Assistência Social","Assistência à Criança e ao Adolescente",1009,"Manut. do Conselho Tutelar","APLICAÇÕES DIRETAS",47,44900000000000,"APLICAÇÕES DIRETAS","PREFEITURA MUNICIPAL DE CRICIUMA","DESPESAS DE CAPITAL",20000,0,20000,0,0,0,0,0,0,0,0,0,0,0.0,0.0,0.0,0.0,0.0,0.0,"fontesRecursos_d81288cd-9352-4f7b-a631-47ac28f1681b.csv","informacaoPlanejamento_d4b95d3e-abe5-4d30-92b0-c870c0193715.csv"," "," "," "
"PREFEITURA MUNICIPAL DE CRICIUMA",2026,"GESTÃO E EQUILÍBRIO FISCAL","Manut. da Tesouraria e Contabilidade - Financeiro","Garantir a estabilidade macroeconômica e o equilíbrio fiscal do município, buscando uma gestão financeira sustentável, por meio do controle da aplicação dos recursos públicos e acompanhamento da execução financeira.","SEC. MUN. DA FAZENDA","Administração Fazendária",Administração,"Administração Financeira",1023,"Manut. da Tesouraria e Contabilidade - Financeiro","APLICAÇÕES DIRETAS",84,44900000000000,"APLICAÇÕES DIRETAS","PREFEITURA MUNICIPAL DE CRICIUMA","DESPESAS DE CAPITAL",50000,0,50000,0,0,0,0,0,0,0,0,0,0,0.0,0.0,0.0,0.0,0.0,0.0,"fontesRecursos_fe126d54-ac93-411f-8174-bec9eb3988a9.csv","informacaoPlanejamento_8585975e-b686-4e88-820b-09aeb1dace90.csv"," "," "," "
"PREFEITURA MUNICIPAL DE CRICIUMA",2026,"MAIS GESTÃO CRICIÚMA","Manut. da Diretoria de Cadastro Imobiliário","Planejar e modernizar a administração municipal com dados gerenciais, reduzindo custos.","SEC. MUN. DA FAZENDA","Diretoria de Cadastro Imobiliário",Administração,"Administração Geral",1022,"Manut. da Diretoria de Cadastro Imobiliário","APLICAÇÕES DIRETAS",90,44900000000000,"APLICAÇÕES DIRETAS","PREFEITURA MUNICIPAL DE CRICIUMA","DESPESAS DE CAPITAL",100000,0,100000,0,0,0,0,0,0,0,0,0,0,0.0,0.0,0.0,0.0,0.0,0.0,"fontesRecursos_24056332-cc4c-42fb-9240-a63795b3c86f.csv","informacaoPlanejamento_45061b77-5ac7-4ecb-b4a2-bcba485316d7.csv"," "," "," "
"PREFEITURA MUNICIPAL DE CRICIUMA",2026,"MAIS GESTÃO CRICIÚMA","Manutenção Fdo Municipal do Turismo-FUMTUR / Diretoria de Turismo","Planejar e modernizar a administração municipal com dados gerenciais, reduzindo custos.","SEC. DES. ECONÔMICO, INDÚSTRIA, COMÉRCIO E SERVIÇO","Diretoria de Turismo","Comércio e Serviços",Turismo,1219,"Manutenção Fdo Municipal do Turismo-FUMTUR / Diretoria de Turismo","APLICAÇÕES DIRETAS",235,44900000000000,"APLICAÇÕES DIRETAS","PREFEITURA MUNICIPAL DE CRICIUMA","DESPESAS DE CAPITAL",60000,0,60000,0,0,0,0,0,0,0,0,0,0,0.0,0.0,0.0,0.0,0.0,0.0,"fontesRecursos_f78fde0d-e0ff-4eaa-a8a8-7892a9ea1462.csv","informacaoPlanejamento_74bcac83-e695-4018-a973-2537b9c91100.csv"," "," "," "
"PREFEITURA MUNICIPAL DE CRICIUMA",2026,"CRICIÚMA MAIS DESENVOLVIMENTO","Parque Empresarial ""Leonardo da Vinci""","Elaborar projetos arquitetônicos, urbanísticos e geométricos (rodoviários) de espaços públicos; Revisar e regulamentar constantemente a legislação urbanística do Plano Diretor; Executar obras de edificações e espaços públicos de interesse da coletividade. Garantir o desenvolvimento econômico do município por meio de execução de obras significativas ao crescimento urbano.Tornar à cidade mais humanizada, bonita e agradável de se viver, sempre em conformidade com o Plano Diretor do Município.","SECRETARIA DE INFRAESTRUTURA E OBRAS","Edificações Públicas","Comércio e Serviços","Promoção Comercial",1275,"Parque Empresarial ""Leonardo da Vinci""","APLICAÇÕES DIRETAS",187,44900000000000,"APLICAÇÕES DIRETAS","PREFEITURA MUNICIPAL DE CRICIUMA","DESPESAS DE CAPITAL",2500000,0,2500000,0,0,0,0,0,0,0,0,0,0,0.0,0.0,0.0,0.0,0.0,0.0,"fontesRecursos_f6dd40e4-7e5c-45ca-9612-37c2e74575a5.csv","informacaoPlanejamento_baa9d555-4dee-436e-a0ff-4c98733443b2.csv"," "," "," "
"PREFEITURA MUNICIPAL DE CRICIUMA",2026,"CRICIÚMA MAIS DESENVOLVIMENTO","Parque Empresarial ""Leonardo da Vinci""","Elaborar projetos arquitetônicos, urbanísticos e geométricos (rodoviários) de espaços públicos; Revisar e regulamentar constantemente a legislação urbanística do Plano Diretor; Executar obras de edificações e espaços públicos de interesse da coletividade. Garantir o desenvolvimento econômico do município por meio de execução de obras significativas ao crescimento urbano.Tornar à cidade mais humanizada, bonita e agradável de se viver, sempre em conformidade com o Plano Diretor do Município.","SECRETARIA DE INFRAESTRUTURA E OBRAS","Edificações Públicas","Comércio e Serviços","Promoção Comercial",1275,"Parque Empresarial ""Leonardo da Vinci""","APLICAÇÕES DIRETAS",186,33900000000000,"APLICAÇÕES DIRETAS","PREFEITURA MUNICIPAL DE CRICIUMA","DESPESAS CORRENTES",50000,0,50000,0,0,0,0,0,0,0,0,0,0,0.0,0.0,0.0,0.0,0.0,0.0,"fontesRecursos_d4572345-5418-4a2d-ab38-1a0b9f7b9d6f.csv","informacaoPlanejamento_7e07cc96-343a-48b3-97a2-7ad0f29ecbea.csv"," "," "," "
"PREFEITURA MUNICIPAL DE CRICIUMA",2026,"CRICIÚMA MAIS DESENVOLVIMENTO","Manutenção da Diretoria de Empreendedorismo","Elaborar projetos arquitetônicos, urbanísticos e geométricos (rodoviários) de espaços públicos; Revisar e regulamentar constantemente a legislação urbanística do Plano Diretor; Executar obras de edificações e espaços públicos de interesse da coletividade. Garantir o desenvolvimento econômico do município por meio de execução de obras significativas ao crescimento urbano.Tornar à cidade mais humanizada, bonita e agradável de se viver, sempre em conformidade com o Plano Diretor do Município.","SEC. DES. ECONÔMICO, INDÚSTRIA, COMÉRCIO E SERVIÇO","Diretoria de Empreendedorismo",Administração,"Administração Geral",1260,"Manutenção da Diretoria de Empreendedorismo","APLICAÇÕES DIRETAS",251,44900000000000,"APLICAÇÕES DIRETAS","PREFEITURA MUNICIPAL DE CRICIUMA","DESPESAS DE CAPITAL",20000,0,20000,0,0,0,0,0,0,0,0,0,0,0.0,0.0,0.0,0.0,0.0,0.0,"fontesRecursos_cb326fc2-8f5f-4451-bcbd-28fe13adcfb2.csv","informacaoPlanejamento_9c767200-0dae-4b72-9cc6-10eb00648f4b.csv"," "," "," "
"PREFEITURA MUNICIPAL DE CRICIUMA",2026,"MAIS GESTÃO CRICIÚMA","Manut. da Diretoria de Transito e Transporte","Planejar e modernizar a administração municipal com dados gerenciais, reduzindo custos.","GABINETE DO PREFEITO","Diretoria de Transito e Transporte",Transporte,"Transporte Rodoviário",1013,"Manut. da Diretoria de Transito e Transporte","APLICAÇÃO DIRETA DECORRENTE DE OPERAÇÃO ENTRE ÓRGÃOS, FUNDOS E ENTIDADES INTEGRANTES DOS ORÇAMENTOS FISCAL E DA SEGURIDADE SOCIAL",27,31910000000000,"APLICAÇÃO DIRETA DECORRENTE DE OPERAÇÃO ENTRE ÓRGÃOS, FUNDOS E ENTIDADES INTEGRANTES DOS ORÇAMENTOS FISCAL E DA SEGURIDADE SOCIAL","PREFEITURA MUNICIPAL DE CRICIUMA","DESPESAS CORRENTES",50000,0,50000,0,0,0,0,0,0,0,0,0,0,0.0,0.0,0.0,0.0,0.0,0.0,"fontesRecursos_7d8a7b5b-3d57-4572-93a4-c507ce1ec7a5.csv","informacaoPlanejamento_95677c22-5acb-4813-b035-62b7bb685e72.csv"," "," "," "
"PREFEITURA MUNICIPAL DE CRICIUMA",2026,"MAIS GESTÃO CRICIÚMA","Manutenção do Fundo Municipal de Inovação","Planejar e modernizar a administração municipal com dados gerenciais, reduzindo custos.","SEC. DES. ECONÔMICO, INDÚSTRIA, COMÉRCIO E SERVIÇO","Diretoria de Empreendedorismo","Ciência e Tecnologia","Difusão do Conhecimento Científico e Tecnológico",1208,"Manutenção do Fundo Municipal de Inovação","TRANSFERÊNCIAS A INSTITUIÇÕES PRIVADAS COM FINS LUCRATIVOS",242,33600000000000,"TRANSFERÊNCIAS A INSTITUIÇÕES PRIVADAS COM FINS LUCRATIVOS","PREFEITURA MUNICIPAL DE CRICIUMA","DESPESAS CORRENTES",100000,0,100000,0,0,0,0,0,0,0,0,0,0,0.0,0.0,0.0,0.0,0.0,0.0,"fontesRecursos_088c7c5b-5755-4ef2-a885-21b81b7d0837.csv","informacaoPlanejamento_6f1ba962-93ae-4f67-922a-cf11bd65b15e.csv"," "," "," "
"PREFEITURA MUNICIPAL DE CRICIUMA",2026,"MAIS GESTÃO CRICIÚMA","Manutenção do Fundo Municipal de Inovação","Planejar e modernizar a administração municipal com dados gerenciais, reduzindo custos.","SEC. DES. ECONÔMICO, INDÚSTRIA, COMÉRCIO E SERVIÇO","Diretoria de Empreendedorismo","Ciência e Tecnologia","Difusão do Conhecimento Científico e Tecnológico",1208,"Manutenção do Fundo Municipal de Inovação","TRANSFERÊNCIAS A INSTITUIÇÕES PRIVADAS SEM FINS LUCRATIVOS",244,44500000000000,"TRANSFERÊNCIAS A INSTITUIÇÕES PRIVADAS SEM FINS LUCRATIVOS","PREFEITURA MUNICIPAL DE CRICIUMA","DESPESAS DE CAPITAL",100000,0,100000,0,0,0,0,0,0,0,0,0,0,0.0,0.0,0.0,0.0,0.0,0.0,"fontesRecursos_fc472e99-bb57-4080-b85e-90defd110f12.csv","informacaoPlanejamento_69c48298-10e0-4bf3-bd55-53fe43b53290.csv"," "," "," "
"PREFEITURA MUNICIPAL DE CRICIUMA",2026,"CRICIÚMA MAIS SUPORTE À GESTÃO","Manut. do Gabinete/Assessoria do Vice Prefeito","Integrar e fortalecer as ações de apoio técnico, operacional, tecnológico e administrativo que garantam maior eficiência à gestão pública municipal. Assegurar que os processos internos estejam alinhados com as metas estratégicas do governo, contribuindo diretamente para a modernização e otimização da administração.","GABINETE DO VICE-PREFEITO","Gabinete do Vice-Prefeito / Assess. Vice-Prefeito",Administração,"Administração Geral",1015,"Manut. do Gabinete/Assessoria do Vice Prefeito","APLICAÇÕES DIRETAS",62,44900000000000,"APLICAÇÕES DIRETAS","PREFEITURA MUNICIPAL DE CRICIUMA","DESPESAS DE CAPITAL",30000,0,30000,0,0,0,0,0,0,0,0,0,0,0.0,0.0,0.0,0.0,0.0,0.0,"fontesRecursos_c19abe8a-d316-4e01-bb5f-901d4a1f6b87.csv","informacaoPlanejamento_b3975ded-6edf-4fcf-baa5-d2bbcc363327.csv"," "," "," "
"PREFEITURA MUNICIPAL DE CRICIUMA",2026,"CRICIÚMA MAIS DESENVOLVIMENTO","Pavimentação/Recup/Revitalização/Mobilidade Urbana/Emprestimo FONPLATA, BNDES/BRDE","Elaborar projetos arquitetônicos, urbanísticos e geométricos (rodoviários) de espaços públicos; Revisar e regulamentar constantemente a legislação urbanística do Plano Diretor; Executar obras de edificações e espaços públicos de interesse da coletividade. Garantir o desenvolvimento econômico do município por meio de execução de obras significativas ao crescimento urbano.Tornar à cidade mais humanizada, bonita e agradável de se viver, sempre em conformidade com o Plano Diretor do Município.","SECRETARIA DE INFRAESTRUTURA E OBRAS","Abertura/Pavimentação/Manut. de Vias Públicas",Urbanismo,"Infra-Estrutura Urbana",1079,"Pavimentação/Recup/Revitalização/Mobilidade Urbana/Emprestimo FONPLATA, BNDES/BRDE","APLICAÇÃO DIRETA DECORRENTE DE OPERAÇÃO DE ÓRGÃOS, FUNDOS E ENTIDADES INTEGRANTES DOS ORÇAMENTOS FISCAL E DA SEGURIDADE SOCIAL COM CONSÓRCIO PÚBLICO D",172,33930000000000,"APLICAÇÃO DIRETA DECORRENTE DE OPERAÇÃO DE ÓRGÃOS, FUNDOS E ENTIDADES INTEGRANTES DOS ORÇAMENTOS FISCAL E DA SEGURIDADE SOCIAL COM CONSÓRCIO PÚBLICO D","PREFEITURA MUNICIPAL DE CRICIUMA","DESPESAS CORRENTES",3500000,0,3500000,0,0,0,0,0,0,0,0,0,0,0.0,0.0,0.0,0.0,0.0,0.0,"fontesRecursos_42653801-d1dd-4491-8091-41e6f9635295.csv","informacaoPlanejamento_85c1d14d-365e-422d-9af4-dd3cb939588b.csv"," "," "," "
"PREFEITURA MUNICIPAL DE CRICIUMA",2026,"PROTEÇÃO INTEGRADA","Manut. da Junta de Serviço Militar","Integrar a atuação municipal às forças estaduais de segurança - Polícia Militar, Polícia Civil e Corpo de Bombeiros - por meio da manutenção e ampliação de convênios, intensificando o policiamento ostensivo, mantendo a segurança, qualificando a investigação, reduzindo índices de criminalidade e o tempo médio de resposta a incêndios e outras emergências. Em paralelo, coordenar em com a União os serviços relacionados ao alistamento militar obrigatório; universalizando o  alistamento, sanando pendências, modernizando processos e difundindo o civismo entre a juventude.","GABINETE DO PREFEITO","Junta de Serviço Militar","Defesa Nacional","Defesa Terrestre",1005,"Manut. da Junta de Serviço Militar","APLICAÇÕES DIRETAS",12,33900000000000,"APLICAÇÕES DIRETAS","PREFEITURA MUNICIPAL DE CRICIUMA","DESPESAS CORRENTES",20000,0,20000,0,0,0,0,0,0,0,0,0,0,0.0,0.0,0.0,0.0,0.0,0.0,"fontesRecursos_b5602ee7-4c5a-4d8c-b4da-17c148d3d85c.csv","informacaoPlanejamento_778d5880-0ac5-48df-854e-8fbfa7bf1e0f.csv"," "," "," "
"PREFEITURA MUNICIPAL DE CRICIUMA",2026,"CRICIÚMA MAIS DESENVOLVIMENTO","Fundo 169","Elaborar projetos arquitetônicos, urbanísticos e geométricos (rodoviários) de espaços públicos; Revisar e regulamentar constantemente a legislação urbanística do Plano Diretor; Executar obras de edificações e espaços públicos de interesse da coletividade. Garantir o desenvolvimento econômico do município por meio de execução de obras significativas ao crescimento urbano.Tornar à cidade mais humanizada, bonita e agradável de se viver, sempre em conformidade com o Plano Diretor do Município.","SECRETARIA DE INFRAESTRUTURA E OBRAS","Manut. Fdo. de Desenvolvimento Municipal/FUNDEM",Administração,"Administração Geral",1231,"Fundo 169","APLICAÇÕES DIRETAS",196,44900000000000,"APLICAÇÕES DIRETAS","PREFEITURA MUNICIPAL DE CRICIUMA","DESPESAS DE CAPITAL",1500000,0,1500000,0,0,0,0,0,0,0,0,0,0,0.0,0.0,0.0,0.0,0.0,0.0,"fontesRecursos_1a7fb194-472d-4de9-aad5-56f5c43ad4eb.csv","informacaoPlanejamento_457fb8a5-37cc-4cb0-a217-55f393359dfd.csv"," "," "," "
"PREFEITURA MUNICIPAL DE CRICIUMA",2026,"CRICIÚMA MAIS SOLIDARIEDADE","Manut. do Fundo do Idoso - Proteção ao Idoso","Promover a proteção social, garantindo a atenção integral a indivíduos e famílias em situação de vulnerabilidade ou risco social, por meio de ações de assistência básica e especial. Fortalecer os serviços, programas, projetos e benefícios socioassistenciais no âmbito do SUAS (Sistema Único de Assistência Social). Desenvolver políticas públicas de habitação social, viabilizando moradia digna à população de baixa renda, por meio da gestão do Fundo Municipal de Habitação e Interesse Social.","GABINETE DO PREFEITO","Proteção ao Idoso / Fundo do Idoso","Assistência Social","Assistência ao Idoso",1014,"Manut. do Fundo do Idoso - Proteção ao Idoso","APLICAÇÕES DIRETAS",48,31900000000000,"APLICAÇÕES DIRETAS","PREFEITURA MUNICIPAL DE CRICIUMA","DESPESAS CORRENTES",50000,0,50000,0,0,0,0,0,0,0,0,0,0,0.0,0.0,0.0,0.0,0.0,0.0,"fontesRecursos_e879327d-467a-4c1f-bfaa-6b3ba06e7305.csv","informacaoPlanejamento_00834ab5-8684-4f51-9ae3-c4889e1d3345.csv"," "," "," "
"PREFEITURA MUNICIPAL DE CRICIUMA",2026,"CRICIÚMA MAIS CONSCIÊNCIA AMBIENTAL","Manut. da Diretoria de Meio Ambiente","Promover educação ambiental e incentivar a conscientização ambiental. Também fortalecer a fiscalização municipal.","COMITÊ DE MEIO AMBIENTE E SANEAMENTO BÁSICO","Diretoria de Meio Ambiente","Gestão Ambiental","Administração Geral",1221,"Manut. da Diretoria de Meio Ambiente","APLICAÇÃO DIRETA DECORRENTE DE OPERAÇÃO ENTRE ÓRGÃOS, FUNDOS E ENTIDADES INTEGRANTES DOS ORÇAMENTOS FISCAL E DA SEGURIDADE SOCIAL",256,31910000000000,"APLICAÇÃO DIRETA DECORRENTE DE OPERAÇÃO ENTRE ÓRGÃOS, FUNDOS E ENTIDADES INTEGRANTES DOS ORÇAMENTOS FISCAL E DA SEGURIDADE SOCIAL","PREFEITURA MUNICIPAL DE CRICIUMA","DESPESAS CORRENTES",300000,0,300000,0,0,0,0,0,0,0,0,0,0,0.0,0.0,0.0,0.0,0.0,0.0,"fontesRecursos_726cc30c-b98d-4c6f-9be5-0fbcece8d632.csv","informacaoPlanejamento_ee0dfa1a-95af-4129-9b30-3c0c8d6b860a.csv"," "," "," "
"PREFEITURA MUNICIPAL DE CRICIUMA",2026,"MAIS GESTÃO CRICIÚMA","Manutenção da Diretoria de Convênios e Captação de Recursos","Planejar e modernizar a administração municipal com dados gerenciais, reduzindo custos.","SECRETARIA DE GOVERNANÇA","Diretoria de Convênios e Captação de Recursos",Administração,"Tecnologia da Informatização",1252,"Manutenção da Diretoria de Convênios e Captação de Recursos","APLICAÇÕES DIRETAS",211,44900000000000,"APLICAÇÕES DIRETAS","PREFEITURA MUNICIPAL DE CRICIUMA","DESPESAS DE CAPITAL",50000,0,50000,0,0,0,0,0,0,0,0,0,0,0.0,0.0,0.0,0.0,0.0,0.0,"fontesRecursos_f99909fe-c5fc-4f35-b060-ae964bb98d48.csv","informacaoPlanejamento_bca298f3-08ea-472b-b07d-b92743d34e4e.csv"," "," "," "
"PREFEITURA MUNICIPAL DE CRICIUMA",2026,"GESTÃO E EQUILÍBRIO FISCAL","Programa MÃO NA RODA","Garantir a estabilidade macroeconômica e o equilíbrio fiscal do município, buscando uma gestão financeira sustentável, por meio do controle da aplicação dos recursos públicos e acompanhamento da execução financeira.","SEC. DES. ECONÔMICO, INDÚSTRIA, COMÉRCIO E SERVIÇO","Diretoria de Empreendedorismo","Comércio e Serviços","Serviços Financeiros",1239,"Programa MÃO NA RODA","TRANSFERÊNCIAS A INSTITUIÇÕES PRIVADAS COM FINS LUCRATIVOS",247,33600000000000,"TRANSFERÊNCIAS A INSTITUIÇÕES PRIVADAS COM FINS LUCRATIVOS","PREFEITURA MUNICIPAL DE CRICIUMA","DESPESAS CORRENTES",200000,0,200000,0,0,0,0,0,0,0,0,0,0,0.0,0.0,0.0,0.0,0.0,0.0,"fontesRecursos_c721ec1e-6ce0-47b2-a342-d76b25e31220.csv","informacaoPlanejamento_bc588606-e322-4f05-96ed-8e40bf3920ba.csv"," "," "," "
"PREFEITURA MUNICIPAL DE CRICIUMA",2026,"CRICIÚMA MAIS SOLIDARIEDADE","Manut. do Fundo do Idoso - Proteção ao Idoso","Promover a proteção social, garantindo a atenção integral a indivíduos e famílias em situação de vulnerabilidade ou risco social, por meio de ações de assistência básica e especial. Fortalecer os serviços, programas, projetos e benefícios socioassistenciais no âmbito do SUAS (Sistema Único de Assistência Social). Desenvolver políticas públicas de habitação social, viabilizando moradia digna à população de baixa renda, por meio da gestão do Fundo Municipal de Habitação e Interesse Social.","GABINETE DO PREFEITO","Proteção ao Idoso / Fundo do Idoso","Assistência Social","Assistência ao Idoso",1014,"Manut. do Fundo do Idoso - Proteção ao Idoso","APLICAÇÕES DIRETAS",52,44900000000000,"APLICAÇÕES DIRETAS","PREFEITURA MUNICIPAL DE CRICIUMA","DESPESAS DE CAPITAL",50000,0,50000,0,0,0,0,0,0,0,0,0,0,0.0,0.0,0.0,0.0,0.0,0.0,"fontesRecursos_2e380ac1-f760-4754-bed6-6d5f074d2dbe.csv","informacaoPlanejamento_07081d1e-fe5b-42f5-b9b9-fd883766ae8f.csv"," "," "," "
"PREFEITURA MUNICIPAL DE CRICIUMA",2026,"MAIS GESTÃO CRICIÚMA","Manutenção da Diretoria de Atos Oficiais e Gestão de Pessoas","Planejar e modernizar a administração municipal com dados gerenciais, reduzindo custos.","GABINETE DO PREFEITO","Diretoria de Atos de Oficiais e Gestão de Pessoas",Administração,"Administração Geral",1246,"Manutenção da Diretoria de Atos Oficiais e Gestão de Pessoas","TRANSFERÊNCIAS A INSTITUIÇÕES PRIVADAS SEM FINS LUCRATIVOS",21,44500000000000,"TRANSFERÊNCIAS A INSTITUIÇÕES PRIVADAS SEM FINS LUCRATIVOS","PREFEITURA MUNICIPAL DE CRICIUMA","DESPESAS DE CAPITAL",300000,0,300000,0,0,0,0,0,0,0,0,0,0,0.0,0.0,0.0,0.0,0.0,0.0,"fontesRecursos_04063376-22cb-4a4c-a1e7-f3a70d633673.csv","informacaoPlanejamento_49081c81-877b-440f-ad2c-391843dc3a4f.csv"," "," "," "
"FUNDO MUNICIPAL DO MEIO AMBIENTE DE CRICIUMA",2026,"CRICIÚMA MAIS VERDE","Manut. do Fundo do Meio Ambiente","Captar e gerir recursos para projetos de preservação ambiental.","FUNDO MUN. DO MEIO AMBIENTE","Fundo Mun. do Meio Ambiente","Gestão Ambiental","Administração Geral",1105,"Manut. do Fundo do Meio Ambiente","APLICAÇÕES DIRETAS",1,33900000000000,"APLICAÇÕES DIRETAS","FUNDO MUNICIPAL DO MEIO AMBIENTE DE CRICIUMA","DESPESAS CORRENTES",50000,0,50000,500.0,500.0,0,0,500.0,0,0,0,500.0,0,1.0,1.0,0.0,0.0,0.0,0.0,"fontesRecursos_387a825a-b022-414a-9fce-a9057a930511.csv","informacaoPlanejamento_e523f450-e2e9-4a1a-ac55-57fb0b08ceb7.csv","empenhos_4331a300-50b2-40b8-a138-dc12340ca27e.csv"," "," "
"PREFEITURA MUNICIPAL DE CRICIUMA",2026,"CRICIÚMA MAIS DESENVOLVIMENTO","Centros Comunitarios","Elaborar projetos arquitetônicos, urbanísticos e geométricos (rodoviários) de espaços públicos; Revisar e regulamentar constantemente a legislação urbanística do Plano Diretor; Executar obras de edificações e espaços públicos de interesse da coletividade. Garantir o desenvolvimento econômico do município por meio de execução de obras significativas ao crescimento urbano.Tornar à cidade mais humanizada, bonita e agradável de se viver, sempre em conformidade com o Plano Diretor do Município.","SECRETARIA DE INFRAESTRUTURA E OBRAS","Centros Comunitários","Desporto e Lazer",Lazer,1075,"Centros Comunitarios","TRANSFERÊNCIAS A INSTITUIÇÕES PRIVADAS SEM FINS LUCRATIVOS",197,33500000000000,"TRANSFERÊNCIAS A INSTITUIÇÕES PRIVADAS SEM FINS LUCRATIVOS","PREFEITURA MUNICIPAL DE CRICIUMA","DESPESAS CORRENTES",20000,0,20000,0,0,0,0,0,0,0,0,0,0,0.0,0.0,0.0,0.0,0.0,0.0,"fontesRecursos_9cbc840b-4797-4c7f-ad6e-84722b65a4cb.csv","informacaoPlanejamento_13ac35b0-c56b-4d54-bb60-ee856f647b2e.csv"," "," "," "
"PREFEITURA MUNICIPAL DE CRICIUMA",2026,"CRICIÚMA MAIS DEFENSORIA PÚBLICA","Manut. Fundo de Defesa dos Dir. Difusos-FMDD / Procon","Assegurar a adequada representação judicial e extrajudicial do Município, promovendo a legalidade e a segurança jurídica nos atos administrativos. Ampliar o acesso da população a instrumentos de defesa de direitos, especialmente nas relações de consumo, por meio do fortalecimento do PROCON Municipal. Qualificar a atuação da Procuradoria-Geral do Município, promovendo eficiência na análise jurídica, controle da judicialização e orientação técnica às secretarias e órgãos municipais.","PROCURADORIA GERAL DO MUNICIPIO - PGM","PROCON Municipal","Direitos da Cidadania","Direitos Individuais, Coletivos e Difusos",1018,"Manut. Fundo de Defesa dos Dir. Difusos-FMDD / Procon","APLICAÇÕES DIRETAS",68,44900000000000,"APLICAÇÕES DIRETAS","PREFEITURA MUNICIPAL DE CRICIUMA","DESPESAS DE CAPITAL",100000,0,100000,2622.5,2622.5,0,0,2622.5,0,0,0,2622.5,0,2.62,2.62,0.0,0.0,0.0,0.0,"fontesRecursos_8cd93853-16f2-48c4-a1d0-adba6425c191.csv","informacaoPlanejamento_11a7d7b9-1f78-410c-8740-b29e31cd28d6.csv","empenhos_77b02e12-8815-44f9-84a3-678ee49a5d83.csv"," "," "
"PREFEITURA MUNICIPAL DE CRICIUMA",2026,"MAIS GESTÃO CRICIÚMA","Participação em Consórcios e Entidades Associativas","Planejar e modernizar a administração municipal com dados gerenciais, reduzindo custos.","GABINETE DO PREFEITO","Gabinete do Prefeito / Assessoria de Gabinete",Administração,"Administração Geral",1277,"Participação em Consórcios e Entidades Associativas","TRANSFERÊNCIAS A CONSÓRCIOS PÚBLICOS MEDIANTE CONTRATO DE RATEIO",7,44710000000000,"TRANSFERÊNCIAS A CONSÓRCIOS PÚBLICOS MEDIANTE CONTRATO DE RATEIO","PREFEITURA MUNICIPAL DE CRICIUMA","DESPESAS DE CAPITAL",24000,0,24000,12422.06,11525.28,3841.76,3841.76,7683.52,3841.76,0,3841.76,7683.52,0.0,51.76,51.76,16.01,16.01,16.01,624.71,"fontesRecursos_f217f454-83d5-4486-a584-e9d3fa02f148.csv","informacaoPlanejamento_33d6c3af-39c4-4e52-aa9d-96925ad4e8c8.csv","empenhos_ea89c8cf-cfe1-417f-aaa1-1e84cad73f26.csv"," "," "
"PREFEITURA MUNICIPAL DE CRICIUMA",2026,"MAIS GESTÃO CRICIÚMA","Participação em Consórcios e Entidades Associativas","Planejar e modernizar a administração municipal com dados gerenciais, reduzindo custos.","GABINETE DO PREFEITO","Gabinete do Prefeito / Assessoria de Gabinete",Administração,"Administração Geral",1277,"Participação em Consórcios e Entidades Associativas","TRANSFERÊNCIAS A CONSÓRCIOS PÚBLICOS MEDIANTE CONTRATO DE RATEIO",4,31710000000000,"TRANSFERÊNCIAS A CONSÓRCIOS PÚBLICOS MEDIANTE CONTRATO DE RATEIO","PREFEITURA MUNICIPAL DE CRICIUMA","DESPESAS CORRENTES",560000,0,560000,289848.11,268923.14,89641.05,89641.05,179282.09,89641.05,0,89641.05,179282.09,0.0,51.76,51.76,16.01,16.01,16.01,624.71,"fontesRecursos_c38e55c6-b538-49d0-a4ea-5a9219ae9542.csv","informacaoPlanejamento_cb433d93-aab4-483c-b311-044acd3ac573.csv","empenhos_0e09a7eb-f0c9-4875-80a0-2829389e8236.csv"," "," "
"PREFEITURA MUNICIPAL DE CRICIUMA",2026,"MAIS GESTÃO CRICIÚMA","Participação em Consórcios e Entidades Associativas","Planejar e modernizar a administração municipal com dados gerenciais, reduzindo custos.","GABINETE DO PREFEITO","Gabinete do Prefeito / Assessoria de Gabinete",Administração,"Administração Geral",1277,"Participação em Consórcios e Entidades Associativas","TRANSFERÊNCIAS A CONSÓRCIOS PÚBLICOS MEDIANTE CONTRATO DE RATEIO",6,33710000000000,"TRANSFERÊNCIAS A CONSÓRCIOS PÚBLICOS MEDIANTE CONTRATO DE RATEIO","PREFEITURA MUNICIPAL DE CRICIUMA","DESPESAS CORRENTES",216000,-78104.85,137895.15,111798.56,103727.5,34575.83,34575.83,69151.67,34575.83,0,34575.83,69151.67,0.0,51.76,81.08,16.01,25.07,16.01,398.82,"fontesRecursos_dbeaa860-cc69-47ea-acb3-c21f51e1c22e.csv","informacaoPlanejamento_4789245f-067c-4bda-8b81-f8b08559495a.csv","empenhos_1c5bc2d3-5d60-4640-a3ac-6d90ef280f75.csv","suplementacoes_45e9a58f-5e1d-44fa-afd1-633b9d01c477.csv"," "
"PREFEITURA MUNICIPAL DE CRICIUMA",2026,"CRICIÚMA MAIS DESENVOLVIMENTO","Pontes/Passarelas/Viadutos/Elevados","Elaborar projetos arquitetônicos, urbanísticos e geométricos (rodoviários) de espaços públicos; Revisar e regulamentar constantemente a legislação urbanística do Plano Diretor; Executar obras de edificações e espaços públicos de interesse da coletividade. Garantir o desenvolvimento econômico do município por meio de execução de obras significativas ao crescimento urbano.Tornar à cidade mais humanizada, bonita e agradável de se viver, sempre em conformidade com o Plano Diretor do Município.","SECRETARIA DE INFRAESTRUTURA E OBRAS","Pontes/Passarelas/Viadutos/Elevados",Urbanismo,"Infra-Estrutura Urbana",1078,"Pontes/Passarelas/Viadutos/Elevados","APLICAÇÕES DIRETAS",169,33900000000000,"APLICAÇÕES DIRETAS","PREFEITURA MUNICIPAL DE CRICIUMA","DESPESAS CORRENTES",2060000,0,2060000,139660.0,139660.0,139660.0,139660.0,0.0,139660.0,0,139660.0,0.0,0.0,6.78,6.78,6.78,6.78,6.78,1475.01,"fontesRecursos_a1f7458c-9979-419c-b0b7-2c54a84ad1d3.csv","informacaoPlanejamento_6176ac7d-d65c-4842-9b1c-509ba3e92843.csv","empenhos_c2af1ec6-c922-418c-9720-9ecae9e823c3.csv"," "," "
"PREFEITURA MUNICIPAL DE CRICIUMA",2026,"PROTEÇÃO INTEGRADA","Manut. do Convênio Policia Militar","Integrar a atuação municipal às forças estaduais de segurança - Polícia Militar, Polícia Civil e Corpo de Bombeiros - por meio da manutenção e ampliação de convênios, intensificando o policiamento ostensivo, mantendo a segurança, qualificando a investigação, reduzindo índices de criminalidade e o tempo médio de resposta a incêndios e outras emergências. Em paralelo, coordenar em com a União os serviços relacionados ao alistamento militar obrigatório; universalizando o  alistamento, sanando pendências, modernizando processos e difundindo o civismo entre a juventude.","SEC. MUN. DA FAZENDA","Convênio Polícia Militar","Segurança Pública",Policiamento,1027,"Manut. do Convênio Policia Militar","TRANSFERÊNCIAS A ESTADOS E AO DISTRITO FEDERAL",91,33300000000000,"TRANSFERÊNCIAS A ESTADOS E AO DISTRITO FEDERAL","PREFEITURA MUNICIPAL DE CRICIUMA","DESPESAS CORRENTES",150000,-700,149300,36234.8,36234.8,36234.8,36234.8,0.0,36234.8,0,36234.8,0.0,0.0,24.16,24.27,24.16,24.27,24.16,412.03,"fontesRecursos_0033d70c-666b-4b64-b326-fb45d0e93b8e.csv","informacaoPlanejamento_9b45e1fb-5a62-4e03-a78d-1dc9a5bdaa2f.csv","empenhos_2abe4373-a9fe-478b-9c4d-73f595330293.csv","suplementacoes_2c848058-4e44-407c-859a-77861aaf248c.csv"," "
"FUNDO MUNICIPAL DE SAUDE DE CRICIUMA",2026,"CRICIÚMA MAIS ATENÇÃO PRIMÁRIA EM SAÚDE - APS","Programa de Agentes Comunitários de Saúde - PACS","Ampliar e qualificar o acesso da atenção primária em saúde aos usuários do sistema público de saúde.","FUNDO MUNICIPAL DE SAÚDE","Fundo Mun. de Saúde",Saúde,"Atenção Básica",1051,"Programa de Agentes Comunitários de Saúde - PACS","APLICAÇÕES DIRETAS",30,31900000000000,"APLICAÇÕES DIRETAS","FUNDO MUNICIPAL DE SAUDE DE CRICIUMA","DESPESAS CORRENTES",18600000,0,18600000,1811123.12,1811123.12,1811123.12,1811123.12,0.0,1811123.12,0,1811123.12,0.0,0.0,9.74,9.74,9.74,9.74,9.74,1026.99,"fontesRecursos_c169d7b4-1d0d-4539-9774-9fb1b16535cc.csv","informacaoPlanejamento_6781f798-6752-4d38-9a3b-a17889dadb2a.csv","empenhos_3035a248-fc34-4224-a063-8aa24ea644d1.csv"," "," "
"FUNDO MUNICIPAL DE SAUDE DE CRICIUMA",2026,"CRICIÚMA MAIS ATENÇÃO PRIMÁRIA EM SAÚDE - APS","Unidades básicas de saúde - UBS","Ampliar e qualificar o acesso da atenção primária em saúde aos usuários do sistema público de saúde.","FUNDO MUNICIPAL DE SAÚDE","Fundo Mun. de Saúde",Saúde,"Atenção Básica",1050,"Unidades básicas de saúde - UBS","APLICAÇÃO DIRETA DECORRENTE DE OPERAÇÃO ENTRE ÓRGÃOS, FUNDOS E ENTIDADES INTEGRANTES DOS ORÇAMENTOS FISCAL E DA SEGURIDADE SOCIAL",25,31910000000000,"APLICAÇÃO DIRETA DECORRENTE DE OPERAÇÃO ENTRE ÓRGÃOS, FUNDOS E ENTIDADES INTEGRANTES DOS ORÇAMENTOS FISCAL E DA SEGURIDADE SOCIAL","FUNDO MUNICIPAL DE SAUDE DE CRICIUMA","DESPESAS CORRENTES",7000000,-50000,6950000,0,0,0,0,0,0,0,0,0,0,0.0,0.0,0.0,0.0,0.0,0.0,"fontesRecursos_f2329224-403f-4c41-ac3f-b537ef272a65.csv","informacaoPlanejamento_0c0ad477-fde6-42db-a68b-c51c4bbe85a1.csv"," ","suplementacoes_3b7156a8-8baf-4da4-b62b-1946e488ae4a.csv"," "
"PREFEITURA MUNICIPAL DE CRICIUMA",2026,"CRICIÚMA MAIS SOLIDARIEDADE","Manut. do Fundo do Idoso - Proteção ao Idoso","Promover a proteção social, garantindo a atenção integral a indivíduos e famílias em situação de vulnerabilidade ou risco social, por meio de ações de assistência básica e especial. Fortalecer os serviços, programas, projetos e benefícios socioassistenciais no âmbito do SUAS (Sistema Único de Assistência Social). Desenvolver políticas públicas de habitação social, viabilizando moradia digna à população de baixa renda, por meio da gestão do Fundo Municipal de Habitação e Interesse Social.","GABINETE DO PREFEITO","Proteção ao Idoso / Fundo do Idoso","Assistência Social","Assistência ao Idoso",1014,"Manut. do Fundo do Idoso - Proteção ao Idoso","TRANSFERÊNCIAS A INSTITUIÇÕES PRIVADAS SEM FINS LUCRATIVOS",51,44500000000000,"TRANSFERÊNCIAS A INSTITUIÇÕES PRIVADAS SEM FINS LUCRATIVOS","PREFEITURA MUNICIPAL DE CRICIUMA","DESPESAS DE CAPITAL",3000000,0,3000000,1259684.37,1259684.37,1259684.37,1259684.37,0.0,1259684.37,0,1259684.37,0.0,0.0,41.99,41.99,41.99,41.99,41.99,238.15,"fontesRecursos_6fe3e1fe-7d63-44dd-b622-265251c5c1a9.csv","informacaoPlanejamento_7774940a-92cb-4c17-8ac6-a0077e1846e4.csv","empenhos_ef179fb9-f4c8-4303-8007-a0d3a4e1a7fc.csv"," "," "
"PREFEITURA MUNICIPAL DE CRICIUMA",2026,"GESTÃO EFICIENTE COM FOCO NA APRENDIZAGEM","Unidades Escolares - Ensino Fundamental","Garantir o acesso, a permanência e a aprendizagem de qualidade no Ensino Fundamental, com foco na alfabetização na idade certa, na recomposição das aprendizagens e na elevação dos indicadores de desempenho educacional do município.","SEC. MUN. DE EDUCAÇÃO","Unidades Escolares",Educação,"Ensino Fundamental",1032,"Unidades Escolares - Ensino Fundamental","TRANSFERÊNCIAS A INSTITUIÇÕES PRIVADAS SEM FINS LUCRATIVOS",117,44500000000000,"TRANSFERÊNCIAS A INSTITUIÇÕES PRIVADAS SEM FINS LUCRATIVOS","PREFEITURA MUNICIPAL DE CRICIUMA","DESPESAS DE CAPITAL",2100000,-30000,2070000,0,0,0,0,0,0,0,0,0,0,0.0,0.0,0.0,0.0,0.0,0.0,"fontesRecursos_de266f04-48a7-4b06-8470-0b80ba4003e0.csv","informacaoPlanejamento_e1525cb7-97f3-4f58-aa70-5383f968ad4c.csv"," ","suplementacoes_cc1fe7dd-2741-4b2c-a04d-6996bc50914f.csv"," "
"PREFEITURA MUNICIPAL DE CRICIUMA",2026,"CRICIÚMA MAIS DESENVOLVIMENTO","Pontes/Passarelas/Viadutos/Elevados","Elaborar projetos arquitetônicos, urbanísticos e geométricos (rodoviários) de espaços públicos; Revisar e regulamentar constantemente a legislação urbanística do Plano Diretor; Executar obras de edificações e espaços públicos de interesse da coletividade. Garantir o desenvolvimento econômico do município por meio de execução de obras significativas ao crescimento urbano.Tornar à cidade mais humanizada, bonita e agradável de se viver, sempre em conformidade com o Plano Diretor do Município.","SECRETARIA DE INFRAESTRUTURA E OBRAS","Pontes/Passarelas/Viadutos/Elevados",Urbanismo,"Infra-Estrutura Urbana",1078,"Pontes/Passarelas/Viadutos/Elevados","APLICAÇÕES DIRETAS",170,44900000000000,"APLICAÇÕES DIRETAS","PREFEITURA MUNICIPAL DE CRICIUMA","DESPESAS DE CAPITAL",6530000,1.107655659E7,1.760655659E7,8530000.0,8530000.0,11365.98,11365.98,8518634.02,154.21,0,154.21,8529845.79,11211.77,130.63,48.45,0.17,0.06,0.0,1.141725996E7,"fontesRecursos_8177166d-ae6c-4614-a84e-5890934e8c7f.csv","informacaoPlanejamento_e1258aa6-ebfa-49c3-a7e9-bca48482a9c6.csv","empenhos_55977277-54b7-401e-a8ce-070c60abd910.csv"," "," "
"FUNDO MUNICIPAL DE SAUDE DE CRICIUMA",2026,"CRICIÚMA MAIS AÇÕES DE VIGILÂNCIA EM SAÚDE","Vigilância Epidemiologia","Controle e prevenção de doenças e agravos à saúde da população, ampliando a capacidade técnica da Vigilância em Saúde, assegurando a efetividade das ações de monitoramento.","FUNDO MUNICIPAL DE SAÚDE","Fundo Mun. de Saúde",Saúde,"Vigilância Epidemiológica",1052,"Vigilância Epidemiologia","APLICAÇÕES DIRETAS",89,44900000000000,"APLICAÇÕES DIRETAS","FUNDO MUNICIPAL DE SAUDE DE CRICIUMA","DESPESAS DE CAPITAL",25000,-5000,20000,3500.0,3500.0,3500.0,3500.0,0.0,3500.0,0,3500.0,0.0,0.0,14.0,17.5,14.0,17.5,14.0,571.43,"fontesRecursos_d00a56e7-e14a-44e4-8e58-8fc3000a0d4f.csv","informacaoPlanejamento_f2099ac4-3448-43c4-9eac-87fb475d6f48.csv","empenhos_d6806ec3-1958-4f49-bba6-90e1fdc14d74.csv","suplementacoes_3cd700bc-9581-4b30-8671-1a164456acf8.csv","Recursos não Vinculados de Impostos - Saúde"
"FUNDO MUNICIPAL DE SAUDE DE CRICIUMA",2026,"CRICIÚMA MAIS AÇÕES DE VIGILÂNCIA EM SAÚDE","Vigilância Sanitária","Controle e prevenção de doenças e agravos à saúde da população, ampliando a capacidade técnica da Vigilância em Saúde, assegurando a efetividade das ações de monitoramento.","FUNDO MUNICIPAL DE SAÚDE","Fundo Mun. de Saúde",Saúde,"Vigilância Sanitária",1049,"Vigilância Sanitária","APLICAÇÕES DIRETAS",84,44900000000000,"APLICAÇÕES DIRETAS","FUNDO MUNICIPAL DE SAUDE DE CRICIUMA","DESPESAS DE CAPITAL",40000,-18250,21750,1750.0,1750.0,1750.0,1750.0,0.0,1750.0,0,1750.0,0.0,0.0,4.38,8.05,4.38,8.05,4.38,1242.86,"fontesRecursos_02d1ada9-5e31-4d82-928b-a71a9ddcc42b.csv","informacaoPlanejamento_f2082af4-770e-4ae6-9faa-6f0c022a73a6.csv","empenhos_2e6c900f-a592-4130-a086-6e02b47acd0f.csv","suplementacoes_1a9aa7be-6d42-44f0-8af0-47ad24642da7.csv","Transferências Fundo a Fundo de Recursos do SUS provenientes do Governo Federal - Bloco de Estruturação da Rede de Serviços Públicos de Saúde"
"FUNDO MUNICIPAL DE SAUDE DE CRICIUMA",2026,"CRICIÚMA MAIS REDE DE URGÊNCIA E EMERGÊNCIA - RUE","Unidades de Pronto Atendimento","Com intuito de atender rapidamente às demandas de saúde com riscos à vida da população, e Garantir a organização eficiente da Rede de Urgência e Emergência, com profissionais capacitados, equipamentos adequados e processos integrados.","FUNDO MUNICIPAL DE SAÚDE","Fundo Mun. de Saúde",Saúde,"Atenção Básica",1048,"Unidades de Pronto Atendimento","APLICAÇÕES DIRETAS",75,44900000000000,"APLICAÇÕES DIRETAS","FUNDO MUNICIPAL DE SAUDE DE CRICIUMA","DESPESAS DE CAPITAL",570000,435000,1005000,980000.0,735000.0,245000.0,245000.0,490000.0,245000.0,0,245000.0,490000.0,0.0,171.93,97.51,42.98,24.38,42.98,410.2,"fontesRecursos_cf14fd88-0759-4045-ac8e-205cbb497810.csv","informacaoPlanejamento_b3f713eb-963c-4fbe-b335-fcded31c46db.csv","empenhos_8df352fe-8829-40cc-91c7-965d9a2c4822.csv","suplementacoes_ab9cf9bb-b020-43fb-abef-61d0eb794cd8.csv","Recursos não Vinculados de Impostos - Saúde"
"PREFEITURA MUNICIPAL DE CRICIUMA",2026,"GESTÃO DA QUALIDADE NA EDUCAÇÃO INFANTIL","Convênios com Entidades Educacionais","Assegurar o desenvolvimento integral das crianças na Educação Infantil, por meio da qualificação pedagógica, da ampliação da infraestrutura e da gestão equitativa da oferta de vagas, garantindo acesso, qualidade e equidade no atendimento.","SEC. MUN. DE EDUCAÇÃO","Unidades Escolares",Educação,"Educação Infantil",1039,"Convênios com Entidades Educacionais","APLICAÇÕES DIRETAS",123,44900000000000,"APLICAÇÕES DIRETAS","PREFEITURA MUNICIPAL DE CRICIUMA","DESPESAS DE CAPITAL",1650000,0,1650000,450000.0,300000.0,250000.0,250000.0,50000.0,250000.0,0,250000.0,50000.0,0.0,27.27,27.27,15.15,15.15,15.15,660.0,"fontesRecursos_b5ca0446-b39d-4cf3-b066-7cbed0926052.csv","informacaoPlanejamento_d38b6803-26ce-48e2-ae80-645ac347774b.csv","empenhos_a42f1b14-accc-4d65-8a91-e332f3f81021.csv"," ","Outras Transferências de Recursos do FNDE"
"FUNDO MUNICIPAL DE SAUDE DE CRICIUMA",2026,"CRICIÚMA MAIS SAÚDE","Manutenção do Fundo Municipal de Saúde","Garantir a implementação articulada e contínua das ações de promoção, prevenção e atenção curativa no âmbito do sistema municipal de saúde, com ênfase na Atenção Primária por meio da Estratégia Saúde da Família, e no fortalecimento da rede de saúde, assegurando a integralidade, qualidade e eficiência dos serviços para o atendimento integral da população.","FUNDO MUNICIPAL DE SAÚDE","Fundo Mun. de Saúde",Saúde,"Atenção Básica",1045,"Manutenção do Fundo Municipal de Saúde","APLICAÇÃO DIRETA DECORRENTE DE OPERAÇÃO DE ÓRGÃOS, FUNDOS E ENTIDADES INTEGRANTES DOS ORÇAMENTOS FISCAL E DA SEGURIDADE SOCIAL COM CONSÓRCIO PÚBLICO D",6,33930000000000,"APLICAÇÃO DIRETA DECORRENTE DE OPERAÇÃO DE ÓRGÃOS, FUNDOS E ENTIDADES INTEGRANTES DOS ORÇAMENTOS FISCAL E DA SEGURIDADE SOCIAL COM CONSÓRCIO PÚBLICO D","FUNDO MUNICIPAL DE SAUDE DE CRICIUMA","DESPESAS CORRENTES",100000,0,100000,9373.26,9373.26,0,0,9373.26,0,0,0,9373.26,0,9.37,9.37,0.0,0.0,0.0,0.0,"fontesRecursos_985180bb-b867-49c3-98a1-acb69e831813.csv","informacaoPlanejamento_cba33b42-4e2f-4ce8-9230-a17e439ce6e4.csv","empenhos_33961428-25bf-4b4c-9e2a-26ff8b7ff5ed.csv"," ","Recursos não Vinculados de Impostos - Saúde"
"PREFEITURA MUNICIPAL DE CRICIUMA",2026,"MAIS GESTÃO CRICIÚMA","Manut. da Diretoria de Transito e Transporte","Planejar e modernizar a administração municipal com dados gerenciais, reduzindo custos.","GABINETE DO PREFEITO","Diretoria de Transito e Transporte",Transporte,"Transporte Rodoviário",1013,"Manut. da Diretoria de Transito e Transporte","TRANSFERÊNCIAS A ESTADOS E AO DISTRITO FEDERAL",29,33300000000000,"TRANSFERÊNCIAS A ESTADOS E AO DISTRITO FEDERAL","PREFEITURA MUNICIPAL DE CRICIUMA","DESPESAS CORRENTES",50000,-50000,0,0,0,0,0,0,0,0,0,0,0,0.0,0.0,0.0,0.0,0.0,0.0,"fontesRecursos_4f5a2bb7-e003-4c13-abdc-e4fceecb0dc4.csv","informacaoPlanejamento_14027e2c-b425-492b-b8a6-5c0ca73c9f13.csv"," ","suplementacoes_0726a50a-61df-4bd5-86fc-4ffbb2889d73.csv","Recursos Vinculados ao Trânsito  Prefeitura"
"FUNDO MUNICIPAL DE SAUDE DE CRICIUMA",2026,"CRICIÚMA MAIS REDE DE URGÊNCIA E EMERGÊNCIA - RUE","Unidades de Pronto Atendimento","Com intuito de atender rapidamente às demandas de saúde com riscos à vida da população, e Garantir a organização eficiente da Rede de Urgência e Emergência, com profissionais capacitados, equipamentos adequados e processos integrados.","FUNDO MUNICIPAL DE SAÚDE","Fundo Mun. de Saúde",Saúde,"Atenção Básica",1048,"Unidades de Pronto Atendimento","TRANSFERÊNCIAS A INSTITUIÇÕES PRIVADAS SEM FINS LUCRATIVOS",104,44500000000000,"TRANSFERÊNCIAS A INSTITUIÇÕES PRIVADAS SEM FINS LUCRATIVOS","FUNDO MUNICIPAL DE SAUDE DE CRICIUMA","DESPESAS DE CAPITAL",0,100000,100000,62722.0,62722.0,62722.0,62722.0,0.0,62722.0,0,62722.0,0.0,0.0,0.0,62.72,0.0,62.72,0.0,159.43,"fontesRecursos_dc28722f-ba75-4639-bb01-e2f4dbec4d26.csv","informacaoPlanejamento_181afbf2-ff54-4dfc-b375-1b28fcfcbbd0.csv","empenhos_ba4b590b-9eb7-4437-89c0-36bb4395fd92.csv","suplementacoes_32e47818-7c00-4de3-a50b-7fcc5eaf4be1.csv","Recursos não Vinculados de Impostos - Saúde"
"FUNDO MUNICIPAL DE SAUDE DE CRICIUMA",2026,"CRICIÚMA MAIS ATENDIMENTO ESPECIALIZADO","Atendimento Especializado em Saúde Pública Municipal","Ampliar a oferta e qualificação dos serviços especializados, melhorando o acesso e a integração com a atenção básica para assegurar a continuidade do cuidado à população.","FUNDO MUNICIPAL DE SAÚDE","Fundo Mun. de Saúde",Saúde,"Atenção Básica",1236,"Atendimento Especializado em Saúde Pública Municipal","APLICAÇÕES DIRETAS",68,44900000000000,"APLICAÇÕES DIRETAS","FUNDO MUNICIPAL DE SAUDE DE CRICIUMA","DESPESAS DE CAPITAL",50000,340000,390000,54600.0,54600.0,0,0,54600.0,0,0,0,54600.0,0,109.2,14.0,0.0,0.0,0.0,0.0,"fontesRecursos_a58573e7-80c7-4938-8a67-6250b8b51918.csv","informacaoPlanejamento_08795aae-56f6-4ace-b087-0277795a4917.csv","empenhos_9709dec7-a3fe-442c-93c3-5c44f440f7ff.csv","suplementacoes_c6673daa-fbd9-45bb-ac7c-7376a69c1c48.csv","Recursos não Vinculados de Impostos - Saúde"
"PREFEITURA MUNICIPAL DE CRICIUMA",2026,"PROTEÇÃO INTEGRADA","Manut. do Convênio Policia Militar","Integrar a atuação municipal às forças estaduais de segurança - Polícia Militar, Polícia Civil e Corpo de Bombeiros - por meio da manutenção e ampliação de convênios, intensificando o policiamento ostensivo, mantendo a segurança, qualificando a investigação, reduzindo índices de criminalidade e o tempo médio de resposta a incêndios e outras emergências. Em paralelo, coordenar em com a União os serviços relacionados ao alistamento militar obrigatório; universalizando o  alistamento, sanando pendências, modernizando processos e difundindo o civismo entre a juventude.","SEC. MUN. DA FAZENDA","Convênio Polícia Militar","Segurança Pública",Policiamento,1027,"Manut. do Convênio Policia Militar","TRANSFERÊNCIAS A ESTADOS E AO DISTRITO FEDERAL",93,44300000000000,"TRANSFERÊNCIAS A ESTADOS E AO DISTRITO FEDERAL","PREFEITURA MUNICIPAL DE CRICIUMA","DESPESAS DE CAPITAL",500000,500505.78,1000505.78,999293.33,999293.33,999293.33,999293.33,0.0,999293.33,0,999293.33,0.0,0.0,199.86,99.88,199.86,99.88,199.86,100.12,"fontesRecursos_9a60325a-fe6c-4655-aaec-6795b80fd0ed.csv","informacaoPlanejamento_f48edd69-bde7-4a8e-b9cf-742a7f0e45ff.csv","empenhos_3131f6ec-726b-420e-809d-76d280e292de.csv","suplementacoes_1b266c14-06cb-4762-aea0-6ec0f864156f.csv","Recursos não Vinculados de Impostos"
"PREFEITURA MUNICIPAL DE CRICIUMA",2026,"MAIS GESTÃO CRICIÚMA","Manut. Fdo. Gerência de Agricultura e Agronegócio / Diretoria de Agricultura","Planejar e modernizar a administração municipal com dados gerenciais, reduzindo custos.","SEC. DES. ECONÔMICO, INDÚSTRIA, COMÉRCIO E SERVIÇO","Diretoria de Agricultura",Agricultura,"Extensão Rural",1026,"Manut. Fdo. Gerência de Agricultura e Agronegócio / Diretoria de Agricultura","APLICAÇÕES DIRETAS",240,44900000000000,"APLICAÇÕES DIRETAS","PREFEITURA MUNICIPAL DE CRICIUMA","DESPESAS DE CAPITAL",2000000,0,2000000,84200.01,84200.01,0,0,84200.01,0,0,0,84200.01,0,4.21,4.21,0.0,0.0,0.0,0.0,"fontesRecursos_dc80f654-ef0b-465c-8e2d-f621bd618ab4.csv","informacaoPlanejamento_fe82708f-2513-4db8-a3c7-7589b69c472a.csv","empenhos_8db6dce0-bfe2-4f9c-8a52-78d922b433ba.csv"," ","Recursos não Vinculados de Impostos"
"PREFEITURA MUNICIPAL DE CRICIUMA",2026,"MAIS GESTÃO CRICIÚMA","Manut. da Ouvidoria","Planejar e modernizar a administração municipal com dados gerenciais, reduzindo custos.","SECRETARIA DE GOVERNANÇA",Ouvidoria,Administração,"Administração Geral",1006,"Manut. da Ouvidoria","APLICAÇÕES DIRETAS",219,33900000000000,"APLICAÇÕES DIRETAS","PREFEITURA MUNICIPAL DE CRICIUMA","DESPESAS CORRENTES",50000,0,50000,592.0,592.0,592.0,592.0,0.0,592.0,0,592.0,0.0,0.0,1.18,1.18,1.18,1.18,1.18,8445.95,"fontesRecursos_f057e157-21c8-48f5-8e7f-f92e9b00261f.csv","informacaoPlanejamento_4d0e03cc-63f6-4b12-a411-7ff5b09dfb32.csv","empenhos_cf8c475a-1574-4d8a-a60f-0506cd185ea4.csv"," ","Recursos não Vinculados de Impostos"
"PREFEITURA MUNICIPAL DE CRICIUMA",2026,"PROTEÇÃO INTEGRADA","Construção do Novo Quartel do 4 Batalhão de Bombeiros Militar","Integrar a atuação municipal às forças estaduais de segurança - Polícia Militar, Polícia Civil e Corpo de Bombeiros - por meio da manutenção e ampliação de convênios, intensificando o policiamento ostensivo, mantendo a segurança, qualificando a investigação, reduzindo índices de criminalidade e o tempo médio de resposta a incêndios e outras emergências. Em paralelo, coordenar em com a União os serviços relacionados ao alistamento militar obrigatório; universalizando o  alistamento, sanando pendências, modernizando processos e difundindo o civismo entre a juventude.","SEC. MUN. DA FAZENDA","Convênio Corpo de Bombeiros","Segurança Pública","Defesa Civil",1228,"Construção do Novo Quartel do 4 Batalhão de Bombeiros Militar","APLICAÇÕES DIRETAS",101,44900000000000,"APLICAÇÕES DIRETAS","PREFEITURA MUNICIPAL DE CRICIUMA","DESPESAS DE CAPITAL",2200000,2168204.0,4368204.0,4368204.0,4368204.0,4226358.51,4226358.51,141845.49,3384203.12,0,3384203.12,984000.88,842155.39,198.55,100.0,192.11,96.75,153.83,129.08,"fontesRecursos_60f9a8a7-e51a-4d4d-b15e-74fc0ddb8309.csv","informacaoPlanejamento_08aa3b7a-2e25-43e3-97cf-42793a150093.csv","empenhos_6075b6b8-3bd1-4ee8-a608-d9adb64257fc.csv","suplementacoes_a9ac574e-7215-4f45-a75b-3a1cd419e80d.csv","Outras Transferências de Convênios ou Instrumentos Congêneres dos Estados"
"PREFEITURA MUNICIPAL DE CRICIUMA",2026,"CRICIÚMA MAIS DESENVOLVIMENTO","Aquisição de área p/ Parque Industrial","Elaborar projetos arquitetônicos, urbanísticos e geométricos (rodoviários) de espaços públicos; Revisar e regulamentar constantemente a legislação urbanística do Plano Diretor; Executar obras de edificações e espaços públicos de interesse da coletividade. Garantir o desenvolvimento econômico do município por meio de execução de obras significativas ao crescimento urbano.Tornar à cidade mais humanizada, bonita e agradável de se viver, sempre em conformidade com o Plano Diretor do Município.","SECRETARIA DE INFRAESTRUTURA E OBRAS","Diretoria de Operações de Obras",Indústria,"Promoção Industrial",1276,"Aquisição de área p/ Parque Industrial","APLICAÇÕES DIRETAS",168,44900000000000,"APLICAÇÕES DIRETAS","PREFEITURA MUNICIPAL DE CRICIUMA","DESPESAS DE CAPITAL",1000000,0,1000000,13169.0,13169.0,13169.0,13169.0,0.0,13169.0,0,13169.0,0.0,0.0,1.32,1.32,1.32,1.32,1.32,7593.59,"fontesRecursos_50727f73-1bfe-4ab9-be81-0e363e55c069.csv","informacaoPlanejamento_b88d80c2-bef3-43e2-9fcd-14ee2095c363.csv","empenhos_6e7b1a24-d593-4c40-bc56-e725a703cbe6.csv"," "," "
"FUNDO MUNICIPAL DE SAUDE DE CRICIUMA",2026,"CRICIÚMA MAIS AÇÕES DE VIGILÂNCIA EM SAÚDE","Vigilância Ambiental - CCZ","Controle e prevenção de doenças e agravos à saúde da população, ampliando a capacidade técnica da Vigilância em Saúde, assegurando a efetividade das ações de monitoramento.","FUNDO MUNICIPAL DE SAÚDE","Fundo Mun. de Saúde",Saúde,"Vigilância Epidemiológica",1207,"Vigilância Ambiental - CCZ","APLICAÇÕES DIRETAS",97,44900000000000,"APLICAÇÕES DIRETAS","FUNDO MUNICIPAL DE SAUDE DE CRICIUMA","DESPESAS DE CAPITAL",10000,-600,9400,6950.0,6950.0,6950.0,6950.0,0.0,6950.0,0,6950.0,0.0,0.0,69.5,73.94,69.5,73.94,69.5,135.25,"fontesRecursos_7f17ff8c-2323-4e23-bd59-3cc9fd43881c.csv","informacaoPlanejamento_8d5bafc3-12d4-4a4b-abf2-1a7d0fb23504.csv","empenhos_58fe33bd-956a-420a-a1c1-890c3099d0a1.csv","suplementacoes_ce994b24-6232-4bb4-a2d9-3cc2232ddd8c.csv"," "
"FUNDO MUNICIPAL DE SAUDE DE CRICIUMA",2026,"CRICIÚMA MAIS REDE DE URGÊNCIA E EMERGÊNCIA - RUE","Manut. do Serv. de Atend. de Urgência e Emergência - SAMU","Com intuito de atender rapidamente às demandas de saúde com riscos à vida da população, e Garantir a organização eficiente da Rede de Urgência e Emergência, com profissionais capacitados, equipamentos adequados e processos integrados.","FUNDO MUNICIPAL DE SAÚDE","Fundo Mun. de Saúde",Saúde,"Atenção Básica",1054,"Manut. do Serv. de Atend. de Urgência e Emergência - SAMU","APLICAÇÕES DIRETAS",80,44900000000000,"APLICAÇÕES DIRETAS","FUNDO MUNICIPAL DE SAUDE DE CRICIUMA","DESPESAS DE CAPITAL",100000,-40000,60000,1900.0,1900.0,1900.0,1900.0,0.0,1900.0,0,1900.0,0.0,0.0,1.9,3.17,1.9,3.17,1.9,3157.89,"fontesRecursos_a3b123b5-5e25-493e-ac9e-dd0380ba2cac.csv","informacaoPlanejamento_41f736d4-141e-4161-8828-53ca0df87003.csv","empenhos_d8d136f1-7677-43b2-b946-097c5d0ce512.csv","suplementacoes_11f2d1cc-1594-4f7c-9fe2-e9f14b166335.csv"," "
"FUNDO MUN. SANEAMENTO BASICO DE CRICIUMA - FUNSAB",2026,"CRICIÚMA COLETA MAIS SEGURA","Coleta, transporte e destinação de resíduos sólidos","Manter coleta, transporte e destino final de resíduos, além de criar condições técnicas, financeiras e legais para que o município complemente a Taxa de Coleta e Destinação de Resíduos Sólidos (TCDRS) por meio de recursos provenientes do Contrato de Programa com a CASAN, permitindo a cobertura integral dos serviços de coleta, transporte e destinação final dos resíduos sólidos urbanos, em observância à Lei do Saneamento Básico e às metas do PPA municipal.","FUNDO MUN. DE SANEAMENTO BASICO-FUNSAB","Administração e Controle",Saneamento,"Saneamento Básico Urbano",1098,"Coleta, transporte e destinação de resíduos sólidos","APLICAÇÕES DIRETAS",1,33900000000000,"APLICAÇÕES DIRETAS","FUNDO MUN. SANEAMENTO BASICO DE CRICIUMA - FUNSAB","DESPESAS CORRENTES",7500000,0,7500000,200754.96,200754.96,190458.48,190458.48,10296.48,190458.48,0,190458.48,10296.48,0.0,2.68,2.68,2.54,2.54,2.54,3937.87,"fontesRecursos_bdff4776-9dae-4013-86b8-a877dedec408.csv","informacaoPlanejamento_16d87fb5-c18f-4901-96c4-5460b4665c3b.csv","empenhos_1f22f408-1ade-4411-a475-db29ee88cc09.csv"," ","Recursos não Vinculados de Impostos"
"PREFEITURA MUNICIPAL DE CRICIUMA",2026,"GESTÃO DO SISTEMA DE ENSINO","Gabinete da Secretaria de Educação","Garantir uma gestão educacional eficiente, transparente e orientada por resultados, com foco na equidade, no uso responsável dos recursos públicos e no fortalecimento do sistema municipal de ensino.","SEC. MUN. DE EDUCAÇÃO","Gab. Secretaria de Educação",Educação,"Ensino Fundamental",1030,"Gabinete da Secretaria de Educação","APLICAÇÕES DIRETAS",104,33900000000000,"APLICAÇÕES DIRETAS","PREFEITURA MUNICIPAL DE CRICIUMA","DESPESAS CORRENTES",90000,0,90000,113238.07,73186.0,3186.0,3186.0,70000.0,3186.0,0,3186.0,70000.0,0.0,125.82,125.82,3.54,3.54,3.54,2824.86,"fontesRecursos_f8cb5c9e-5a0e-4ffc-a15c-7ba4fff3b233.csv","informacaoPlanejamento_1f876d81-c3de-4fc7-8713-036e8e689b77.csv","empenhos_7dd23d7e-4a80-42dc-9675-3ca372e27c02.csv"," ","Recursos não Vinculados de Impostos - Educação"
"PREFEITURA MUNICIPAL DE CRICIUMA",2026,"EDUCAÇÃO DE JOVENS E ADULTOS  INCLUSÃO, QUALIDADE E ACESSO AO MUNDO DO TRABALHO","Alfabetização de Jovens, Adultos e Idosos","Ampliar o acesso, a permanência e a qualificação da Educação de Jovens e Adultos, por meio de uma oferta inclusiva, integrada à formação profissional e adaptada às diversidades sociais e culturais, promovendo elevação da escolaridade e inserção no mundo do trabalho.","SEC. MUN. DE EDUCAÇÃO","Alfabetização de Jovens e Adultos",Educação,"Ensino Fundamental",1040,"Alfabetização de Jovens, Adultos e Idosos","APLICAÇÕES DIRETAS",112,44900000000000,"APLICAÇÕES DIRETAS","PREFEITURA MUNICIPAL DE CRICIUMA","DESPESAS DE CAPITAL",105000,0,105000,0,0,0,0,0,0,0,0,0,0,0.0,0.0,0.0,0.0,0.0,0.0,"fontesRecursos_b03a1b79-cd57-4321-afc6-c39029c505ee.csv","informacaoPlanejamento_3ff2e740-195c-4384-ac14-9302085b5c47.csv"," "," "," "
"PREFEITURA MUNICIPAL DE CRICIUMA",2026,"GESTÃO DO SISTEMA DE ENSINO","Gabinete da Secretaria de Educação","Garantir uma gestão educacional eficiente, transparente e orientada por resultados, com foco na equidade, no uso responsável dos recursos públicos e no fortalecimento do sistema municipal de ensino.","SEC. MUN. DE EDUCAÇÃO","Gab. Secretaria de Educação",Educação,"Ensino Fundamental",1030,"Gabinete da Secretaria de Educação","APLICAÇÃO DIRETA DECORRENTE DE OPERAÇÃO ENTRE ÓRGÃOS, FUNDOS E ENTIDADES INTEGRANTES DOS ORÇAMENTOS FISCAL E DA SEGURIDADE SOCIAL",103,31910000000000,"APLICAÇÃO DIRETA DECORRENTE DE OPERAÇÃO ENTRE ÓRGÃOS, FUNDOS E ENTIDADES INTEGRANTES DOS ORÇAMENTOS FISCAL E DA SEGURIDADE SOCIAL","PREFEITURA MUNICIPAL DE CRICIUMA","DESPESAS CORRENTES",200000,0,200000,0,0,0,0,0,0,0,0,0,0,0.0,0.0,0.0,0.0,0.0,0.0,"fontesRecursos_38c9bf5a-0d17-4bcf-b01c-4bf45586f15d.csv","informacaoPlanejamento_5487c8de-1be9-4537-a59e-c51ffa43a01b.csv"," "," "," "
"PREFEITURA MUNICIPAL DE CRICIUMA",2026,"EDUCAÇÃO DE JOVENS E ADULTOS  INCLUSÃO, QUALIDADE E ACESSO AO MUNDO DO TRABALHO","Alfabetização de Jovens, Adultos e Idosos","Ampliar o acesso, a permanência e a qualificação da Educação de Jovens e Adultos, por meio de uma oferta inclusiva, integrada à formação profissional e adaptada às diversidades sociais e culturais, promovendo elevação da escolaridade e inserção no mundo do trabalho.","SEC. MUN. DE EDUCAÇÃO","Alfabetização de Jovens e Adultos",Educação,"Ensino Fundamental",1040,"Alfabetização de Jovens, Adultos e Idosos","APLICAÇÕES DIRETAS",111,33900000000000,"APLICAÇÕES DIRETAS","PREFEITURA MUNICIPAL DE CRICIUMA","DESPESAS CORRENTES",180000,0,180000,0,0,0,0,0,0,0,0,0,0,0.0,0.0,0.0,0.0,0.0,0.0,"fontesRecursos_ef7e5628-0145-43ec-8ca0-a9739f4ce86f.csv","informacaoPlanejamento_997acf52-e341-4e51-bca7-c530a1cecb4d.csv"," "," "," "
"PREFEITURA MUNICIPAL DE CRICIUMA",2026,"GESTÃO DA QUALIDADE NA EDUCAÇÃO INFANTIL","Creches e Pré-Escolares - Educação Infantil","Assegurar o desenvolvimento integral das crianças na Educação Infantil, por meio da qualificação pedagógica, da ampliação da infraestrutura e da gestão equitativa da oferta de vagas, garantindo acesso, qualidade e equidade no atendimento.","SEC. MUN. DE EDUCAÇÃO","Creches e Pré-Escolares",Educação,"Educação Infantil",1031,"Creches e Pré-Escolares - Educação Infantil","APLICAÇÃO DIRETA DECORRENTE DE OPERAÇÃO ENTRE ÓRGÃOS, FUNDOS E ENTIDADES INTEGRANTES DOS ORÇAMENTOS FISCAL E DA SEGURIDADE SOCIAL",107,31910000000000,"APLICAÇÃO DIRETA DECORRENTE DE OPERAÇÃO ENTRE ÓRGÃOS, FUNDOS E ENTIDADES INTEGRANTES DOS ORÇAMENTOS FISCAL E DA SEGURIDADE SOCIAL","PREFEITURA MUNICIPAL DE CRICIUMA","DESPESAS CORRENTES",162000,0,162000,0,0,0,0,0,0,0,0,0,0,0.0,0.0,0.0,0.0,0.0,0.0,"fontesRecursos_b04ed478-f2bd-42e1-92aa-cd7367e35c0a.csv","informacaoPlanejamento_744e7729-b32e-4a0f-a8de-4a70a7298c35.csv"," "," "," "
"PREFEITURA MUNICIPAL DE CRICIUMA",2026,"GESTÃO EFICIENTE COM FOCO NA APRENDIZAGEM","Unidades Escolares - Ensino Fundamental","Garantir o acesso, a permanência e a aprendizagem de qualidade no Ensino Fundamental, com foco na alfabetização na idade certa, na recomposição das aprendizagens e na elevação dos indicadores de desempenho educacional do município.","SEC. MUN. DE EDUCAÇÃO","Unidades Escolares",Educação,"Ensino Fundamental",1032,"Unidades Escolares - Ensino Fundamental","APLICAÇÕES DIRETAS",113,31900000000000,"APLICAÇÕES DIRETAS","PREFEITURA MUNICIPAL DE CRICIUMA","DESPESAS CORRENTES",100000,0,100000,0,0,0,0,0,0,0,0,0,0,0.0,0.0,0.0,0.0,0.0,0.0,"fontesRecursos_0842b2c9-faf8-48d1-ab29-2fff8fb184e6.csv","informacaoPlanejamento_1473d21d-20f6-4c72-a283-c638c5128dd2.csv"," "," "," "
"PREFEITURA MUNICIPAL DE CRICIUMA",2026,"GESTÃO DO SISTEMA DE ENSINO","Gabinete da Secretaria de Educação","Garantir uma gestão educacional eficiente, transparente e orientada por resultados, com foco na equidade, no uso responsável dos recursos públicos e no fortalecimento do sistema municipal de ensino.","SEC. MUN. DE EDUCAÇÃO","Gab. Secretaria de Educação",Educação,"Ensino Fundamental",1030,"Gabinete da Secretaria de Educação","APLICAÇÕES DIRETAS",102,31900000000000,"APLICAÇÕES DIRETAS","PREFEITURA MUNICIPAL DE CRICIUMA","DESPESAS CORRENTES",910000,0,910000,0,0,0,0,0,0,0,0,0,0,0.0,0.0,0.0,0.0,0.0,0.0,"fontesRecursos_6a14b288-3961-4f82-a7ee-5e642234f424.csv","informacaoPlanejamento_a1cb7656-dfd8-4aac-a9e8-a722c52d8046.csv"," "," "," "
"PREFEITURA MUNICIPAL DE CRICIUMA",2026,"GESTÃO DO SISTEMA DE ENSINO","Gabinete da Secretaria de Educação","Garantir uma gestão educacional eficiente, transparente e orientada por resultados, com foco na equidade, no uso responsável dos recursos públicos e no fortalecimento do sistema municipal de ensino.","SEC. MUN. DE EDUCAÇÃO","Gab. Secretaria de Educação",Educação,"Ensino Fundamental",1030,"Gabinete da Secretaria de Educação","APLICAÇÕES DIRETAS",105,44900000000000,"APLICAÇÕES DIRETAS","PREFEITURA MUNICIPAL DE CRICIUMA","DESPESAS DE CAPITAL",40000,0,40000,0,0,0,0,0,0,0,0,0,0,0.0,0.0,0.0,0.0,0.0,0.0,"fontesRecursos_4c151a1d-acb5-458f-a5ea-bd5ac6b14f84.csv","informacaoPlanejamento_9ebff7a8-6a25-4c1b-a478-6e810bc85ad2.csv"," "," "," "
"PREFEITURA MUNICIPAL DE CRICIUMA",2026,"TRANSPORTE ESCOLAR SEGURO","Transporte Escolar","Assegurar transporte escolar seguro, gratuito e acessível para os estudantes da rede municipal de ensino, garantindo o direito à educação, a frequência regular às aulas e a participação em atividades pedagógicas externas.","SEC. MUN. DE EDUCAÇÃO","Transporte Escolar da Educação Básica",Educação,"Ensino Fundamental",1035,"Transporte Escolar","APLICAÇÕES DIRETAS",128,44900000000000,"APLICAÇÕES DIRETAS","PREFEITURA MUNICIPAL DE CRICIUMA","DESPESAS DE CAPITAL",300000,0,300000,0,0,0,0,0,0,0,0,0,0,0.0,0.0,0.0,0.0,0.0,0.0,"fontesRecursos_cec468ea-d61d-4c32-9799-2f3efb080100.csv","informacaoPlanejamento_19e161dd-2602-47bb-bc77-4fc4165f804e.csv"," "," "," "
"PREFEITURA MUNICIPAL DE CRICIUMA",2026,"GESTÃO DA QUALIDADE NA EDUCAÇÃO INFANTIL","Convênios com Entidades Educacionais","Assegurar o desenvolvimento integral das crianças na Educação Infantil, por meio da qualificação pedagógica, da ampliação da infraestrutura e da gestão equitativa da oferta de vagas, garantindo acesso, qualidade e equidade no atendimento.","SEC. MUN. DE EDUCAÇÃO","Unidades Escolares",Educação,"Educação Infantil",1039,"Convênios com Entidades Educacionais","APLICAÇÕES DIRETAS",119,31900000000000,"APLICAÇÕES DIRETAS","PREFEITURA MUNICIPAL DE CRICIUMA","DESPESAS CORRENTES",100000,0,100000,0,0,0,0,0,0,0,0,0,0,0.0,0.0,0.0,0.0,0.0,0.0,"fontesRecursos_6d357c05-8edf-4207-823b-05e9f02c3baa.csv","informacaoPlanejamento_308fdeef-8184-42c2-98e3-95843499a71c.csv"," "," "," "
"PREFEITURA MUNICIPAL DE CRICIUMA",2026,"GESTÃO EFICIENTE COM FOCO NA APRENDIZAGEM","Unidades Escolares - Ensino Fundamental","Garantir o acesso, a permanência e a aprendizagem de qualidade no Ensino Fundamental, com foco na alfabetização na idade certa, na recomposição das aprendizagens e na elevação dos indicadores de desempenho educacional do município.","SEC. MUN. DE EDUCAÇÃO","Unidades Escolares",Educação,"Ensino Fundamental",1032,"Unidades Escolares - Ensino Fundamental","APLICAÇÃO DIRETA DECORRENTE DE OPERAÇÃO ENTRE ÓRGÃOS, FUNDOS E ENTIDADES INTEGRANTES DOS ORÇAMENTOS FISCAL E DA SEGURIDADE SOCIAL",114,31910000000000,"APLICAÇÃO DIRETA DECORRENTE DE OPERAÇÃO ENTRE ÓRGÃOS, FUNDOS E ENTIDADES INTEGRANTES DOS ORÇAMENTOS FISCAL E DA SEGURIDADE SOCIAL","PREFEITURA MUNICIPAL DE CRICIUMA","DESPESAS CORRENTES",100000,0,100000,0,0,0,0,0,0,0,0,0,0,0.0,0.0,0.0,0.0,0.0,0.0,"fontesRecursos_754dcc64-ed9d-4bfb-a0a8-35732427f3da.csv","informacaoPlanejamento_705fac16-5ecc-425d-ad64-e15206de77a4.csv"," "," "," "
"PREFEITURA MUNICIPAL DE CRICIUMA",2026,"GESTÃO DA QUALIDADE NA EDUCAÇÃO INFANTIL","Convênios com Entidades Educacionais","Assegurar o desenvolvimento integral das crianças na Educação Infantil, por meio da qualificação pedagógica, da ampliação da infraestrutura e da gestão equitativa da oferta de vagas, garantindo acesso, qualidade e equidade no atendimento.","SEC. MUN. DE EDUCAÇÃO","Unidades Escolares",Educação,"Educação Infantil",1039,"Convênios com Entidades Educacionais","APLICAÇÕES DIRETAS",121,33900000000000,"APLICAÇÕES DIRETAS","PREFEITURA MUNICIPAL DE CRICIUMA","DESPESAS CORRENTES",75100000,-6.047657756E7,1.462342244E7,0,0,0,0,0,0,0,0,0,0,0.0,0.0,0.0,0.0,0.0,0.0,"fontesRecursos_bd335291-d79b-422f-816d-f4fcacd0c65e.csv","informacaoPlanejamento_d9c36f54-d7c5-4957-8dfc-c25be19fba59.csv"," ","suplementacoes_26fb581c-3cad-4fa3-801e-01184a4f035f.csv"," "
"PREFEITURA MUNICIPAL DE CRICIUMA",2026,"ALIMENTAÇÃO ESCOLAR E LOGÍSTICA DE MATERIAIS","Administrativo da Alimentação Escolar","Assegurar uma alimentação escolar de qualidade, por meio de práticas nutricionais adequadas, gestão logística eficiente e monitoramento contínuo, promovendo o desenvolvimento integral dos estudantes e sua permanência na escola.","SEC. MUN. DE EDUCAÇÃO","Alimentação a Educação Básica",Educação,"Ensino Fundamental",1038,"Administrativo da Alimentação Escolar","APLICAÇÕES DIRETAS",130,31900000000000,"APLICAÇÕES DIRETAS","PREFEITURA MUNICIPAL DE CRICIUMA","DESPESAS CORRENTES",4000000,50000,4050000,0,0,0,0,0,0,0,0,0,0,0.0,0.0,0.0,0.0,0.0,0.0,"fontesRecursos_768c7189-0baa-4f90-b572-c5b16441bb5f.csv","informacaoPlanejamento_7e2d8e1f-3680-483a-8dda-6177a3092a4d.csv"," ","suplementacoes_ae84038f-8670-420e-8344-554b465feb1d.csv"," "
"PREFEITURA MUNICIPAL DE CRICIUMA",2026,"ALIMENTAÇÃO ESCOLAR E LOGÍSTICA DE MATERIAIS","Administrativo da Alimentação Escolar","Assegurar uma alimentação escolar de qualidade, por meio de práticas nutricionais adequadas, gestão logística eficiente e monitoramento contínuo, promovendo o desenvolvimento integral dos estudantes e sua permanência na escola.","SEC. MUN. DE EDUCAÇÃO","Alimentação a Educação Básica",Educação,"Ensino Fundamental",1038,"Administrativo da Alimentação Escolar","APLICAÇÕES DIRETAS",132,44900000000000,"APLICAÇÕES DIRETAS","PREFEITURA MUNICIPAL DE CRICIUMA","DESPESAS DE CAPITAL",250000,0,250000,0,0,0,0,0,0,0,0,0,0,0.0,0.0,0.0,0.0,0.0,0.0,"fontesRecursos_3e5b113c-e8b7-4af5-b99a-b4f4410fe2f7.csv","informacaoPlanejamento_f173dd8b-4bf8-412c-bad7-dbddb17821a6.csv"," "," "," "
"PREFEITURA MUNICIPAL DE CRICIUMA",2026,"PROMOÇÃO DA CULTURA, DIVERSIDADE E EQUIDADE","Valorização da Diversidade Étnico-Racial na Educação Básica","Fortalecer a educação para a diversidade étnico-racial, por meio da implementação sistemática das Leis n 10.639/03 e 11.645/08, da valorização das culturas afro-brasileira, indígena e demais etnias, e da promoção de práticas pedagógicas inclusivas, antirracistas e equitativas.","SEC. MUN. DE EDUCAÇÃO","Valorização da Diversidade Étnico-Racial na Educaç",Educação,"Ensino Fundamental",1044,"Valorização da Diversidade Étnico-Racial na Educação Básica","APLICAÇÕES DIRETAS",150,33900000000000,"APLICAÇÕES DIRETAS","PREFEITURA MUNICIPAL DE CRICIUMA","DESPESAS CORRENTES",50000,0,50000,0,0,0,0,0,0,0,0,0,0,0.0,0.0,0.0,0.0,0.0,0.0,"fontesRecursos_b02f81e9-9d7c-49a8-b6f4-f3031b7c10b3.csv","informacaoPlanejamento_566d1fc0-2c46-4970-849e-16427258c2cf.csv"," "," "," "
"PREFEITURA MUNICIPAL DE CRICIUMA",2026,"FORMAÇÃO E VALORIZAÇÃO DOS PROFISSIONAIS DA EDUCAÇÃO","Profissionais da Educação Básica","Fortalecer a formação continuada e a valorização dos profissionais da educação, promovendo práticas pedagógicas inovadoras, inclusivas e alinhadas às diretrizes educacionais, com foco na melhoria da aprendizagem.","SEC. MUN. DE EDUCAÇÃO","Formação de Profissionais da Educação Básica",Educação,"Ensino Fundamental",1042,"Profissionais da Educação Básica","APLICAÇÕES DIRETAS",138,44900000000000,"APLICAÇÕES DIRETAS","PREFEITURA MUNICIPAL DE CRICIUMA","DESPESAS DE CAPITAL",50000,0,50000,0,0,0,0,0,0,0,0,0,0,0.0,0.0,0.0,0.0,0.0,0.0,"fontesRecursos_9260bf68-2b2a-4afe-9bf9-4b930aaf4e7d.csv","informacaoPlanejamento_5edd9497-f236-47da-9585-be7064674663.csv"," "," "," "
"PREFEITURA MUNICIPAL DE CRICIUMA",2026,"EDUCAÇÃO PARA A INCLUSÃO E DIVERSIDADE","Centro Educ.Especial.Multidisc.de Atendimento ao Autista","Garantir uma educação inclusiva e de qualidade para todos os estudantes com necessidades específicas, por meio da ampliação do suporte pedagógico, psicológico e terapêutico, da valorização de profissionais especializados e da estruturação de espaços e recursos acessíveis.","SEC. MUN. DE EDUCAÇÃO","Educação para a Inclusão",Educação,"Ensino Fundamental",1240,"Centro Educ.Especial.Multidisc.de Atendimento ao Autista","APLICAÇÕES DIRETAS",142,31900000000000,"APLICAÇÕES DIRETAS","PREFEITURA MUNICIPAL DE CRICIUMA","DESPESAS CORRENTES",15005000,0,15005000,0,0,0,0,0,0,0,0,0,0,0.0,0.0,0.0,0.0,0.0,0.0,"fontesRecursos_a3b8f9d5-0ef6-4166-9b71-c822fb02679a.csv","informacaoPlanejamento_d40d6fcc-9116-440d-89d2-dada220b84e2.csv"," "," "," "
"PREFEITURA MUNICIPAL DE CRICIUMA",2026,"EDUCAÇÃO PARA A INCLUSÃO E DIVERSIDADE","Educação Inclusiva","Garantir uma educação inclusiva e de qualidade para todos os estudantes com necessidades específicas, por meio da ampliação do suporte pedagógico, psicológico e terapêutico, da valorização de profissionais especializados e da estruturação de espaços e recursos acessíveis.","SEC. MUN. DE EDUCAÇÃO","Educação para a Inclusão",Educação,"Ensino Fundamental",1041,"Educação Inclusiva","APLICAÇÕES DIRETAS",141,44900000000000,"APLICAÇÕES DIRETAS","PREFEITURA MUNICIPAL DE CRICIUMA","DESPESAS DE CAPITAL",100000,0,100000,0,0,0,0,0,0,0,0,0,0,0.0,0.0,0.0,0.0,0.0,0.0,"fontesRecursos_93d7d7cc-1dba-4122-90a2-829416a04019.csv","informacaoPlanejamento_13037794-4a53-4a4a-a500-b4d228354fd1.csv"," "," "," "
"PREFEITURA MUNICIPAL DE CRICIUMA",2026,"GESTÃO DO SISTEMA DE ENSINO","Participação Social e Gestão Democrática","Garantir uma gestão educacional eficiente, transparente e orientada por resultados, com foco na equidade, no uso responsável dos recursos públicos e no fortalecimento do sistema municipal de ensino.","SEC. MUN. DE EDUCAÇÃO","Administrativo da Educação",Educação,"Ensino Fundamental",1034,"Participação Social e Gestão Democrática","APLICAÇÃO DIRETA DECORRENTE DE OPERAÇÃO ENTRE ÓRGÃOS, FUNDOS E ENTIDADES INTEGRANTES DOS ORÇAMENTOS FISCAL E DA SEGURIDADE SOCIAL",146,31910000000000,"APLICAÇÃO DIRETA DECORRENTE DE OPERAÇÃO ENTRE ÓRGÃOS, FUNDOS E ENTIDADES INTEGRANTES DOS ORÇAMENTOS FISCAL E DA SEGURIDADE SOCIAL","PREFEITURA MUNICIPAL DE CRICIUMA","DESPESAS CORRENTES",250000,0,250000,0,0,0,0,0,0,0,0,0,0,0.0,0.0,0.0,0.0,0.0,0.0,"fontesRecursos_6dbfbc2a-1b4d-45f1-835a-05d1abc93204.csv","informacaoPlanejamento_1b90602e-5377-499c-86e8-01f246cdb04d.csv"," "," "," "
"PREFEITURA MUNICIPAL DE CRICIUMA",2026,"GESTÃO DO SISTEMA DE ENSINO","Participação Social e Gestão Democrática","Garantir uma gestão educacional eficiente, transparente e orientada por resultados, com foco na equidade, no uso responsável dos recursos públicos e no fortalecimento do sistema municipal de ensino.","SEC. MUN. DE EDUCAÇÃO","Administrativo da Educação",Educação,"Ensino Fundamental",1034,"Participação Social e Gestão Democrática","APLICAÇÕES DIRETAS",145,31900000000000,"APLICAÇÕES DIRETAS","PREFEITURA MUNICIPAL DE CRICIUMA","DESPESAS CORRENTES",500000,0,500000,0,0,0,0,0,0,0,0,0,0,0.0,0.0,0.0,0.0,0.0,0.0,"fontesRecursos_c26e6fc3-9a77-4bfa-b347-4a1d68509a54.csv","informacaoPlanejamento_e03414f6-389f-4b33-b5c0-02dd8e3b5585.csv"," "," "," "
"PREFEITURA MUNICIPAL DE CRICIUMA",2026,"PROMOÇÃO DA CULTURA, DIVERSIDADE E EQUIDADE","Valorização da Diversidade Étnico-Racial na Educação Básica","Fortalecer a educação para a diversidade étnico-racial, por meio da implementação sistemática das Leis n 10.639/03 e 11.645/08, da valorização das culturas afro-brasileira, indígena e demais etnias, e da promoção de práticas pedagógicas inclusivas, antirracistas e equitativas.","SEC. MUN. DE EDUCAÇÃO","Valorização da Diversidade Étnico-Racial na Educaç",Educação,"Ensino Fundamental",1044,"Valorização da Diversidade Étnico-Racial na Educação Básica","APLICAÇÕES DIRETAS",151,44900000000000,"APLICAÇÕES DIRETAS","PREFEITURA MUNICIPAL DE CRICIUMA","DESPESAS DE CAPITAL",20000,0,20000,0,0,0,0,0,0,0,0,0,0,0.0,0.0,0.0,0.0,0.0,0.0,"fontesRecursos_3d055abf-48f3-4c24-b800-11da915e607e.csv","informacaoPlanejamento_60ede05b-197e-405c-9639-a2bcb24eca49.csv"," "," "," "
"PREFEITURA MUNICIPAL DE CRICIUMA",2026,"GESTÃO DO SISTEMA DE ENSINO","Parque Astronômico","Garantir uma gestão educacional eficiente, transparente e orientada por resultados, com foco na equidade, no uso responsável dos recursos públicos e no fortalecimento do sistema municipal de ensino.","SEC. MUN. DE EDUCAÇÃO","Parque Astronômico",Educação,"Ensino Fundamental",1226,"Parque Astronômico","APLICAÇÕES DIRETAS",152,31900000000000,"APLICAÇÕES DIRETAS","PREFEITURA MUNICIPAL DE CRICIUMA","DESPESAS CORRENTES",250000,0,250000,0,0,0,0,0,0,0,0,0,0,0.0,0.0,0.0,0.0,0.0,0.0,"fontesRecursos_e2205303-abe7-41cf-a583-24f95b7afa13.csv","informacaoPlanejamento_ebeecdb1-99ef-454e-89b0-9b564dcee9a7.csv"," "," "," "
"PREFEITURA MUNICIPAL DE CRICIUMA",2026,"GESTÃO DO SISTEMA DE ENSINO","Parque Astronômico","Garantir uma gestão educacional eficiente, transparente e orientada por resultados, com foco na equidade, no uso responsável dos recursos públicos e no fortalecimento do sistema municipal de ensino.","SEC. MUN. DE EDUCAÇÃO","Parque Astronômico",Educação,"Ensino Fundamental",1226,"Parque Astronômico","APLICAÇÕES DIRETAS",154,44900000000000,"APLICAÇÕES DIRETAS","PREFEITURA MUNICIPAL DE CRICIUMA","DESPESAS DE CAPITAL",3000000,0,3000000,0,0,0,0,0,0,0,0,0,0,0.0,0.0,0.0,0.0,0.0,0.0,"fontesRecursos_6668599b-b828-4b11-a482-ba2398f96e9b.csv","informacaoPlanejamento_691ae1cf-c8b4-4ea5-8602-01cb56364290.csv"," "," "," "
"PREFEITURA MUNICIPAL DE CRICIUMA",2026,"MAIS GESTÃO CRICIÚMA","Manutenção Fdo Municipal do Turismo-FUMTUR / Diretoria de Turismo","Planejar e modernizar a administração municipal com dados gerenciais, reduzindo custos.","SEC. DES. ECONÔMICO, INDÚSTRIA, COMÉRCIO E SERVIÇO","Diretoria de Turismo","Comércio e Serviços",Turismo,1219,"Manutenção Fdo Municipal do Turismo-FUMTUR / Diretoria de Turismo","APLICAÇÕES DIRETAS",234,33900000000000,"APLICAÇÕES DIRETAS","PREFEITURA MUNICIPAL DE CRICIUMA","DESPESAS CORRENTES",650000,0,650000,30000.0,30000.0,30000.0,30000.0,0.0,30000.0,0,30000.0,0.0,0.0,4.62,4.62,4.62,4.62,4.62,2166.67,"fontesRecursos_536b8633-8120-4ccc-b07d-6ce0570a423b.csv","informacaoPlanejamento_bdee374a-d0cd-400e-a618-15b05b0606e2.csv","empenhos_6ee419fc-05cf-4747-8cf6-279b95cbb7d6.csv"," "," "
"PREFEITURA MUNICIPAL DE CRICIUMA",2026,"PROTEÇÃO INTEGRADA","Manut. do Convênio Corpo de Bombeiros","Integrar a atuação municipal às forças estaduais de segurança - Polícia Militar, Polícia Civil e Corpo de Bombeiros - por meio da manutenção e ampliação de convênios, intensificando o policiamento ostensivo, mantendo a segurança, qualificando a investigação, reduzindo índices de criminalidade e o tempo médio de resposta a incêndios e outras emergências. Em paralelo, coordenar em com a União os serviços relacionados ao alistamento militar obrigatório; universalizando o  alistamento, sanando pendências, modernizando processos e difundindo o civismo entre a juventude.","SEC. MUN. DA FAZENDA","Convênio Corpo de Bombeiros","Segurança Pública","Defesa Civil",1029,"Manut. do Convênio Corpo de Bombeiros","TRANSFERÊNCIAS A ESTADOS E AO DISTRITO FEDERAL",99,44300000000000,"TRANSFERÊNCIAS A ESTADOS E AO DISTRITO FEDERAL","PREFEITURA MUNICIPAL DE CRICIUMA","DESPESAS DE CAPITAL",100000,0,100000,0,0,0,0,0,0,0,0,0,0,0.0,0.0,0.0,0.0,0.0,0.0,"fontesRecursos_65f1372f-8010-4615-a6c3-b5b5e8a62791.csv","informacaoPlanejamento_3d0c6ae8-37e7-4c21-a17c-f7a26add4544.csv"," "," "," "
"PREFEITURA MUNICIPAL DE CRICIUMA",2026,"MAIS GESTÃO CRICIÚMA","Manutenção da Coordenadoria-Geral de Gestão e Compliance","Planejar e modernizar a administração municipal com dados gerenciais, reduzindo custos.","COORDENADORIA-GERAL DE GESTÃO E COMPLIANCE","Coordenadoria-Geral de Gestão e Compliance",Administração,"Administração Geral",1256,"Manutenção da Coordenadoria-Geral de Gestão e Compliance","APLICAÇÕES DIRETAS",226,44900000000000,"APLICAÇÕES DIRETAS","PREFEITURA MUNICIPAL DE CRICIUMA","DESPESAS DE CAPITAL",30000,0,30000,4283.52,4283.52,4283.52,4283.52,0.0,4283.52,0,4283.52,0.0,0.0,14.28,14.28,14.28,14.28,14.28,700.36,"fontesRecursos_9201d8c7-241b-49fe-8c0c-8b1bbde0f369.csv","informacaoPlanejamento_4fef0bb0-efa7-404c-92a3-80da0a3ae5bb.csv","empenhos_3d52e568-2200-49ba-89a1-59ab800605cc.csv"," "," "
"PREFEITURA MUNICIPAL DE CRICIUMA",2026,"MAIS GESTÃO CRICIÚMA","Fundo Mun. de Combate Subst. Entorpecentes - FUCOM","Planejar e modernizar a administração municipal com dados gerenciais, reduzindo custos.","GABINETE DO PREFEITO","FDO. MUN. COMBATE SUBST. ENTORPECENTES - FUCOM","Assistência Social","Assistência à Criança e ao Adolescente",1242,"Fundo Mun. de Combate Subst. Entorpecentes - FUCOM","APLICAÇÕES DIRETAS",59,44900000000000,"APLICAÇÕES DIRETAS","PREFEITURA MUNICIPAL DE CRICIUMA","DESPESAS DE CAPITAL",2950000,0,2950000,0,0,0,0,0,0,0,0,0,0,0.0,0.0,0.0,0.0,0.0,0.0,"fontesRecursos_f8b5e2a5-f3cc-4d0e-9f42-ffb4f263512f.csv","informacaoPlanejamento_d3fc8c8f-303a-4be3-831e-5162eb73d88b.csv"," "," "," "
"PREFEITURA MUNICIPAL DE CRICIUMA",2026,"MAIS GESTÃO CRICIÚMA","Fundo Mun. de Combate Subst. Entorpecentes - FUCOM","Planejar e modernizar a administração municipal com dados gerenciais, reduzindo custos.","GABINETE DO PREFEITO","FDO. MUN. COMBATE SUBST. ENTORPECENTES - FUCOM","Assistência Social","Assistência à Criança e ao Adolescente",1242,"Fundo Mun. de Combate Subst. Entorpecentes - FUCOM","APLICAÇÕES DIRETAS",57,33900000000000,"APLICAÇÕES DIRETAS","PREFEITURA MUNICIPAL DE CRICIUMA","DESPESAS CORRENTES",1100000,0,1100000,0,0,0,0,0,0,0,0,0,0,0.0,0.0,0.0,0.0,0.0,0.0,"fontesRecursos_f1c3654b-fe1e-463e-ad89-26eca77b62b8.csv","informacaoPlanejamento_769f27aa-008b-4446-b707-6220ce88f1f3.csv"," "," "," "
"PREFEITURA MUNICIPAL DE CRICIUMA",2026,"MAIS GESTÃO CRICIÚMA","Fundo Mun. de Combate Subst. Entorpecentes - FUCOM","Planejar e modernizar a administração municipal com dados gerenciais, reduzindo custos.","GABINETE DO PREFEITO","FDO. MUN. COMBATE SUBST. ENTORPECENTES - FUCOM","Assistência Social","Assistência à Criança e ao Adolescente",1242,"Fundo Mun. de Combate Subst. Entorpecentes - FUCOM","TRANSFERÊNCIAS A INSTITUIÇÕES PRIVADAS SEM FINS LUCRATIVOS",58,44500000000000,"TRANSFERÊNCIAS A INSTITUIÇÕES PRIVADAS SEM FINS LUCRATIVOS","PREFEITURA MUNICIPAL DE CRICIUMA","DESPESAS DE CAPITAL",50000,0,50000,0,0,0,0,0,0,0,0,0,0,0.0,0.0,0.0,0.0,0.0,0.0,"fontesRecursos_b468aebd-68f0-405c-b4de-e3e602c855ff.csv","informacaoPlanejamento_31230e38-257c-4b98-814a-3a81ad6a29ea.csv"," "," "," "
"PREFEITURA MUNICIPAL DE CRICIUMA",2026,"MAIS GESTÃO CRICIÚMA","Fundo Mun. de Combate Subst. Entorpecentes - FUCOM","Planejar e modernizar a administração municipal com dados gerenciais, reduzindo custos.","GABINETE DO PREFEITO","FDO. MUN. COMBATE SUBST. ENTORPECENTES - FUCOM","Assistência Social","Assistência à Criança e ao Adolescente",1242,"Fundo Mun. de Combate Subst. Entorpecentes - FUCOM","TRANSFERÊNCIAS A INSTITUIÇÕES PRIVADAS SEM FINS LUCRATIVOS",56,33500000000000,"TRANSFERÊNCIAS A INSTITUIÇÕES PRIVADAS SEM FINS LUCRATIVOS","PREFEITURA MUNICIPAL DE CRICIUMA","DESPESAS CORRENTES",50000,0,50000,0,0,0,0,0,0,0,0,0,0,0.0,0.0,0.0,0.0,0.0,0.0,"fontesRecursos_26ba4387-22b8-4518-8135-5efc10dfeb03.csv","informacaoPlanejamento_0baebca6-4ddf-4b4e-a627-6637af15e5a9.csv"," "," "," "
"PREFEITURA MUNICIPAL DE CRICIUMA",2026,"MAIS GESTÃO CRICIÚMA","Manutenção da Diretoria de Planejamento Urbanístico","Planejar e modernizar a administração municipal com dados gerenciais, reduzindo custos.","SEC. DES. ECONÔMICO, INDÚSTRIA, COMÉRCIO E SERVIÇO","Diretoria de Planejamento Urbanístico",Administração,"Ordenamento Territorial",1257,"Manutenção da Diretoria de Planejamento Urbanístico","APLICAÇÕES DIRETAS",231,33900000000000,"APLICAÇÕES DIRETAS","PREFEITURA MUNICIPAL DE CRICIUMA","DESPESAS CORRENTES",1810000,-260000,1550000,1349.72,1349.72,1349.72,1349.72,0.0,1349.72,0,1349.72,0.0,0.0,0.07,0.09,0.07,0.09,0.07,114838.63,"fontesRecursos_f1318798-6bbb-450a-85d6-22f906386b86.csv","informacaoPlanejamento_93bfbd76-a2a2-4112-ab83-cdc80707a1cf.csv","empenhos_0b69ad5f-0519-422c-832c-9fcac3f0807c.csv","suplementacoes_ed539062-edf7-4848-9b21-60462c492483.csv"," "
"PREFEITURA MUNICIPAL DE CRICIUMA",2026,"MAIS GESTÃO CRICIÚMA","Manut. da Diretoria de Licitações e Contratos","Planejar e modernizar a administração municipal com dados gerenciais, reduzindo custos.","GABINETE DO PREFEITO","Diretoria de Licitações e Contratos",Administração,"Administração Geral",1012,"Manut. da Diretoria de Licitações e Contratos","APLICAÇÕES DIRETAS",35,44900000000000,"APLICAÇÕES DIRETAS","PREFEITURA MUNICIPAL DE CRICIUMA","DESPESAS DE CAPITAL",50000,0,50000,39634.64,39634.64,39634.64,39634.64,0.0,39634.64,0,39634.64,0.0,0.0,79.27,79.27,79.27,79.27,79.27,126.15,"fontesRecursos_6e1b196d-2d34-44ad-bc7c-b281974e7876.csv","informacaoPlanejamento_f7ffb1cf-5cdf-4489-80a6-da7dbec9eb45.csv","empenhos_4ef4ad34-2711-47fc-90cf-912154d68acf.csv"," "," "
"PREFEITURA MUNICIPAL DE CRICIUMA",2026,"PROTEÇÃO INTEGRADA","Manut. da Junta de Serviço Militar","Integrar a atuação municipal às forças estaduais de segurança - Polícia Militar, Polícia Civil e Corpo de Bombeiros - por meio da manutenção e ampliação de convênios, intensificando o policiamento ostensivo, mantendo a segurança, qualificando a investigação, reduzindo índices de criminalidade e o tempo médio de resposta a incêndios e outras emergências. Em paralelo, coordenar em com a União os serviços relacionados ao alistamento militar obrigatório; universalizando o  alistamento, sanando pendências, modernizando processos e difundindo o civismo entre a juventude.","GABINETE DO PREFEITO","Junta de Serviço Militar","Defesa Nacional","Defesa Terrestre",1005,"Manut. da Junta de Serviço Militar","APLICAÇÕES DIRETAS",13,44900000000000,"APLICAÇÕES DIRETAS","PREFEITURA MUNICIPAL DE CRICIUMA","DESPESAS DE CAPITAL",10000,0,10000,0,0,0,0,0,0,0,0,0,0,0.0,0.0,0.0,0.0,0.0,0.0,"fontesRecursos_279ceaae-d021-4939-969e-95632d4059c5.csv","informacaoPlanejamento_41504803-7961-45d3-8de7-d7d9714f6082.csv"," "," "," "
"FUNDO MUNICIPAL DE SAUDE DE CRICIUMA",2026,"CRICIÚMA MAIS SAÚDE","Manutenção do Fundo Municipal de Saúde","Garantir a implementação articulada e contínua das ações de promoção, prevenção e atenção curativa no âmbito do sistema municipal de saúde, com ênfase na Atenção Primária por meio da Estratégia Saúde da Família, e no fortalecimento da rede de saúde, assegurando a integralidade, qualidade e eficiência dos serviços para o atendimento integral da população.","FUNDO MUNICIPAL DE SAÚDE","Fundo Mun. de Saúde",Saúde,"Atenção Básica",1045,"Manutenção do Fundo Municipal de Saúde","TRANSFERÊNCIAS A INSTITUIÇÕES PRIVADAS SEM FINS LUCRATIVOS",7,44500000000000,"TRANSFERÊNCIAS A INSTITUIÇÕES PRIVADAS SEM FINS LUCRATIVOS","FUNDO MUNICIPAL DE SAUDE DE CRICIUMA","DESPESAS DE CAPITAL",100000,0,100000,43200.0,17280.0,17280.0,17280.0,0.0,17280.0,0,17280.0,0.0,0.0,43.2,43.2,17.28,17.28,17.28,578.7,"fontesRecursos_538289ab-c3f6-4785-97b3-f68557b71fc9.csv","informacaoPlanejamento_77205d76-2ae4-4b1d-a6ca-48b15519a05c.csv","empenhos_e7ca4dc5-1127-41a9-8594-892029a7739a.csv"," "," "
"PREFEITURA MUNICIPAL DE CRICIUMA",2026,"OPERAÇÕES ESPECIAIS","Amortização/juros/Setenças/Ações Judiciais/Aposentados e Pensionistas","Gerir obrigações financeiras, amortizações e folha de pensionistas evitando contratações precipitadas e financiamentos incompatíveis com a capacidade de pagamento do Município, por meio da análise criteriosa da viabilidade financeira de novas obrigações. Acompanhar de forma contínua e sistemática a evolução das dívidas em execução e monitorar, sob a ótica estatística e financeira, a folha de pagamento dos aposentados e pensionistas.","SEC. MUN. DA FAZENDA","Administração Fazendária",Administração,"Administração Geral",1001,"Amortização/juros/Setenças/Ações Judiciais/Aposentados e Pensionistas","APLICAÇÃO DIRETA DECORRENTE DE OPERAÇÃO ENTRE ÓRGÃOS, FUNDOS E ENTIDADES INTEGRANTES DOS ORÇAMENTOS FISCAL E DA SEGURIDADE SOCIAL",74,32910000000000,"APLICAÇÃO DIRETA DECORRENTE DE OPERAÇÃO ENTRE ÓRGÃOS, FUNDOS E ENTIDADES INTEGRANTES DOS ORÇAMENTOS FISCAL E DA SEGURIDADE SOCIAL","PREFEITURA MUNICIPAL DE CRICIUMA","DESPESAS CORRENTES",10000000,-2400000,7600000,2590799.49,2590799.49,0,0,2590799.49,0,0,0,2590799.49,0,25.91,34.09,0.0,0.0,0.0,0.0,"fontesRecursos_54146ced-7999-4c64-9a8c-2694152244a1.csv","informacaoPlanejamento_851358ac-c7f7-4e7d-8b77-b8911869bf3b.csv","empenhos_311d57b3-ebd8-4d39-a5b2-4ceedaa68a46.csv","suplementacoes_cc9f2470-dbb6-4e1b-ab21-27fae91aaa7e.csv","Recursos não Vinculados de Impostos"
"PREFEITURA MUNICIPAL DE CRICIUMA",2026,"MAIS GESTÃO CRICIÚMA","Manut. do Gabinete da Secretaria de Governança","Planejar e modernizar a administração municipal com dados gerenciais, reduzindo custos.","SECRETARIA DE GOVERNANÇA","Gab. Secretaria de Governança",Administração,"Administração Geral",1267,"Manut. do Gabinete da Secretaria de Governança","APLICAÇÕES DIRETAS",223,44900000000000,"APLICAÇÕES DIRETAS","PREFEITURA MUNICIPAL DE CRICIUMA","DESPESAS DE CAPITAL",50000,-34000,16000,15345.0,15345.0,0,0,15345.0,0,0,0,15345.0,0,30.69,95.91,0.0,0.0,0.0,0.0,"fontesRecursos_aec9cd87-fbeb-4205-ba6f-377a43e5f14c.csv","informacaoPlanejamento_8e5fd96d-f3ba-447b-84ec-d8bff47cf7a1.csv","empenhos_576852b2-42c0-443b-a6e9-a893cfcd8acc.csv","suplementacoes_5cd6f612-be14-4878-b7f8-001d53872cad.csv","Recursos não Vinculados de Impostos"
"PREFEITURA MUNICIPAL DE CRICIUMA",2026,"GESTÃO E EQUILÍBRIO FISCAL","Manut. do Gabinete da Secretaria da Fazenda","Garantir a estabilidade macroeconômica e o equilíbrio fiscal do município, buscando uma gestão financeira sustentável, por meio do controle da aplicação dos recursos públicos e acompanhamento da execução financeira.","SEC. MUN. DA FAZENDA","Administração Fazendária",Administração,"Administração Financeira",1019,"Manut. do Gabinete da Secretaria da Fazenda","APLICAÇÕES DIRETAS",80,44900000000000,"APLICAÇÕES DIRETAS","PREFEITURA MUNICIPAL DE CRICIUMA","DESPESAS DE CAPITAL",50000,120000,170000,5900.0,5900.0,0,0,5900.0,0,0,0,5900.0,0,11.8,3.47,0.0,0.0,0.0,0.0,"fontesRecursos_3e6f5fed-8145-440d-8ba4-dc16582a432d.csv","informacaoPlanejamento_004a79d4-2a4f-4013-a5fc-499be0e552ff.csv","empenhos_299be4c9-2988-4d76-8a60-e8392a803888.csv","suplementacoes_10e0aa05-37fa-42fd-9048-70310d528527.csv","Recursos não Vinculados de Impostos"
"FUNDO MUNICIPAL DE SAUDE DE CRICIUMA",2026,"CRICIÚMA MAIS SAÚDE MENTAL","Centros de Atenção Psicossocial - CAPS","Ampliar e qualificar os serviços de saúde mental na atenção básica e especializada, promovendo a reabilitação psicossocial e o cuidado comunitário, com ênfase na prevenção e no tratamento humanizado.","FUNDO MUNICIPAL DE SAÚDE","Fundo Mun. de Saúde",Saúde,"Atenção Básica",1055,"Centros de Atenção Psicossocial - CAPS","APLICAÇÕES DIRETAS",50,44900000000000,"APLICAÇÕES DIRETAS","FUNDO MUNICIPAL DE SAUDE DE CRICIUMA","DESPESAS DE CAPITAL",1150000,-180000,970000,61763.42,61763.42,59973.92,59973.92,1789.5,59973.92,0,59973.92,1789.5,0.0,5.37,6.37,5.22,6.18,5.22,1617.37,"fontesRecursos_0858e6ec-c9c0-447c-8f32-7d58a71a337a.csv","informacaoPlanejamento_a9d89482-d286-40de-a503-b064c9665f0c.csv","empenhos_c7317f7b-fd08-45a8-bff5-6543aa4e4216.csv","suplementacoes_c81e9f7b-e83a-49a4-8505-303127d3c609.csv","Transferência Especial dos Estados - Emendas Parlamentares Impositivas"
"PREFEITURA MUNICIPAL DE CRICIUMA",2026,"OPERAÇÕES ESPECIAIS","Amortização/juros/Setenças/Ações Judiciais/Aposentados e Pensionistas","Gerir obrigações financeiras, amortizações e folha de pensionistas evitando contratações precipitadas e financiamentos incompatíveis com a capacidade de pagamento do Município, por meio da análise criteriosa da viabilidade financeira de novas obrigações. Acompanhar de forma contínua e sistemática a evolução das dívidas em execução e monitorar, sob a ótica estatística e financeira, a folha de pagamento dos aposentados e pensionistas.","SEC. MUN. DA FAZENDA","Administração Fazendária",Administração,"Administração Geral",1001,"Amortização/juros/Setenças/Ações Judiciais/Aposentados e Pensionistas","APLICAÇÃO DIRETA DECORRENTE DE OPERAÇÃO ENTRE ÓRGÃOS, FUNDOS E ENTIDADES INTEGRANTES DOS ORÇAMENTOS FISCAL E DA SEGURIDADE SOCIAL",77,46910000000000,"APLICAÇÃO DIRETA DECORRENTE DE OPERAÇÃO ENTRE ÓRGÃOS, FUNDOS E ENTIDADES INTEGRANTES DOS ORÇAMENTOS FISCAL E DA SEGURIDADE SOCIAL","PREFEITURA MUNICIPAL DE CRICIUMA","DESPESAS DE CAPITAL",6000000,0,6000000,1338327.0,1338327.0,0,0,1338327.0,0,0,0,1338327.0,0,22.31,22.31,0.0,0.0,0.0,0.0,"fontesRecursos_f11cb2b1-adc6-4774-8caf-e911d0a387e9.csv","informacaoPlanejamento_7c5fd3b6-7f6d-494b-a5d3-15b1bd5465fb.csv","empenhos_a50e1c82-5aa2-4195-a446-9877ee4a7bcb.csv"," ","Recursos não Vinculados de Impostos"
"PREFEITURA MUNICIPAL DE CRICIUMA",2026,"GESTÃO E EQUILÍBRIO FISCAL","Programa MÃO NA RODA","Garantir a estabilidade macroeconômica e o equilíbrio fiscal do município, buscando uma gestão financeira sustentável, por meio do controle da aplicação dos recursos públicos e acompanhamento da execução financeira.","SEC. DES. ECONÔMICO, INDÚSTRIA, COMÉRCIO E SERVIÇO","Diretoria de Empreendedorismo","Comércio e Serviços","Serviços Financeiros",1239,"Programa MÃO NA RODA","TRANSFERÊNCIAS A INSTITUIÇÕES PRIVADAS SEM FINS LUCRATIVOS",246,33500000000000,"TRANSFERÊNCIAS A INSTITUIÇÕES PRIVADAS SEM FINS LUCRATIVOS","PREFEITURA MUNICIPAL DE CRICIUMA","DESPESAS CORRENTES",600000,150000,750000,750000.0,750000.0,46285.98,46285.98,703714.02,46285.98,0,46285.98,703714.02,0.0,125.0,100.0,7.71,6.17,7.71,1620.36,"fontesRecursos_469be5b2-04d6-4afc-be08-8071667c6532.csv","informacaoPlanejamento_25827009-9155-4986-bd55-d179a7248589.csv","empenhos_b2d6334d-ff0d-4e0b-9a47-1d4b9204d234.csv","suplementacoes_c89e1924-2513-4f3d-813a-85d5838d662a.csv","Recursos não Vinculados de Impostos"
"FUNDO M.DOS DIR.DA CRIANCA E DO ADOLESC.- CRICIUMA",2026,"CRICIÚMA MAIS INFÂNCIA E JUVENTUDE","Manut. do Fundo da Infancia - FIA, Doação do IR e Recursos Estaduais e Federais.","Garantir atendimento prioritário e contínuo às crianças e adolescentes em situação de vulnerabilidade, conforme previsto no Estatuto da Criança e do Adolescente (ECA), por meio da ampliação de programas socioassistenciais, socioeducativos e de convivência familiar. Fortalecer a articulação entre o município e os órgãos do Judiciário, Ministério Público, Defensoria Pública, Conselho Tutelar, e demais instâncias estaduais e federais, garantindo fluxos interinstitucionais eficazes de encaminhamento e acompanhamento.","FUNDO M. DOS DIR. DA CRIANÇA E DO ADOLESC-CRICIÚMA","Fdo. dos Dir. da Criança e do Adolescente","Assistência Social","Assistência à Criança e ao Adolescente",1069,"Manut. do Fundo da Infancia - FIA, Doação do IR e Recursos Estaduais e Federais.","TRANSFERÊNCIAS A INSTITUIÇÕES PRIVADAS SEM FINS LUCRATIVOS",3,44500000000000,"TRANSFERÊNCIAS A INSTITUIÇÕES PRIVADAS SEM FINS LUCRATIVOS","FUNDO M.DOS DIR.DA CRIANCA E DO ADOLESC.- CRICIUMA","DESPESAS DE CAPITAL",300000,87000,387000,384746.02,384746.02,384746.02,384746.02,0.0,384746.02,0,384746.02,0.0,0.0,128.25,99.42,128.25,99.42,128.25,100.59,"fontesRecursos_39da14c5-b2d1-40f9-b207-42db3c8e1457.csv","informacaoPlanejamento_886334fe-7ac6-4a03-9a0b-23e491a62cb8.csv","empenhos_a29e35e9-6822-4a3e-a508-e0f50fae37d5.csv","suplementacoes_47f41a9d-c8c1-4ab5-b2f9-886a56417aff.csv","Recursos Vinculados a Fundos"
"FUNDO MUNICIPAL DE SAUDE DE CRICIUMA",2026,"CRICIÚMA MAIS ATENDIMENTO ESPECIALIZADO","Atendimento Especializado em Saúde Pública Municipal","Ampliar a oferta e qualificação dos serviços especializados, melhorando o acesso e a integração com a atenção básica para assegurar a continuidade do cuidado à população.","FUNDO MUNICIPAL DE SAÚDE","Fundo Mun. de Saúde",Saúde,"Atenção Básica",1236,"Atendimento Especializado em Saúde Pública Municipal","APLICAÇÃO DIRETA DECORRENTE DE OPERAÇÃO DE ÓRGÃOS, FUNDOS E ENTIDADES INTEGRANTES DOS ORÇAMENTOS FISCAL E DA SEGURIDADE SOCIAL COM CONSÓRCIO PÚBLICO D",67,33930000000000,"APLICAÇÃO DIRETA DECORRENTE DE OPERAÇÃO DE ÓRGÃOS, FUNDOS E ENTIDADES INTEGRANTES DOS ORÇAMENTOS FISCAL E DA SEGURIDADE SOCIAL COM CONSÓRCIO PÚBLICO D","FUNDO MUNICIPAL DE SAUDE DE CRICIUMA","DESPESAS CORRENTES",850000,-755158.65,94841.35,74398.64,74398.64,61377.95,61377.95,13020.69,61377.95,0,61377.95,13020.69,0.0,8.75,78.45,7.22,64.72,7.22,154.52,"fontesRecursos_55332c3f-2d5c-4e35-b8a0-00597d9311a9.csv","informacaoPlanejamento_fead9813-26b5-4b0b-8334-258f3dfd91e0.csv","empenhos_b0b943d6-8b93-42f9-b0ba-e4b3f00f3a7d.csv","suplementacoes_17fea484-bd19-46e5-8449-f3412bc1ac2a.csv","Recursos não Vinculados de Impostos - Saúde"
"FUNDO MUNICIPAL DE SAUDE DE CRICIUMA",2026,"CRICIÚMA MAIS AÇÕES DE VIGILÂNCIA EM SAÚDE","Vigilância Epidemiologia","Controle e prevenção de doenças e agravos à saúde da população, ampliando a capacidade técnica da Vigilância em Saúde, assegurando a efetividade das ações de monitoramento.","FUNDO MUNICIPAL DE SAÚDE","Fundo Mun. de Saúde",Saúde,"Vigilância Epidemiológica",1052,"Vigilância Epidemiologia","APLICAÇÃO DIRETA DECORRENTE DE OPERAÇÃO DE ÓRGÃOS, FUNDOS E ENTIDADES INTEGRANTES DOS ORÇAMENTOS FISCAL E DA SEGURIDADE SOCIAL COM CONSÓRCIO PÚBLICO D",88,33930000000000,"APLICAÇÃO DIRETA DECORRENTE DE OPERAÇÃO DE ÓRGÃOS, FUNDOS E ENTIDADES INTEGRANTES DOS ORÇAMENTOS FISCAL E DA SEGURIDADE SOCIAL COM CONSÓRCIO PÚBLICO D","FUNDO MUNICIPAL DE SAUDE DE CRICIUMA","DESPESAS CORRENTES",10000,5000,15000,11633.18,11633.18,10331.14,10331.14,1302.04,10331.14,0,10331.14,1302.04,0.0,116.33,77.55,103.31,68.87,103.31,145.19,"fontesRecursos_079071ea-5ebc-4d9b-9929-5a1fb6f2d32a.csv","informacaoPlanejamento_8dfb8c52-0bd1-4fcc-b435-880efbb053ac.csv","empenhos_4343d85e-1ecd-41a5-8779-f2c0a7d2d9c2.csv","suplementacoes_4dd73f43-89f9-45f9-8cb7-c098f6a2a121.csv","Recursos não Vinculados de Impostos - Saúde"
"FUNDO MUNICIPAL DE SAUDE DE CRICIUMA",2026,"CRICIÚMA MAIS REDE DE URGÊNCIA E EMERGÊNCIA - RUE","Manut. do Serv. de Atend. de Urgência e Emergência - SAMU","Com intuito de atender rapidamente às demandas de saúde com riscos à vida da população, e Garantir a organização eficiente da Rede de Urgência e Emergência, com profissionais capacitados, equipamentos adequados e processos integrados.","FUNDO MUNICIPAL DE SAÚDE","Fundo Mun. de Saúde",Saúde,"Atenção Básica",1054,"Manut. do Serv. de Atend. de Urgência e Emergência - SAMU","APLICAÇÃO DIRETA DECORRENTE DE OPERAÇÃO DE ÓRGÃOS, FUNDOS E ENTIDADES INTEGRANTES DOS ORÇAMENTOS FISCAL E DA SEGURIDADE SOCIAL COM CONSÓRCIO PÚBLICO D",79,33930000000000,"APLICAÇÃO DIRETA DECORRENTE DE OPERAÇÃO DE ÓRGÃOS, FUNDOS E ENTIDADES INTEGRANTES DOS ORÇAMENTOS FISCAL E DA SEGURIDADE SOCIAL COM CONSÓRCIO PÚBLICO D","FUNDO MUNICIPAL DE SAUDE DE CRICIUMA","DESPESAS CORRENTES",20000,39691,59691,59638.26,59638.26,55990.83,55990.83,3647.43,55990.83,0,55990.83,3647.43,0.0,298.19,99.91,279.95,93.8,279.95,106.61,"fontesRecursos_477fe633-3f3c-4bcc-8f96-d47739e5a27e.csv","informacaoPlanejamento_41a480c0-c2d5-4cfe-94dd-b7f0230fe51f.csv","empenhos_c1a99617-99ec-4da3-8812-703847bfed5c.csv","suplementacoes_2fea076b-7925-4412-974a-22c8df6906bb.csv","Recursos não Vinculados de Impostos - Saúde"
"PREFEITURA MUNICIPAL DE CRICIUMA",2026,"MAIS GESTÃO CRICIÚMA","Manutenção da Diretoria de Atos Oficiais e Gestão de Pessoas","Planejar e modernizar a administração municipal com dados gerenciais, reduzindo custos.","GABINETE DO PREFEITO","Diretoria de Atos de Oficiais e Gestão de Pessoas",Administração,"Administração Geral",1246,"Manutenção da Diretoria de Atos Oficiais e Gestão de Pessoas","APLICAÇÃO DIRETA DECORRENTE DE OPERAÇÃO ENTRE ÓRGÃOS, FUNDOS E ENTIDADES INTEGRANTES DOS ORÇAMENTOS FISCAL E DA SEGURIDADE SOCIAL",18,31910000000000,"APLICAÇÃO DIRETA DECORRENTE DE OPERAÇÃO ENTRE ÓRGÃOS, FUNDOS E ENTIDADES INTEGRANTES DOS ORÇAMENTOS FISCAL E DA SEGURIDADE SOCIAL","PREFEITURA MUNICIPAL DE CRICIUMA","DESPESAS CORRENTES",8050000,0,8050000,8050000.0,8050000.0,3938219.06,3938219.06,4111780.94,3938219.06,0,3938219.06,4111780.94,0.0,100.0,100.0,48.92,48.92,48.92,204.41,"fontesRecursos_3f8fb0be-a4b6-4a66-a768-e6293e384419.csv","informacaoPlanejamento_da7e28d2-ef8f-45c1-961d-ec08bea7c448.csv","empenhos_0ffa4ee0-f791-4817-8246-ac9d0bcbfac2.csv"," ","Recursos não Vinculados de Impostos"
"PREFEITURA MUNICIPAL DE CRICIUMA",2026,"FORMAÇÃO E VALORIZAÇÃO DOS PROFISSIONAIS DA EDUCAÇÃO","Profissionais da Educação Básica","Fortalecer a formação continuada e a valorização dos profissionais da educação, promovendo práticas pedagógicas inovadoras, inclusivas e alinhadas às diretrizes educacionais, com foco na melhoria da aprendizagem.","SEC. MUN. DE EDUCAÇÃO","Valorização da Educação Básica",Educação,"Ensino Fundamental",1033,"Profissionais da Educação Básica","APLICAÇÃO DIRETA DECORRENTE DE OPERAÇÃO ENTRE ÓRGÃOS, FUNDOS E ENTIDADES INTEGRANTES DOS ORÇAMENTOS FISCAL E DA SEGURIDADE SOCIAL",125,31910000000000,"APLICAÇÃO DIRETA DECORRENTE DE OPERAÇÃO ENTRE ÓRGÃOS, FUNDOS E ENTIDADES INTEGRANTES DOS ORÇAMENTOS FISCAL E DA SEGURIDADE SOCIAL","PREFEITURA MUNICIPAL DE CRICIUMA","DESPESAS CORRENTES",38375000,2319252.09,4.069425209E7,2.957324036E7,2.931684266E7,1.541788764E7,1.541674203E7,1.390010063E7,1.541788764E7,1145.61,1.541674203E7,1.390010063E7,0.0,77.06,72.67,40.18,37.89,40.18,263.94,"fontesRecursos_43e537b3-bb80-4469-abc2-015c893f5af0.csv","informacaoPlanejamento_c64d481a-5fe6-43f4-ad78-4c73013e6d3c.csv","empenhos_1571ad65-6b23-47ea-aaaa-0c19086ce2a8.csv","suplementacoes_82f6628d-83ed-444a-a44b-dea2b8437fea.csv","Transferências do FUNDEB - Impostos e Transferências de Impostos - 70%"
"PREFEITURA MUNICIPAL DE CRICIUMA",2026,"MAIS GESTÃO CRICIÚMA","Manut. da Diretoria de Comunicação","Planejar e modernizar a administração municipal com dados gerenciais, reduzindo custos.","GABINETE DO PREFEITO","Diretoria de Comunicação",Administração,"Administração Geral",1011,"Manut. da Diretoria de Comunicação","APLICAÇÕES DIRETAS",16,44900000000000,"APLICAÇÕES DIRETAS","PREFEITURA MUNICIPAL DE CRICIUMA","DESPESAS DE CAPITAL",20000,0,20000,12769.17,9109.17,9109.17,9109.17,0.0,9109.17,0,9109.17,0.0,0.0,63.85,63.85,45.55,45.55,45.55,219.56,"fontesRecursos_4a0276c3-65ee-4541-b7a3-b7393db2d8a7.csv","informacaoPlanejamento_41205043-3c5f-4a09-868f-a6e035f4365d.csv","empenhos_21e3ca6d-f428-4efb-ac91-be8995c033e5.csv"," ","Recursos não Vinculados de Impostos"
"PREFEITURA MUNICIPAL DE CRICIUMA",2026,"CRICIÚMA COLETA MAIS SEGURA","Coleta, transporte e destinação de resíduos sólidos","Manter coleta, transporte e destino final de resíduos, além de criar condições técnicas, financeiras e legais para que o município complemente a Taxa de Coleta e Destinação de Resíduos Sólidos (TCDRS) por meio de recursos provenientes do Contrato de Programa com a CASAN, permitindo a cobertura integral dos serviços de coleta, transporte e destinação final dos resíduos sólidos urbanos, em observância à Lei do Saneamento Básico e às metas do PPA municipal.","SECRETARIA DE INFRAESTRUTURA E OBRAS","Coleta de Resíduos Sólidos",Saneamento,"Saneamento Básico Urbano",1245,"Coleta, transporte e destinação de resíduos sólidos","APLICAÇÕES DIRETAS",176,33900000000000,"APLICAÇÕES DIRETAS","PREFEITURA MUNICIPAL DE CRICIUMA","DESPESAS CORRENTES",30000000,0,30000000,1.660534923E7,1.660534923E7,1.660269274E7,1.660269274E7,2656.49,1.660269274E7,0,1.660269274E7,2656.49,0.0,55.35,55.35,55.34,55.34,55.34,180.69,"fontesRecursos_5838e9dc-7776-4546-910d-ff7b02245315.csv","informacaoPlanejamento_ea84f1bb-e429-4f4f-bef7-873956165a7d.csv","empenhos_72188d09-5f82-4406-b502-ad39d7948594.csv"," ","Outros Recursos não Vinculados"
"PREFEITURA MUNICIPAL DE CRICIUMA",2026,"CRICIÚMA MAIS DESENVOLVIMENTO","Canalizações, Drenagens e manejo de Rios","Elaborar projetos arquitetônicos, urbanísticos e geométricos (rodoviários) de espaços públicos; Revisar e regulamentar constantemente a legislação urbanística do Plano Diretor; Executar obras de edificações e espaços públicos de interesse da coletividade. Garantir o desenvolvimento econômico do município por meio de execução de obras significativas ao crescimento urbano.Tornar à cidade mais humanizada, bonita e agradável de se viver, sempre em conformidade com o Plano Diretor do Município.","SECRETARIA DE INFRAESTRUTURA E OBRAS","Canalizações, Drenagens e manejo dos Rios",Saneamento,"Saneamento Básico Urbano",1076,"Canalizações, Drenagens e manejo de Rios","APLICAÇÕES DIRETAS",202,44900000000000,"APLICAÇÕES DIRETAS","PREFEITURA MUNICIPAL DE CRICIUMA","DESPESAS DE CAPITAL",8050000,-6516000,1534000,404009.34,252331.17,244608.66,244608.66,7722.51,244608.66,0,244608.66,7722.51,0.0,5.02,26.34,3.04,15.95,3.04,627.12,"fontesRecursos_84c9efcc-b6fc-4347-b28c-613bc4730c0d.csv","informacaoPlanejamento_3a2d817a-23f6-451b-968c-0ad48fead683.csv","empenhos_e380e197-6a9b-4e1b-ac05-ab97564e45b3.csv","suplementacoes_7e9e27e5-6fc2-4ce4-9aad-20dfe116b332.csv","Recursos de Operações de Crédito Externa"
"PREFEITURA MUNICIPAL DE CRICIUMA",2026,"CRICIÚMA MAIS DESENVOLVIMENTO","Centros Comunitarios","Elaborar projetos arquitetônicos, urbanísticos e geométricos (rodoviários) de espaços públicos; Revisar e regulamentar constantemente a legislação urbanística do Plano Diretor; Executar obras de edificações e espaços públicos de interesse da coletividade. Garantir o desenvolvimento econômico do município por meio de execução de obras significativas ao crescimento urbano.Tornar à cidade mais humanizada, bonita e agradável de se viver, sempre em conformidade com o Plano Diretor do Município.","SECRETARIA DE INFRAESTRUTURA E OBRAS","Centros Comunitários","Desporto e Lazer",Lazer,1075,"Centros Comunitarios","TRANSFERÊNCIAS A INSTITUIÇÕES PRIVADAS SEM FINS LUCRATIVOS",199,44500000000000,"TRANSFERÊNCIAS A INSTITUIÇÕES PRIVADAS SEM FINS LUCRATIVOS","PREFEITURA MUNICIPAL DE CRICIUMA","DESPESAS DE CAPITAL",20000,0,20000,0,0,0,0,0,0,0,0,0,0,0.0,0.0,0.0,0.0,0.0,0.0,"fontesRecursos_629ee91f-e887-4d42-b833-fc1b2bd2a5ca.csv","informacaoPlanejamento_f13a71ac-e0a6-4505-a272-706eb87288fc.csv"," "," ","Recursos não Vinculados de Impostos"
"FUNDO MUNICIPAL DE SAUDE DE CRICIUMA",2026,"CRICIÚMA MAIS SAÚDE","Manutenção do Fundo Municipal de Saúde","Garantir a implementação articulada e contínua das ações de promoção, prevenção e atenção curativa no âmbito do sistema municipal de saúde, com ênfase na Atenção Primária por meio da Estratégia Saúde da Família, e no fortalecimento da rede de saúde, assegurando a integralidade, qualidade e eficiência dos serviços para o atendimento integral da população.","FUNDO MUNICIPAL DE SAÚDE","Fundo Mun. de Saúde",Saúde,"Atenção Básica",1045,"Manutenção do Fundo Municipal de Saúde","APLICAÇÃO DIRETA DECORRENTE DE OPERAÇÃO ENTRE ÓRGÃOS, FUNDOS E ENTIDADES INTEGRANTES DOS ORÇAMENTOS FISCAL E DA SEGURIDADE SOCIAL",2,31910000000000,"APLICAÇÃO DIRETA DECORRENTE DE OPERAÇÃO ENTRE ÓRGÃOS, FUNDOS E ENTIDADES INTEGRANTES DOS ORÇAMENTOS FISCAL E DA SEGURIDADE SOCIAL","FUNDO MUNICIPAL DE SAUDE DE CRICIUMA","DESPESAS CORRENTES",26000000,-500000,25500000,2.22E7,2.22E7,1.178667968E7,1.178667968E7,1.041332032E7,1.178667968E7,0,1.178667968E7,1.041332032E7,0.0,85.38,87.06,45.33,46.22,45.33,216.35,"fontesRecursos_4d822778-4034-48db-8a5c-1fe2acc40d45.csv","informacaoPlanejamento_a2bcc651-999f-427e-a6f5-9050358d9140.csv","empenhos_48cb73c0-6fca-4441-962f-a69b9ab50bd0.csv","suplementacoes_8375e158-7d72-497d-ab7e-6adcbc51f64f.csv","Recursos não Vinculados de Impostos - Saúde"
"PREFEITURA MUNICIPAL DE CRICIUMA",2026,"PROTEÇÃO INTEGRADA","Manut. do Convênio Corpo de Bombeiros","Integrar a atuação municipal às forças estaduais de segurança - Polícia Militar, Polícia Civil e Corpo de Bombeiros - por meio da manutenção e ampliação de convênios, intensificando o policiamento ostensivo, mantendo a segurança, qualificando a investigação, reduzindo índices de criminalidade e o tempo médio de resposta a incêndios e outras emergências. Em paralelo, coordenar em com a União os serviços relacionados ao alistamento militar obrigatório; universalizando o  alistamento, sanando pendências, modernizando processos e difundindo o civismo entre a juventude.","SEC. MUN. DA FAZENDA","Convênio Corpo de Bombeiros","Segurança Pública","Defesa Civil",1029,"Manut. do Convênio Corpo de Bombeiros","APLICAÇÕES DIRETAS",100,44900000000000,"APLICAÇÕES DIRETAS","PREFEITURA MUNICIPAL DE CRICIUMA","DESPESAS DE CAPITAL",650000,1015759.99,1665759.99,1397288.54,1397288.54,1395856.28,1395856.28,1432.26,1089191.96,0,1089191.96,308096.58,306664.32,214.97,83.88,214.75,83.8,167.57,152.94,"fontesRecursos_36ccdfed-b3cd-4527-b96a-7551afe85ecf.csv","informacaoPlanejamento_a7316b25-c99b-4506-b8c7-225f27fe8991.csv","empenhos_445c8cd7-4ee9-4945-86d8-8bbb1d932ae0.csv","suplementacoes_9e0b9dc0-9d4d-4f49-ae0e-ce1009f06199.csv","Recursos Provenientes de Taxas, Contribuições e Preços Públicos"
"PREFEITURA MUNICIPAL DE CRICIUMA",2026,"CRICIÚMA MAIS DEFENSORIA PÚBLICA","Manut. da Procuradoria Geral","Assegurar a adequada representação judicial e extrajudicial do Município, promovendo a legalidade e a segurança jurídica nos atos administrativos. Ampliar o acesso da população a instrumentos de defesa de direitos, especialmente nas relações de consumo, por meio do fortalecimento do PROCON Municipal. Qualificar a atuação da Procuradoria-Geral do Município, promovendo eficiência na análise jurídica, controle da judicialização e orientação técnica às secretarias e órgãos municipais.","PROCURADORIA GERAL DO MUNICIPIO - PGM","Defensoria Publica",Judiciária,"Defesa do Interesse  Púb.No Processo Judiciário",1016,"Manut. da Procuradoria Geral","APLICAÇÕES DIRETAS",65,44900000000000,"APLICAÇÕES DIRETAS","PREFEITURA MUNICIPAL DE CRICIUMA","DESPESAS DE CAPITAL",150000,-11000,139000,113455.36,55388.32,53939.49,53939.49,1448.83,53939.49,0,53939.49,1448.83,0.0,75.64,81.62,35.96,38.81,35.96,257.7,"fontesRecursos_c534b2b4-1f11-42e7-b6eb-e42d53cdcf80.csv","informacaoPlanejamento_6c9b6977-b80b-4b48-895b-987e4ba789dc.csv","empenhos_7799df33-872c-43fd-b563-d35d76771002.csv","suplementacoes_0122906a-5e2c-420e-b9b2-c9ac97bbeec2.csv","Recursos não Vinculados de Impostos"
"PREFEITURA MUNICIPAL DE CRICIUMA",2026,"CRICIÚMA MAIS SUPORTE À GESTÃO","Manut. do Gabinete/Assessoria do Vice Prefeito","Integrar e fortalecer as ações de apoio técnico, operacional, tecnológico e administrativo que garantam maior eficiência à gestão pública municipal. Assegurar que os processos internos estejam alinhados com as metas estratégicas do governo, contribuindo diretamente para a modernização e otimização da administração.","GABINETE DO VICE-PREFEITO","Gabinete do Vice-Prefeito / Assess. Vice-Prefeito",Administração,"Administração Geral",1015,"Manut. do Gabinete/Assessoria do Vice Prefeito","APLICAÇÕES DIRETAS",61,33900000000000,"APLICAÇÕES DIRETAS","PREFEITURA MUNICIPAL DE CRICIUMA","DESPESAS CORRENTES",50000,0,50000,1623.0,1623.0,1623.0,1623.0,0.0,1623.0,0,1623.0,0.0,0.0,3.25,3.25,3.25,3.25,3.25,3080.71,"fontesRecursos_f6ed70fd-6a2f-4e13-a437-3c1de0bbe991.csv","informacaoPlanejamento_3d9502a6-915d-4086-9a8e-7052434c6192.csv","empenhos_690c0ddf-653b-4ce4-bc98-fecea27e18ac.csv"," ","Recursos não Vinculados de Impostos"
"PREFEITURA MUNICIPAL DE CRICIUMA",2026,"MAIS GESTÃO CRICIÚMA","Manut. da Secretaria Geral","Planejar e modernizar a administração municipal com dados gerenciais, reduzindo custos.","GABINETE DO PREFEITO",Secretaria-Geral,Administração,"Administração Geral",1003,"Manut. da Secretaria Geral","APLICAÇÕES DIRETAS",10,44900000000000,"APLICAÇÕES DIRETAS","PREFEITURA MUNICIPAL DE CRICIUMA","DESPESAS DE CAPITAL",100000,198210.8,298210.8,308804.76,164593.96,164593.96,164593.96,0.0,164593.96,0,164593.96,0.0,0.0,308.8,103.55,164.59,55.19,164.59,181.18,"fontesRecursos_599c2542-813a-4b71-b357-5a456f0f1adc.csv","informacaoPlanejamento_aa245048-6a8d-45f8-adcb-7d1d9941dc39.csv","empenhos_77985c6a-ecac-4932-811e-03b85fc2800d.csv","suplementacoes_684f41a0-a0a1-4754-9eaf-b3450329d3e4.csv","Recursos não Vinculados de Impostos"
"PREFEITURA MUNICIPAL DE CRICIUMA",2026,"CRICIÚMA MAIS CONSCIÊNCIA AMBIENTAL","Manut. de Horto Florestal / Parque Ecológico ""José Milanese""","Promover educação ambiental e incentivar a conscientização ambiental. Também fortalecer a fiscalização municipal.","COMITÊ DE MEIO AMBIENTE E SANEAMENTO BÁSICO","Diretoria de Meio Ambiente","Gestão Ambiental","Preservação e Conservação Ambiental",1222,"Manut. de Horto Florestal / Parque Ecológico ""José Milanese""","APLICAÇÕES DIRETAS",260,44900000000000,"APLICAÇÕES DIRETAS","PREFEITURA MUNICIPAL DE CRICIUMA","DESPESAS DE CAPITAL",1000000,1223544.56,2223544.56,799999.99,799999.99,134592.58,134592.58,665407.41,134592.58,0,134592.58,665407.41,0.0,80.0,35.98,13.46,6.05,13.46,1652.06,"fontesRecursos_0bcb525c-dd59-4dd4-91a4-70c1d24e9a24.csv","informacaoPlanejamento_c260eda7-c0cd-43a1-8472-8ed8f8f0ecbb.csv","empenhos_b1fd6c41-aa6c-4b85-ac8f-2272f0e2b31a.csv","suplementacoes_3967209a-08e4-4324-ab2c-ca7f927e1b86.csv","Outras Transferências de Convênios ou Instrumentos Congêneres da União"
"PREFEITURA MUNICIPAL DE CRICIUMA",2026,"MAIS GESTÃO CRICIÚMA","Manutenção da Diretoria de Parques e Praças","Planejar e modernizar a administração municipal com dados gerenciais, reduzindo custos.","GABINETE DO PREFEITO","Diretoria de Parques e Praças","Desporto e Lazer",Lazer,1248,"Manutenção da Diretoria de Parques e Praças","APLICAÇÕES DIRETAS",41,44900000000000,"APLICAÇÕES DIRETAS","PREFEITURA MUNICIPAL DE CRICIUMA","DESPESAS DE CAPITAL",1500000,0,1500000,264854.33,261454.33,261454.33,261454.33,0.0,261454.33,0,261454.33,0.0,0.0,17.66,17.66,17.43,17.43,17.43,573.71,"fontesRecursos_32847b17-275a-41b3-9a0d-c5c081f676ad.csv","informacaoPlanejamento_de000a3d-04d8-4454-a06c-f4824f943a60.csv","empenhos_191b0296-9592-461b-ab6a-a67c8dfaf6c2.csv"," ","Recursos não Vinculados de Impostos"
"PREFEITURA MUNICIPAL DE CRICIUMA",2026,"INCENTIVO À CONTINUIDADE EDUCACIONAL E ACADÊMICA","Auxílio ao Ensino Superior","Possibilitar o acesso de estudantes da rede pública ao ensino superior por meio de bolsas de estudo, e fomentar a formação acadêmica continuada dos profissionais da educação com incentivos à realização de pós-graduação.","SEC. MUN. DE EDUCAÇÃO","Auxilio ao Ensino",Educação,"Ensino Superior",1036,"Auxílio ao Ensino Superior","TRANSFERÊNCIAS A INSTITUIÇÕES PRIVADAS SEM FINS LUCRATIVOS",133,33500000000000,"TRANSFERÊNCIAS A INSTITUIÇÕES PRIVADAS SEM FINS LUCRATIVOS","PREFEITURA MUNICIPAL DE CRICIUMA","DESPESAS CORRENTES",10050000,0,10050000,5589772.96,5589772.96,2775502.48,2775502.48,2814270.48,2775502.48,0,2775502.48,2814270.48,0.0,55.62,55.62,27.62,27.62,27.62,362.1,"fontesRecursos_39d6a151-e90e-422e-9e9d-54cf01386474.csv","informacaoPlanejamento_e521bd28-0f98-4ed1-92be-be98b71ca2dc.csv","empenhos_c903f5e2-74f9-4820-b41e-a3156b07d1b6.csv"," ","Recursos não Vinculados de Impostos"
"PREFEITURA MUNICIPAL DE CRICIUMA",2026,"RESILIÊNCIA E GESTÃO DE RISCOS","Manut. Fdo M. de Defesa Civil","Fortalecer a prevenção, mitigação, preparação, resposta e reconstrução frente a desastres, elevando o Indicador de Capacidade Municipal (ICM) ; Expandir a rede municipal de alertas multicanal; operacionalizar o Fundo Municipal de Defesa Civil para pronta resposta.","GABINETE DO PREFEITO","Defesa Civil","Segurança Pública","Defesa Civil",1249,"Manut. Fdo M. de Defesa Civil","APLICAÇÕES DIRETAS",44,44900000000000,"APLICAÇÕES DIRETAS","PREFEITURA MUNICIPAL DE CRICIUMA","DESPESAS DE CAPITAL",50000,2273000,2323000,1942869.12,1931109.17,9109.17,9109.17,1922000.0,9109.17,0,9109.17,1922000.0,0.0,3885.74,83.64,18.22,0.39,18.22,25501.77,"fontesRecursos_cae62594-b438-478e-9cdb-a6f500634bd2.csv","informacaoPlanejamento_a8ca8731-11f3-4b3a-85e3-a11489d55958.csv","empenhos_547728f0-d67d-4b97-8077-1848c1e14ee0.csv","suplementacoes_152342c9-97e8-47fe-84b2-70fbadc79dd6.csv","Recursos não Vinculados de Impostos"
"PREFEITURA MUNICIPAL DE CRICIUMA",2026,"GESTÃO E EQUILÍBRIO FISCAL","Manut. da Tesouraria e Contabilidade - Financeiro","Garantir a estabilidade macroeconômica e o equilíbrio fiscal do município, buscando uma gestão financeira sustentável, por meio do controle da aplicação dos recursos públicos e acompanhamento da execução financeira.","SEC. MUN. DA FAZENDA","Administração Fazendária",Administração,"Administração Financeira",1023,"Manut. da Tesouraria e Contabilidade - Financeiro","TRANSFERÊNCIAS A INSTITUIÇÕES PRIVADAS SEM FINS LUCRATIVOS",82,33500000000000,"TRANSFERÊNCIAS A INSTITUIÇÕES PRIVADAS SEM FINS LUCRATIVOS","PREFEITURA MUNICIPAL DE CRICIUMA","DESPESAS CORRENTES",100000,0,100000,50000.0,50000.0,26124.0,26124.0,23876.0,26124.0,0,26124.0,23876.0,0.0,50.0,50.0,26.12,26.12,26.12,382.79,"fontesRecursos_796f50dd-3a55-4da6-b4ee-999b45d5e1b5.csv","informacaoPlanejamento_74a5aabc-13c2-4134-be38-5e126e8c8bee.csv","empenhos_38696e11-d133-4eec-acd1-fcaaeb29f7ba.csv"," ","Recursos não Vinculados de Impostos"
"PREFEITURA MUNICIPAL DE CRICIUMA",2026,"CRICIÚMA MAIS DESENVOLVIMENTO","Manutenção da Diretoria de Empreendedorismo","Elaborar projetos arquitetônicos, urbanísticos e geométricos (rodoviários) de espaços públicos; Revisar e regulamentar constantemente a legislação urbanística do Plano Diretor; Executar obras de edificações e espaços públicos de interesse da coletividade. Garantir o desenvolvimento econômico do município por meio de execução de obras significativas ao crescimento urbano.Tornar à cidade mais humanizada, bonita e agradável de se viver, sempre em conformidade com o Plano Diretor do Município.","SEC. DES. ECONÔMICO, INDÚSTRIA, COMÉRCIO E SERVIÇO","Diretoria de Empreendedorismo",Administração,"Administração Geral",1260,"Manutenção da Diretoria de Empreendedorismo","APLICAÇÕES DIRETAS",250,33900000000000,"APLICAÇÕES DIRETAS","PREFEITURA MUNICIPAL DE CRICIUMA","DESPESAS CORRENTES",2100000,0,2100000,629284.44,629284.44,512096.44,512096.44,117188.0,474472.22,0,474472.22,154812.22,37624.22,29.97,29.97,24.39,24.39,22.59,442.6,"fontesRecursos_4e847be0-beb0-4807-bb92-27cb98af9afa.csv","informacaoPlanejamento_5402850a-a4d3-4b20-80b6-b14bef50dc56.csv","empenhos_6970a610-6774-4d26-a4cb-2fe90e24f571.csv"," ","Recursos não Vinculados de Impostos"
"PREFEITURA MUNICIPAL DE CRICIUMA",2026,"GESTÃO DO SISTEMA DE ENSINO","Participação Social e Gestão Democrática","Garantir uma gestão educacional eficiente, transparente e orientada por resultados, com foco na equidade, no uso responsável dos recursos públicos e no fortalecimento do sistema municipal de ensino.","SEC. MUN. DE EDUCAÇÃO","Administrativo da Educação",Educação,"Ensino Fundamental",1034,"Participação Social e Gestão Democrática","APLICAÇÕES DIRETAS",148,44900000000000,"APLICAÇÕES DIRETAS","PREFEITURA MUNICIPAL DE CRICIUMA","DESPESAS DE CAPITAL",500000,0,500000,3301.9,3301.9,3301.9,3301.9,0.0,3301.9,0,3301.9,0.0,0.0,0.66,0.66,0.66,0.66,0.66,15142.8,"fontesRecursos_838c42ad-f22c-4eac-ab63-2f4cca38a891.csv","informacaoPlanejamento_527ffe47-58a9-454c-8392-e66b53112483.csv","empenhos_18899b24-89e3-4a48-a5f8-9d00ba80da9b.csv"," ","Recursos não Vinculados de Impostos - Educação"
"PREFEITURA MUNICIPAL DE CRICIUMA",2026,"GESTÃO E EQUILÍBRIO FISCAL","Manut. do Gabinete da Secretaria da Fazenda","Garantir a estabilidade macroeconômica e o equilíbrio fiscal do município, buscando uma gestão financeira sustentável, por meio do controle da aplicação dos recursos públicos e acompanhamento da execução financeira.","SEC. MUN. DA FAZENDA","Administração Fazendária",Administração,"Administração Financeira",1019,"Manut. do Gabinete da Secretaria da Fazenda","APLICAÇÕES DIRETAS",79,33900000000000,"APLICAÇÕES DIRETAS","PREFEITURA MUNICIPAL DE CRICIUMA","DESPESAS CORRENTES",150000,-120000,30000,1250.0,0.0,0,0,0.0,0,0,0,0.0,0,0.83,4.17,0.0,0.0,0.0,0.0,"fontesRecursos_b0927c0c-91fb-48ad-bb5c-c71d7689a437.csv","informacaoPlanejamento_85364fb3-1fcf-4f5f-bf28-6cf56132e8fa.csv","empenhos_fa000220-6979-40d4-8a00-d4437c4a45e4.csv","suplementacoes_4b23a83d-d8ce-4f9b-b1ca-9cec6250a10a.csv","Recursos não Vinculados de Impostos"
"PREFEITURA MUNICIPAL DE CRICIUMA",2026,"CRICIÚMA MAIS DESENVOLVIMENTO","Oficinas e Garagens","Elaborar projetos arquitetônicos, urbanísticos e geométricos (rodoviários) de espaços públicos; Revisar e regulamentar constantemente a legislação urbanística do Plano Diretor; Executar obras de edificações e espaços públicos de interesse da coletividade. Garantir o desenvolvimento econômico do município por meio de execução de obras significativas ao crescimento urbano.Tornar à cidade mais humanizada, bonita e agradável de se viver, sempre em conformidade com o Plano Diretor do Município.","SECRETARIA DE INFRAESTRUTURA E OBRAS","Oficinas e Garagens",Administração,"Administração Geral",1083,"Oficinas e Garagens","APLICAÇÕES DIRETAS",190,44900000000000,"APLICAÇÕES DIRETAS","PREFEITURA MUNICIPAL DE CRICIUMA","DESPESAS DE CAPITAL",500000,0,500000,375748.0,375748.0,6795.0,6795.0,368953.0,81.54,0,81.54,375666.46,6713.46,75.15,75.15,1.36,1.36,0.02,613195.98,"fontesRecursos_0450662f-fa20-42b5-a0be-b56bee5ca439.csv","informacaoPlanejamento_c97b0cf5-7043-4226-8b93-cf4e15e4a8d0.csv","empenhos_319c512c-a305-49c6-a31c-1bb05bc47b4e.csv"," ","Recursos não Vinculados de Impostos"
"PREFEITURA MUNICIPAL DE CRICIUMA",2026,"MAIS GESTÃO CRICIÚMA","Manut. do Gabinete da Secretaria de Governança","Planejar e modernizar a administração municipal com dados gerenciais, reduzindo custos.","SECRETARIA DE GOVERNANÇA","Gab. Secretaria de Governança",Administração,"Administração Geral",1267,"Manut. do Gabinete da Secretaria de Governança","APLICAÇÕES DIRETAS",222,33900000000000,"APLICAÇÕES DIRETAS","PREFEITURA MUNICIPAL DE CRICIUMA","DESPESAS CORRENTES",100000,134000,234000,18848.12,18689.7,18848.12,18689.7,0.0,18728.12,38.42,18689.7,0.0,0.0,18.85,8.05,18.85,8.05,18.73,1249.46,"fontesRecursos_1b93c6cf-4c3e-4c91-9697-f9471e346f91.csv","informacaoPlanejamento_1585abcd-4cf6-4c66-96f4-60bf1dae95f4.csv","empenhos_6f6151bb-c841-4b9a-81a0-ed922c7fa2dd.csv","suplementacoes_59144a00-b9bf-4c91-8e8c-36f6ed916558.csv","Recursos não Vinculados de Impostos"
"PREFEITURA MUNICIPAL DE CRICIUMA",2026,"CRICIÚMA MAIS DESENVOLVIMENTO","Manut. Diretoria / Fdo. Iluminação Pública","Elaborar projetos arquitetônicos, urbanísticos e geométricos (rodoviários) de espaços públicos; Revisar e regulamentar constantemente a legislação urbanística do Plano Diretor; Executar obras de edificações e espaços públicos de interesse da coletividade. Garantir o desenvolvimento econômico do município por meio de execução de obras significativas ao crescimento urbano.Tornar à cidade mais humanizada, bonita e agradável de se viver, sempre em conformidade com o Plano Diretor do Município.","SECRETARIA DE INFRAESTRUTURA E OBRAS","Diretoria de Iluminação e Monitoramento",Energia,"Energia Elétrica",1082,"Manut. Diretoria / Fdo. Iluminação Pública","APLICAÇÕES DIRETAS",162,44900000000000,"APLICAÇÕES DIRETAS","PREFEITURA MUNICIPAL DE CRICIUMA","DESPESAS DE CAPITAL",2000000,60000,2060000,59700.0,59700.0,0,0,59700.0,0,0,0,59700.0,0,2.99,2.9,0.0,0.0,0.0,0.0,"fontesRecursos_d098fb21-a3de-4aa8-9782-28b714eebf6f.csv","informacaoPlanejamento_69fcaece-26a4-4e42-a51b-46a8f37ef179.csv","empenhos_0d598616-b104-45e3-bd79-4b7f6f9f1d7f.csv","suplementacoes_7f5fc6f6-eaae-46a7-bac3-6d7a91790daf.csv","Recursos não Vinculados de Impostos"
"FUNDO MUNICIPAL DE SAUDE DE CRICIUMA",2026,"CRICIÚMA MAIS SAÚDE","Manut. Serviços Médicos, Laboratoriais, baixa, média e alta complex.","Garantir a implementação articulada e contínua das ações de promoção, prevenção e atenção curativa no âmbito do sistema municipal de saúde, com ênfase na Atenção Primária por meio da Estratégia Saúde da Família, e no fortalecimento da rede de saúde, assegurando a integralidade, qualidade e eficiência dos serviços para o atendimento integral da população.","FUNDO MUNICIPAL DE SAÚDE","Fundo Mun. de Saúde",Saúde,"Assistência Hospitalar e Ambulatorial",1204,"Manut. Serviços Médicos, Laboratoriais, baixa, média e alta complex.","APLICAÇÃO DIRETA DECORRENTE DE OPERAÇÃO DE ÓRGÃOS, FUNDOS E ENTIDADES INTEGRANTES DOS ORÇAMENTOS FISCAL E DA SEGURIDADE SOCIAL COM CONSÓRCIO PÚBLICO D",14,33930000000000,"APLICAÇÃO DIRETA DECORRENTE DE OPERAÇÃO DE ÓRGÃOS, FUNDOS E ENTIDADES INTEGRANTES DOS ORÇAMENTOS FISCAL E DA SEGURIDADE SOCIAL COM CONSÓRCIO PÚBLICO D","FUNDO MUNICIPAL DE SAUDE DE CRICIUMA","DESPESAS CORRENTES",5110000,3502800,8612800,8612420.0,8612420.0,6898921.37,6898921.37,1713498.63,6898921.37,0,6898921.37,1713498.63,0.0,168.54,100.0,135.01,80.1,135.01,124.84,"fontesRecursos_71e1a194-1174-43e7-8579-4c293b38a9d0.csv","informacaoPlanejamento_a442b929-c1b8-4f9c-9cfb-5ebc59b5d29f.csv","empenhos_7f0d884f-76f7-4a91-bace-698e16d11786.csv","suplementacoes_c708f314-d050-4067-9302-0f32f51abaa1.csv","Transf. Fundo a Fundo de Recursos do SUS provenientes do Governo Estadual"
"FUNDO MUNICIPAL DE SAUDE DE CRICIUMA",2026,"CRICIÚMA MAIS SAÚDE","Manutenção dos Consórcios de Saúde","Garantir a implementação articulada e contínua das ações de promoção, prevenção e atenção curativa no âmbito do sistema municipal de saúde, com ênfase na Atenção Primária por meio da Estratégia Saúde da Família, e no fortalecimento da rede de saúde, assegurando a integralidade, qualidade e eficiência dos serviços para o atendimento integral da população.","FUNDO MUNICIPAL DE SAÚDE","Fundo Mun. de Saúde",Saúde,"Atenção Básica",1243,"Manutenção dos Consórcios de Saúde","TRANSFERÊNCIAS A CONSÓRCIOS PÚBLICOS MEDIANTE CONTRATO DE RATEIO",16,31710000000000,"TRANSFERÊNCIAS A CONSÓRCIOS PÚBLICOS MEDIANTE CONTRATO DE RATEIO","FUNDO MUNICIPAL DE SAUDE DE CRICIUMA","DESPESAS CORRENTES",500000,0,500000,193963.07,193963.07,83623.28,83623.28,110339.79,83623.28,0,83623.28,110339.79,0.0,38.79,38.79,16.72,16.72,16.72,597.92,"fontesRecursos_43315655-38db-4830-bf2e-a3a327f82793.csv","informacaoPlanejamento_a22ff326-87f5-44c2-bc9e-877f0eeba090.csv","empenhos_03c17102-424f-4521-b5b7-22a73548bcad.csv"," ","Recursos não Vinculados de Impostos - Saúde"
"FUNDO MUNICIPAL DE SAUDE DE CRICIUMA",2026,"CRICIÚMA MAIS SAÚDE BUCAL","Manutenção Saúde Bucal APS","Ampliar e qualificar o acesso à saúde bucal na rede de atenção à Saúde pública.","FUNDO MUNICIPAL DE SAÚDE","Fundo Mun. de Saúde",Saúde,"Atenção Básica",1060,"Manutenção Saúde Bucal APS","APLICAÇÃO DIRETA DECORRENTE DE OPERAÇÃO DE ÓRGÃOS, FUNDOS E ENTIDADES INTEGRANTES DOS ORÇAMENTOS FISCAL E DA SEGURIDADE SOCIAL COM CONSÓRCIO PÚBLICO D",44,33930000000000,"APLICAÇÃO DIRETA DECORRENTE DE OPERAÇÃO DE ÓRGÃOS, FUNDOS E ENTIDADES INTEGRANTES DOS ORÇAMENTOS FISCAL E DA SEGURIDADE SOCIAL COM CONSÓRCIO PÚBLICO D","FUNDO MUNICIPAL DE SAUDE DE CRICIUMA","DESPESAS CORRENTES",1850000,0,1850000,422477.92,422477.92,398711.91,398711.91,23766.01,398711.91,0,398711.91,23766.01,0.0,22.84,22.84,21.55,21.55,21.55,463.99,"fontesRecursos_8bd683c6-2234-4fd2-b4c0-734d92e02111.csv","informacaoPlanejamento_5d0866fb-46de-452c-9e7b-3c13d1c4a1e4.csv","empenhos_d3ff5515-46f5-4cb8-b77b-235026bcd13c.csv"," ","Transf. Fundo a Fundo de Recursos do SUS provenientes do Governo Federal - Bloco de Manutenção das Ações e Serviços Públicos de Saúde"
"FUNDO MUNICIPAL DE SAUDE DE CRICIUMA",2026,"CRICIÚMA MAIS SAÚDE","Manutenção dos Consórcios de Saúde","Garantir a implementação articulada e contínua das ações de promoção, prevenção e atenção curativa no âmbito do sistema municipal de saúde, com ênfase na Atenção Primária por meio da Estratégia Saúde da Família, e no fortalecimento da rede de saúde, assegurando a integralidade, qualidade e eficiência dos serviços para o atendimento integral da população.","FUNDO MUNICIPAL DE SAÚDE","Fundo Mun. de Saúde",Saúde,"Atenção Básica",1243,"Manutenção dos Consórcios de Saúde","TRANSFERÊNCIAS A CONSÓRCIOS PÚBLICOS MEDIANTE CONTRATO DE RATEIO",17,33710000000000,"TRANSFERÊNCIAS A CONSÓRCIOS PÚBLICOS MEDIANTE CONTRATO DE RATEIO","FUNDO MUNICIPAL DE SAUDE DE CRICIUMA","DESPESAS CORRENTES",250000,0,250000,75117.09,75117.09,35458.72,35458.72,39658.37,35458.72,0,35458.72,39658.37,0.0,30.05,30.05,14.18,14.18,14.18,705.05,"fontesRecursos_94f69a0f-1ffa-4059-a32d-56cee9fdcbb1.csv","informacaoPlanejamento_67039077-7cbd-41a1-958c-3d9e0ae32c1d.csv","empenhos_889d1c0e-a996-4378-a005-60a0fec7ffc2.csv"," ","Recursos não Vinculados de Impostos - Saúde"
"FUNDO MUNICIPAL DE SAUDE DE CRICIUMA",2026,"CRICIÚMA MAIS REDE DE URGÊNCIA E EMERGÊNCIA - RUE","Unidades de Pronto Atendimento","Com intuito de atender rapidamente às demandas de saúde com riscos à vida da população, e Garantir a organização eficiente da Rede de Urgência e Emergência, com profissionais capacitados, equipamentos adequados e processos integrados.","FUNDO MUNICIPAL DE SAÚDE","Fundo Mun. de Saúde",Saúde,"Atenção Básica",1048,"Unidades de Pronto Atendimento","APLICAÇÃO DIRETA DECORRENTE DE OPERAÇÃO DE ÓRGÃOS, FUNDOS E ENTIDADES INTEGRANTES DOS ORÇAMENTOS FISCAL E DA SEGURIDADE SOCIAL COM CONSÓRCIO PÚBLICO D",103,33930000000000,"APLICAÇÃO DIRETA DECORRENTE DE OPERAÇÃO DE ÓRGÃOS, FUNDOS E ENTIDADES INTEGRANTES DOS ORÇAMENTOS FISCAL E DA SEGURIDADE SOCIAL COM CONSÓRCIO PÚBLICO D","FUNDO MUNICIPAL DE SAUDE DE CRICIUMA","DESPESAS CORRENTES",0,5000000,5000000,44316.66,44316.66,18275.28,18275.28,26041.38,18275.28,0,18275.28,26041.38,0.0,0.0,0.89,0.0,0.37,0.0,27359.36,"fontesRecursos_d6b0df13-e3ad-40e5-8981-1bbff460c37b.csv","informacaoPlanejamento_3e1430f8-56c9-46fb-895f-e49caea20fd4.csv","empenhos_779e1b13-3ef4-4913-8aaa-59a81a91a520.csv","suplementacoes_68bb64fc-f1f8-47f6-8235-6c62eec9ec8f.csv","Recursos não Vinculados de Impostos - Saúde"
"FUNDO MUNICIPAL DE SAUDE DE CRICIUMA",2026,"CRICIÚMA MAIS SAÚDE","Manutenção dos Consórcios de Saúde","Garantir a implementação articulada e contínua das ações de promoção, prevenção e atenção curativa no âmbito do sistema municipal de saúde, com ênfase na Atenção Primária por meio da Estratégia Saúde da Família, e no fortalecimento da rede de saúde, assegurando a integralidade, qualidade e eficiência dos serviços para o atendimento integral da população.","FUNDO MUNICIPAL DE SAÚDE","Fundo Mun. de Saúde",Saúde,"Atenção Básica",1243,"Manutenção dos Consórcios de Saúde","TRANSFERÊNCIAS A CONSÓRCIOS PÚBLICOS MEDIANTE CONTRATO DE RATEIO",19,44710000000000,"TRANSFERÊNCIAS A CONSÓRCIOS PÚBLICOS MEDIANTE CONTRATO DE RATEIO","FUNDO MUNICIPAL DE SAUDE DE CRICIUMA","DESPESAS DE CAPITAL",50000,0,50000,2025.15,2025.15,740.96,740.96,1284.19,740.96,0,740.96,1284.19,0.0,4.05,4.05,1.48,1.48,1.48,6748.0,"fontesRecursos_c009602d-f09e-4fc8-a959-4ac163cbd1f7.csv","informacaoPlanejamento_f15efff2-e35d-4a20-85a1-c656a56338e9.csv","empenhos_3b4e8ac5-62c3-4026-a965-0056caadcea7.csv"," ","Recursos não Vinculados de Impostos - Saúde"
"PREFEITURA MUNICIPAL DE CRICIUMA",2026,"RESILIÊNCIA E GESTÃO DE RISCOS","Manut. Fdo M. de Defesa Civil","Fortalecer a prevenção, mitigação, preparação, resposta e reconstrução frente a desastres, elevando o Indicador de Capacidade Municipal (ICM) ; Expandir a rede municipal de alertas multicanal; operacionalizar o Fundo Municipal de Defesa Civil para pronta resposta.","GABINETE DO PREFEITO","Defesa Civil","Segurança Pública","Defesa Civil",1249,"Manut. Fdo M. de Defesa Civil","APLICAÇÕES DIRETAS",43,33900000000000,"APLICAÇÕES DIRETAS","PREFEITURA MUNICIPAL DE CRICIUMA","DESPESAS CORRENTES",100000,-23000,77000,63074.08,63074.08,33942.34,33942.34,29131.74,33942.34,0,33942.34,29131.74,0.0,63.07,81.91,33.94,44.08,33.94,226.86,"fontesRecursos_ed8acb86-3ddc-40a2-8bf5-398be4aff9ce.csv","informacaoPlanejamento_794c2bfe-810f-43ec-b1ac-36eee0b219c3.csv","empenhos_fe7cb4dd-1014-4ac8-b24f-e02e92e52c1e.csv","suplementacoes_dd91a665-4245-49a1-86d2-ffefdf6b2a32.csv","Recursos não Vinculados de Impostos"
"FUNDO MUNICIPAL DE SAUDE DE CRICIUMA",2026,"CRICIÚMA MAIS ATENDIMENTO ESPECIALIZADO","Ações em Serviço Social de Saúde Pública Municipal","Ampliar a oferta e qualificação dos serviços especializados, melhorando o acesso e a integração com a atenção básica para assegurar a continuidade do cuidado à população.","FUNDO MUNICIPAL DE SAÚDE","Fundo Mun. de Saúde",Saúde,"Atenção Básica",1266,"Ações em Serviço Social de Saúde Pública Municipal","APLICAÇÕES DIRETAS",102,44900000000000,"APLICAÇÕES DIRETAS","FUNDO MUNICIPAL DE SAUDE DE CRICIUMA","DESPESAS DE CAPITAL",0,700000,700000,319921.78,319921.78,310458.7,310458.7,9463.08,310458.7,0,310458.7,9463.08,0.0,0.0,45.7,0.0,44.35,0.0,225.47,"fontesRecursos_73ad7caf-0056-4617-9f2c-3db042bcdf98.csv","informacaoPlanejamento_738dc604-3f02-42e5-84df-bc33ee94313a.csv","empenhos_539a6f72-f0ce-4f7a-9693-935a95e57d1b.csv","suplementacoes_f8507b73-6d74-47f1-9310-521357a5ba0c.csv","Recursos não Vinculados de Impostos - Saúde"
"FUNDO MUNICIPAL DE SAUDE DE CRICIUMA",2026,"CRICIÚMA MAIS SAÚDE","Incentivo ao Programa de Educação Permanente","Garantir a implementação articulada e contínua das ações de promoção, prevenção e atenção curativa no âmbito do sistema municipal de saúde, com ênfase na Atenção Primária por meio da Estratégia Saúde da Família, e no fortalecimento da rede de saúde, assegurando a integralidade, qualidade e eficiência dos serviços para o atendimento integral da população.","FUNDO MUNICIPAL DE SAÚDE","Fundo Mun. de Saúde",Saúde,"Atenção Básica",1209,"Incentivo ao Programa de Educação Permanente","APLICAÇÕES DIRETAS",15,33900000000000,"APLICAÇÕES DIRETAS","FUNDO MUNICIPAL DE SAUDE DE CRICIUMA","DESPESAS CORRENTES",1125000,0,1125000,363211.0,363211.0,190561.0,190561.0,172650.0,190561.0,0,190561.0,172650.0,0.0,32.29,32.29,16.94,16.94,16.94,590.36,"fontesRecursos_4273d294-ca71-4318-8bc7-99fd52a8efb3.csv","informacaoPlanejamento_6e732434-8a44-4b12-897a-00210d5e24e9.csv","empenhos_abc36bea-d89c-462f-a825-1fba7b4cf647.csv"," ","Recursos não Vinculados de Impostos - Saúde"
"PREFEITURA MUNICIPAL DE CRICIUMA",2026,"MAIS GESTÃO CRICIÚMA","Manut. da Secretaria Geral","Planejar e modernizar a administração municipal com dados gerenciais, reduzindo custos.","GABINETE DO PREFEITO",Secretaria-Geral,Administração,"Administração Geral",1003,"Manut. da Secretaria Geral","APLICAÇÕES DIRETAS",9,33900000000000,"APLICAÇÕES DIRETAS","PREFEITURA MUNICIPAL DE CRICIUMA","DESPESAS CORRENTES",500000,-4600,495400,379936.66,274724.24,257991.74,257765.88,16958.36,257991.74,225.86,257765.88,16958.36,0.0,75.99,76.69,51.6,52.08,51.6,192.02,"fontesRecursos_21fdff79-f741-43ef-9e97-43d5bf3c5516.csv","informacaoPlanejamento_a8e7f147-de68-496e-b90d-981d38721bfe.csv","empenhos_0cbc5ea4-43a9-40fa-8b0c-ed0bf2b55b76.csv","suplementacoes_682a08ac-7bf3-420f-b160-dc5b6a9578fa.csv","Recursos não Vinculados de Impostos"
"PREFEITURA MUNICIPAL DE CRICIUMA",2026,"MAIS GESTÃO CRICIÚMA","Manut. do Gabinete da Sec. de Desenvolv. Econômico, Indústria, Comércio e Serviços","Planejar e modernizar a administração municipal com dados gerenciais, reduzindo custos.","SEC. DES. ECONÔMICO, INDÚSTRIA, COMÉRCIO E SERVIÇO","Gab. Sec. Des. Econ. Indústria, Comércio e Serviço",Administração,"Administração Geral",1268,"Manut. do Gabinete da Sec. de Desenvolv. Econômico, Indústria, Comércio e Serviços","APLICAÇÕES DIRETAS",228,33900000000000,"APLICAÇÕES DIRETAS","PREFEITURA MUNICIPAL DE CRICIUMA","DESPESAS CORRENTES",100000,0,100000,30000.0,30000.0,30000.0,30000.0,0.0,30000.0,0,30000.0,0.0,0.0,30.0,30.0,30.0,30.0,30.0,333.33,"fontesRecursos_be28ad30-03c9-4729-9071-bb1538c70900.csv","informacaoPlanejamento_1b87e99f-b55d-4e9d-80ff-4b3e0cd0a7d5.csv","empenhos_2a77af60-4222-4f1a-95d1-1065e8a61658.csv"," ","Recursos não Vinculados de Impostos"
"PREFEITURA MUNICIPAL DE CRICIUMA",2026,"MAIS GESTÃO CRICIÚMA","Manutenção da Diretoria de Transparência e Acesso à Informação","Planejar e modernizar a administração municipal com dados gerenciais, reduzindo custos.","SECRETARIA DE GOVERNANÇA","Diretoria de Transparência e Acesso à Informação",Administração,"Tecnologia da Informatização",1254,"Manutenção da Diretoria de Transparência e Acesso à Informação","APLICAÇÕES DIRETAS",216,33900000000000,"APLICAÇÕES DIRETAS","PREFEITURA MUNICIPAL DE CRICIUMA","DESPESAS CORRENTES",50000,36000,86000,85800.0,85800.0,60200.0,60200.0,25600.0,53800.0,0,53800.0,32000.0,6400.0,171.6,99.77,120.4,70.0,107.6,159.85,"fontesRecursos_f192f99c-a533-4ca6-9368-52d543c85355.csv","informacaoPlanejamento_d51f0b94-a4e9-474a-be6c-28ca1201dd1a.csv","empenhos_0f4fab6a-4201-4056-91a7-bb899f9298e5.csv","suplementacoes_ba891fa3-1fbc-4502-9ff1-5b9281f4d17b.csv","Recursos não Vinculados de Impostos"
"PREFEITURA MUNICIPAL DE CRICIUMA",2026,"MAIS GESTÃO CRICIÚMA","Manutenção da Diretoria de Planejamento e Estratégia","Planejar e modernizar a administração municipal com dados gerenciais, reduzindo custos.","SECRETARIA DE GOVERNANÇA","Diretoria de Planejamento e Estratégia",Administração,"Administração Geral",1253,"Manutenção da Diretoria de Planejamento e Estratégia","APLICAÇÕES DIRETAS",213,33900000000000,"APLICAÇÕES DIRETAS","PREFEITURA MUNICIPAL DE CRICIUMA","DESPESAS CORRENTES",50000,361000,411000,394875.0,394875.0,338875.08,338875.08,55999.92,283581.73,0,283581.73,111293.27,55293.35,789.75,96.08,677.75,82.45,567.16,144.93,"fontesRecursos_eb86caf4-5fb0-4eb0-ab1e-f9173a24c94b.csv","informacaoPlanejamento_c70afee4-dd18-4977-a0e1-b9bfc8f07c8b.csv","empenhos_d7af90af-b0b9-4e68-a988-29d76ba3b36f.csv","suplementacoes_290cd141-7c04-45bd-b6c0-39b76355138a.csv","Recursos não Vinculados de Impostos - Superávit de Exercícios Anteriores"
"PREFEITURA MUNICIPAL DE CRICIUMA",2026,"MAIS GESTÃO CRICIÚMA","Consórcio Interfederativo Santa Catarina - CINCATARINA","Planejar e modernizar a administração municipal com dados gerenciais, reduzindo custos.","GABINETE DO PREFEITO","Diretoria de Licitações e Contratos",Administração,"Administração Geral",1273,"Consórcio Interfederativo Santa Catarina - CINCATARINA","TRANSFERÊNCIAS A CONSÓRCIOS PÚBLICOS MEDIANTE CONTRATO DE RATEIO",36,31710000000000,"TRANSFERÊNCIAS A CONSÓRCIOS PÚBLICOS MEDIANTE CONTRATO DE RATEIO","PREFEITURA MUNICIPAL DE CRICIUMA","DESPESAS CORRENTES",145000,78460,223460,184320.0,184320.0,138240.0,138240.0,46080.0,138240.0,0,138240.0,46080.0,0.0,127.12,82.48,95.34,61.86,95.34,161.65,"fontesRecursos_58383582-e815-471b-a8a6-f1369c9d1b68.csv","informacaoPlanejamento_1c4f023c-11aa-4715-b1a7-acc4e5f3cf2d.csv","empenhos_fd160b62-8357-40b3-8593-6ae7f923a2a7.csv","suplementacoes_03a2219c-4226-4916-87ec-de7b384e47d1.csv","Recursos não Vinculados de Impostos"
"PREFEITURA MUNICIPAL DE CRICIUMA",2026,"MAIS GESTÃO CRICIÚMA","Consórcio Interfederativo Santa Catarina - CINCATARINA","Planejar e modernizar a administração municipal com dados gerenciais, reduzindo custos.","GABINETE DO PREFEITO","Diretoria de Licitações e Contratos",Administração,"Administração Geral",1273,"Consórcio Interfederativo Santa Catarina - CINCATARINA","TRANSFERÊNCIAS A CONSÓRCIOS PÚBLICOS MEDIANTE CONTRATO DE RATEIO",38,44710000000000,"TRANSFERÊNCIAS A CONSÓRCIOS PÚBLICOS MEDIANTE CONTRATO DE RATEIO","PREFEITURA MUNICIPAL DE CRICIUMA","DESPESAS DE CAPITAL",5500,1100,6600,6600.0,6600.0,4950.0,4950.0,1650.0,4950.0,0,4950.0,1650.0,0.0,120.0,100.0,90.0,75.0,90.0,133.33,"fontesRecursos_ce52ce56-ca9c-4b0a-8d95-a96585f7b5c1.csv","informacaoPlanejamento_081dbfaa-7cc6-47c3-b9b1-fcc0e2fe8e7c.csv","empenhos_9bc416e4-fc9a-41b8-b866-1cc64b058834.csv","suplementacoes_8e7cb5c0-86bf-4869-ad0a-f9a9b3985464.csv","Recursos não Vinculados de Impostos"
"PREFEITURA MUNICIPAL DE CRICIUMA",2026,"MAIS GESTÃO CRICIÚMA","Consórcio Interfederativo Santa Catarina - CINCATARINA","Planejar e modernizar a administração municipal com dados gerenciais, reduzindo custos.","GABINETE DO PREFEITO","Diretoria de Licitações e Contratos",Administração,"Administração Geral",1273,"Consórcio Interfederativo Santa Catarina - CINCATARINA","TRANSFERÊNCIAS A CONSÓRCIOS PÚBLICOS MEDIANTE CONTRATO DE RATEIO",37,33710000000000,"TRANSFERÊNCIAS A CONSÓRCIOS PÚBLICOS MEDIANTE CONTRATO DE RATEIO","PREFEITURA MUNICIPAL DE CRICIUMA","DESPESAS CORRENTES",45000,12600,57600,57600.0,57600.0,43200.0,43200.0,14400.0,43200.0,0,43200.0,14400.0,0.0,128.0,100.0,96.0,75.0,96.0,133.33,"fontesRecursos_849608be-189e-431c-b374-bdb6431eebcf.csv","informacaoPlanejamento_fd0f6696-99fb-436a-afd4-00806f5efd6d.csv","empenhos_e34ce8c3-dcb4-434d-9edd-504e1e67c074.csv","suplementacoes_52f00dcf-c23d-43be-aa66-91b04a6c611b.csv","Recursos não Vinculados de Impostos"
"PREFEITURA MUNICIPAL DE CRICIUMA",2026,"PROTEÇÃO INTEGRADA","Manut. do Convênio Policia Militar","Integrar a atuação municipal às forças estaduais de segurança - Polícia Militar, Polícia Civil e Corpo de Bombeiros - por meio da manutenção e ampliação de convênios, intensificando o policiamento ostensivo, mantendo a segurança, qualificando a investigação, reduzindo índices de criminalidade e o tempo médio de resposta a incêndios e outras emergências. Em paralelo, coordenar em com a União os serviços relacionados ao alistamento militar obrigatório; universalizando o  alistamento, sanando pendências, modernizando processos e difundindo o civismo entre a juventude.","SEC. MUN. DA FAZENDA","Convênio Polícia Militar","Segurança Pública",Policiamento,1027,"Manut. do Convênio Policia Militar","APLICAÇÕES DIRETAS",94,44900000000000,"APLICAÇÕES DIRETAS","PREFEITURA MUNICIPAL DE CRICIUMA","DESPESAS DE CAPITAL",2550000,40931.04,2590931.04,753563.38,747378.38,246295.98,246295.98,501082.4,246295.98,0,246295.98,501082.4,0.0,29.55,29.08,9.66,9.51,9.66,1051.96,"fontesRecursos_ee0e18d9-f684-462d-b9d3-795093529cd3.csv","informacaoPlanejamento_7873cf64-99c4-49c9-b18c-8b2472242f89.csv","empenhos_eeb06bfe-c606-4255-9788-4d382d8e2873.csv","suplementacoes_da5a5d82-d649-453d-a0c4-ba08df7e031c.csv","Outros Recursos Vinculados"
"PREFEITURA MUNICIPAL DE CRICIUMA",2026,"PROTEÇÃO INTEGRADA","Manut. do Convênio Trânsito Policia Civil","Integrar a atuação municipal às forças estaduais de segurança - Polícia Militar, Polícia Civil e Corpo de Bombeiros - por meio da manutenção e ampliação de convênios, intensificando o policiamento ostensivo, mantendo a segurança, qualificando a investigação, reduzindo índices de criminalidade e o tempo médio de resposta a incêndios e outras emergências. Em paralelo, coordenar em com a União os serviços relacionados ao alistamento militar obrigatório; universalizando o  alistamento, sanando pendências, modernizando processos e difundindo o civismo entre a juventude.","SEC. MUN. DA FAZENDA","Convênio Trânsito - Polícia Civil","Segurança Pública",Policiamento,1028,"Manut. do Convênio Trânsito Policia Civil","APLICAÇÕES DIRETAS",96,44900000000000,"APLICAÇÕES DIRETAS","PREFEITURA MUNICIPAL DE CRICIUMA","DESPESAS DE CAPITAL",2000000,-500000,1500000,88146.98,87096.98,87096.98,87096.98,0.0,87096.98,0,87096.98,0.0,0.0,4.41,5.88,4.35,5.81,4.35,1722.22,"fontesRecursos_4ce56163-5ede-4080-9936-b792891e0ba8.csv","informacaoPlanejamento_891fb8b4-0554-412b-8450-c73c6d830729.csv","empenhos_456f0de1-9bc7-4aab-a34b-7466947964a0.csv","suplementacoes_ef2bf38f-1889-400a-881c-e4d1136f453f.csv","Recursos Vinculados ao Trânsito  Polícia Civil"
"FUNDO MUNICIPAL DE SAUDE DE CRICIUMA",2026,"CRICIÚMA MAIS SAÚDE BUCAL","Manutenção Saúde Bucal APS","Ampliar e qualificar o acesso à saúde bucal na rede de atenção à Saúde pública.","FUNDO MUNICIPAL DE SAÚDE","Fundo Mun. de Saúde",Saúde,"Atenção Básica",1060,"Manutenção Saúde Bucal APS","APLICAÇÕES DIRETAS",43,33900000000000,"APLICAÇÕES DIRETAS","FUNDO MUNICIPAL DE SAUDE DE CRICIUMA","DESPESAS CORRENTES",1320000,0,1320000,932644.89,905472.83,636470.11,636470.11,269002.72,636470.11,0,636470.11,269002.72,0.0,70.65,70.65,48.22,48.22,48.22,207.39,"fontesRecursos_b3c9dc2e-8ecb-49ad-b0ce-7b036a49243d.csv","informacaoPlanejamento_39b53454-6ab2-458c-a0f8-f86d511264dd.csv","empenhos_ffd20632-863c-443a-aaf7-18227f1b6890.csv","suplementacoes_fac793de-c9f3-4349-887b-5da0a1e1e42e.csv","Recursos não Vinculados de Impostos - Saúde"
"PREFEITURA MUNICIPAL DE CRICIUMA",2026,"MAIS GESTÃO CRICIÚMA","Manutenção da Diretoria de Parques e Praças","Planejar e modernizar a administração municipal com dados gerenciais, reduzindo custos.","GABINETE DO PREFEITO","Diretoria de Parques e Praças","Desporto e Lazer",Lazer,1248,"Manutenção da Diretoria de Parques e Praças","APLICAÇÕES DIRETAS",40,33900000000000,"APLICAÇÕES DIRETAS","PREFEITURA MUNICIPAL DE CRICIUMA","DESPESAS CORRENTES",2600000,-1146000,1454000,398599.27,398599.27,182480.02,182480.02,216119.25,178917.42,0,178917.42,219681.85,3562.6,15.33,27.41,7.02,12.55,6.88,812.67,"fontesRecursos_2a94bb31-48e6-4f9c-bd3d-c287ffa6652a.csv","informacaoPlanejamento_581c3ed8-9151-4cc5-b897-42cf295f14c7.csv","empenhos_c66c77ef-e499-4916-93c4-f9ffa8b42bad.csv","suplementacoes_0f9ddf1f-32a7-4feb-bc34-fbfa532f545f.csv","Recursos não Vinculados de Impostos"
"PREFEITURA MUNICIPAL DE CRICIUMA",2026,"CRICIÚMA MAIS DEFENSORIA PÚBLICA","Manut. da Procuradoria Geral","Assegurar a adequada representação judicial e extrajudicial do Município, promovendo a legalidade e a segurança jurídica nos atos administrativos. Ampliar o acesso da população a instrumentos de defesa de direitos, especialmente nas relações de consumo, por meio do fortalecimento do PROCON Municipal. Qualificar a atuação da Procuradoria-Geral do Município, promovendo eficiência na análise jurídica, controle da judicialização e orientação técnica às secretarias e órgãos municipais.","PROCURADORIA GERAL DO MUNICIPIO - PGM","Defensoria Publica",Judiciária,"Defesa do Interesse  Púb.No Processo Judiciário",1016,"Manut. da Procuradoria Geral","APLICAÇÕES DIRETAS",64,33900000000000,"APLICAÇÕES DIRETAS","PREFEITURA MUNICIPAL DE CRICIUMA","DESPESAS CORRENTES",500000,11000,511000,145614.73,94353.11,61950.73,60689.11,33664.0,56175.08,1261.62,54913.46,39439.65,5775.65,29.12,28.5,12.39,12.12,11.24,909.66,"fontesRecursos_2882200a-7ad6-4a72-802a-5331ca1fc464.csv","informacaoPlanejamento_f24663f6-dc90-4687-ba15-0b2339f58163.csv","empenhos_1280cebe-9c49-42bb-98da-7c05ff6bbb9a.csv","suplementacoes_90af1663-8c18-40ae-97d7-db820b4e3eda.csv","Recursos não Vinculados de Impostos"
"PREFEITURA MUNICIPAL DE CRICIUMA",2026,"MAIS GESTÃO CRICIÚMA","Manutenção da Diretoria de Patrimônio","Planejar e modernizar a administração municipal com dados gerenciais, reduzindo custos.","GABINETE DO PREFEITO","Diretoria de Patrimônio",Administração,"Administração Geral",1247,"Manutenção da Diretoria de Patrimônio","APLICAÇÕES DIRETAS",23,31900000000000,"APLICAÇÕES DIRETAS","PREFEITURA MUNICIPAL DE CRICIUMA","DESPESAS CORRENTES",1800000,9250,1809250,1736031.72,1736031.72,1736031.72,1736031.72,0.0,1736031.72,0,1736031.72,0.0,0.0,96.45,95.95,96.45,95.95,96.45,104.22,"fontesRecursos_40f68c4d-9787-44d0-b3f3-bf213e9a5849.csv","informacaoPlanejamento_6f935d65-a075-4cfa-8fc5-a4a13dc7ba72.csv","empenhos_8121302c-33ab-4ff2-82a8-d9bb142ed81b.csv","suplementacoes_8537b22f-9bd6-4472-b612-06233483e52e.csv","Recursos não Vinculados de Impostos"
"PREFEITURA MUNICIPAL DE CRICIUMA",2026,"CRICIÚMA MAIS DEFENSORIA PÚBLICA","Manut. Fundo de Defesa dos Dir. Difusos-FMDD / Procon","Assegurar a adequada representação judicial e extrajudicial do Município, promovendo a legalidade e a segurança jurídica nos atos administrativos. Ampliar o acesso da população a instrumentos de defesa de direitos, especialmente nas relações de consumo, por meio do fortalecimento do PROCON Municipal. Qualificar a atuação da Procuradoria-Geral do Município, promovendo eficiência na análise jurídica, controle da judicialização e orientação técnica às secretarias e órgãos municipais.","PROCURADORIA GERAL DO MUNICIPIO - PGM","PROCON Municipal","Direitos da Cidadania","Direitos Individuais, Coletivos e Difusos",1018,"Manut. Fundo de Defesa dos Dir. Difusos-FMDD / Procon","APLICAÇÕES DIRETAS",66,31900000000000,"APLICAÇÕES DIRETAS","PREFEITURA MUNICIPAL DE CRICIUMA","DESPESAS CORRENTES",900000,0,900000,428275.57,428275.57,428275.57,428275.57,0.0,428275.57,0,428275.57,0.0,0.0,47.59,47.59,47.59,47.59,47.59,210.15,"fontesRecursos_4e112707-48d5-45bc-a6e6-575728c7f885.csv","informacaoPlanejamento_28579bb9-f9ad-455f-84f9-965124f85b9d.csv","empenhos_93b81305-8a81-4ac4-a5ac-c4ddd94c903a.csv"," ","Recursos não Vinculados de Impostos"
"PREFEITURA MUNICIPAL DE CRICIUMA",2026,"CRICIÚMA MAIS DESENVOLVIMENTO","Edificações Publicas","Elaborar projetos arquitetônicos, urbanísticos e geométricos (rodoviários) de espaços públicos; Revisar e regulamentar constantemente a legislação urbanística do Plano Diretor; Executar obras de edificações e espaços públicos de interesse da coletividade. Garantir o desenvolvimento econômico do município por meio de execução de obras significativas ao crescimento urbano.Tornar à cidade mais humanizada, bonita e agradável de se viver, sempre em conformidade com o Plano Diretor do Município.","SECRETARIA DE INFRAESTRUTURA E OBRAS","Edificações Públicas",Urbanismo,"Infra-Estrutura Urbana",1074,"Edificações Publicas","APLICAÇÕES DIRETAS",179,31900000000000,"APLICAÇÕES DIRETAS","PREFEITURA MUNICIPAL DE CRICIUMA","DESPESAS CORRENTES",3100000,0,3100000,1492181.35,1492181.35,1492181.35,1492181.35,0.0,1492181.35,0,1492181.35,0.0,0.0,48.13,48.13,48.13,48.13,48.13,207.75,"fontesRecursos_0e8e74f7-8fc6-46c6-a059-c19d045210ed.csv","informacaoPlanejamento_255fcc14-0922-4aac-883d-d2a3ea0bbd87.csv","empenhos_943ed469-bb0f-4441-b40d-6059562cc635.csv"," ","Recursos não Vinculados de Impostos"
"PREFEITURA MUNICIPAL DE CRICIUMA",2026,"MAIS GESTÃO CRICIÚMA","Manut. da Diretoria de Licitações e Contratos","Planejar e modernizar a administração municipal com dados gerenciais, reduzindo custos.","GABINETE DO PREFEITO","Diretoria de Licitações e Contratos",Administração,"Administração Geral",1012,"Manut. da Diretoria de Licitações e Contratos","APLICAÇÕES DIRETAS",34,33900000000000,"APLICAÇÕES DIRETAS","PREFEITURA MUNICIPAL DE CRICIUMA","DESPESAS CORRENTES",110000,250000,360000,303307.52,253871.65,202264.5,196671.63,57200.02,188296.1,5592.87,182703.23,71168.42,13968.4,275.73,84.25,183.88,56.18,171.18,191.19,"fontesRecursos_7140daa8-80df-4232-8997-2d37c3727d3e.csv","informacaoPlanejamento_3214834f-62c7-410f-b303-0c4f11f8e350.csv","empenhos_47a8573b-6daa-4acf-b4a1-e8cc4173870f.csv","suplementacoes_61ee8843-5198-4ffd-98c0-58dccf579564.csv","Recursos não Vinculados de Impostos"
"PREFEITURA MUNICIPAL DE CRICIUMA",2026,"MAIS GESTÃO CRICIÚMA","Manut. Fdo. Gerência de Agricultura e Agronegócio / Diretoria de Agricultura","Planejar e modernizar a administração municipal com dados gerenciais, reduzindo custos.","SEC. DES. ECONÔMICO, INDÚSTRIA, COMÉRCIO E SERVIÇO","Diretoria de Agricultura",Agricultura,"Extensão Rural",1026,"Manut. Fdo. Gerência de Agricultura e Agronegócio / Diretoria de Agricultura","APLICAÇÕES DIRETAS",236,31900000000000,"APLICAÇÕES DIRETAS","PREFEITURA MUNICIPAL DE CRICIUMA","DESPESAS CORRENTES",1100000,0,1100000,589106.43,589106.43,589106.43,589106.43,0.0,589106.43,0,589106.43,0.0,0.0,53.56,53.56,53.56,53.56,53.56,186.72,"fontesRecursos_122e1392-e27a-4010-bdfb-b1bead3c4ac4.csv","informacaoPlanejamento_127571bd-4545-4d33-bdba-c0d233539dd9.csv","empenhos_c0b593b7-a439-4258-bb7e-64c55b882af9.csv"," ","Recursos não Vinculados de Impostos"
"PREFEITURA MUNICIPAL DE CRICIUMA",2026,"MAIS GESTÃO CRICIÚMA","Manutenção Fdo Municipal do Turismo-FUMTUR / Diretoria de Turismo","Planejar e modernizar a administração municipal com dados gerenciais, reduzindo custos.","SEC. DES. ECONÔMICO, INDÚSTRIA, COMÉRCIO E SERVIÇO","Diretoria de Turismo","Comércio e Serviços",Turismo,1219,"Manutenção Fdo Municipal do Turismo-FUMTUR / Diretoria de Turismo","APLICAÇÕES DIRETAS",233,31900000000000,"APLICAÇÕES DIRETAS","PREFEITURA MUNICIPAL DE CRICIUMA","DESPESAS CORRENTES",450000,0,450000,188652.06,188652.06,188652.06,188652.06,0.0,188652.06,0,188652.06,0.0,0.0,41.92,41.92,41.92,41.92,41.92,238.53,"fontesRecursos_a86fe71f-dc1e-4626-97b5-c572d6035552.csv","informacaoPlanejamento_668e177b-1119-44f8-bd2b-79558aa6b5eb.csv","empenhos_0b8de340-c0f4-48e9-9fa0-5fb638dc8971.csv"," ","Recursos não Vinculados de Impostos"
"PREFEITURA MUNICIPAL DE CRICIUMA",2026,"EDUCAÇÃO PARA A INCLUSÃO E DIVERSIDADE","Educação Inclusiva","Garantir uma educação inclusiva e de qualidade para todos os estudantes com necessidades específicas, por meio da ampliação do suporte pedagógico, psicológico e terapêutico, da valorização de profissionais especializados e da estruturação de espaços e recursos acessíveis.","SEC. MUN. DE EDUCAÇÃO","Educação para a Inclusão",Educação,"Ensino Fundamental",1041,"Educação Inclusiva","APLICAÇÕES DIRETAS",139,31900000000000,"APLICAÇÕES DIRETAS","PREFEITURA MUNICIPAL DE CRICIUMA","DESPESAS CORRENTES",3250000,0,3250000,1673713.08,1673713.08,1673713.08,1673713.08,0.0,1673713.08,0,1673713.08,0.0,0.0,51.5,51.5,51.5,51.5,51.5,194.18,"fontesRecursos_95ce0b33-df27-4324-9877-db8922c42ce9.csv","informacaoPlanejamento_2de0a930-7746-4a39-a6cf-00e513eb16cb.csv","empenhos_69f637a2-bd63-46c8-b77b-a1b31b9ee6e8.csv"," ","Transferências do FUNDEB - Impostos e Transferências de Impostos - 30%"
"PREFEITURA MUNICIPAL DE CRICIUMA",2026,"RESILIÊNCIA E GESTÃO DE RISCOS","Manut. Fdo M. de Defesa Civil","Fortalecer a prevenção, mitigação, preparação, resposta e reconstrução frente a desastres, elevando o Indicador de Capacidade Municipal (ICM) ; Expandir a rede municipal de alertas multicanal; operacionalizar o Fundo Municipal de Defesa Civil para pronta resposta.","GABINETE DO PREFEITO","Defesa Civil","Segurança Pública","Defesa Civil",1249,"Manut. Fdo M. de Defesa Civil","APLICAÇÕES DIRETAS",42,31900000000000,"APLICAÇÕES DIRETAS","PREFEITURA MUNICIPAL DE CRICIUMA","DESPESAS CORRENTES",2450000,0,2450000,1226885.95,1226885.95,1226885.95,1226885.95,0.0,1226885.95,0,1226885.95,0.0,0.0,50.08,50.08,50.08,50.08,50.08,199.69,"fontesRecursos_127fd2a8-4dda-4124-ae8f-2d357f735fac.csv","informacaoPlanejamento_a5d6a0f0-742a-4671-aa87-ef3f293e6a2f.csv","empenhos_514894a5-2ccb-4619-a573-0fbb62b849a6.csv"," ","Recursos não Vinculados de Impostos"
"PREFEITURA MUNICIPAL DE CRICIUMA",2026,"MAIS GESTÃO CRICIÚMA","Manutenção da Diretoria de Convênios e Captação de Recursos","Planejar e modernizar a administração municipal com dados gerenciais, reduzindo custos.","SECRETARIA DE GOVERNANÇA","Diretoria de Convênios e Captação de Recursos",Administração,"Tecnologia da Informatização",1252,"Manutenção da Diretoria de Convênios e Captação de Recursos","APLICAÇÕES DIRETAS",209,31900000000000,"APLICAÇÕES DIRETAS","PREFEITURA MUNICIPAL DE CRICIUMA","DESPESAS CORRENTES",200000,-10415,189585,156856.39,156856.39,156856.39,156856.39,0.0,156856.39,0,156856.39,0.0,0.0,78.43,82.74,78.43,82.74,78.43,120.87,"fontesRecursos_d2fe39b3-b11b-4489-963a-1a45c2af7a03.csv","informacaoPlanejamento_d3c08457-791b-4020-aee0-f20f01fdf451.csv","empenhos_99142cbd-4b01-430d-8864-e2d0e341b808.csv","suplementacoes_4d463189-8a32-48c6-88ef-7935afe5d801.csv","Recursos não Vinculados de Impostos"
"PREFEITURA MUNICIPAL DE CRICIUMA",2026,"MAIS GESTÃO CRICIÚMA","Manutenção da Coordenadoria-Geral de Gestão e Compliance","Planejar e modernizar a administração municipal com dados gerenciais, reduzindo custos.","COORDENADORIA-GERAL DE GESTÃO E COMPLIANCE","Coordenadoria-Geral de Gestão e Compliance",Administração,"Administração Geral",1256,"Manutenção da Coordenadoria-Geral de Gestão e Compliance","APLICAÇÕES DIRETAS",224,31900000000000,"APLICAÇÕES DIRETAS","PREFEITURA MUNICIPAL DE CRICIUMA","DESPESAS CORRENTES",1000000,-6000,994000,794263.17,794263.17,794263.17,794263.17,0.0,794263.17,0,794263.17,0.0,0.0,79.43,79.91,79.43,79.91,79.43,125.15,"fontesRecursos_f9143c5e-2d42-4ac2-9d32-2927f773511b.csv","informacaoPlanejamento_fe7316b8-f732-42cf-951c-d4cc4094def6.csv","empenhos_b628c80c-d1c8-436a-992a-9d9848fe1070.csv","suplementacoes_7b66d89e-81ea-475a-8f5b-bab348246614.csv","Recursos não Vinculados de Impostos"
"PREFEITURA MUNICIPAL DE CRICIUMA",2026,"MAIS GESTÃO CRICIÚMA","Manut. da Diretoria de Cadastro Imobiliário","Planejar e modernizar a administração municipal com dados gerenciais, reduzindo custos.","SEC. MUN. DA FAZENDA","Diretoria de Cadastro Imobiliário",Administração,"Administração Geral",1022,"Manut. da Diretoria de Cadastro Imobiliário","APLICAÇÕES DIRETAS",88,31900000000000,"APLICAÇÕES DIRETAS","PREFEITURA MUNICIPAL DE CRICIUMA","DESPESAS CORRENTES",600000,558000,1158000,912425.05,912425.05,912425.05,912425.05,0.0,912425.05,0,912425.05,0.0,0.0,152.07,78.79,152.07,78.79,152.07,126.91,"fontesRecursos_c7889efc-421a-4c82-aaa3-e12ee3e66480.csv","informacaoPlanejamento_3c0cfd60-b1b9-493e-8ccc-0a88b5aafcf3.csv","empenhos_eb57883e-a200-4029-972a-36b337fc50cd.csv","suplementacoes_c4b58cb8-4eca-4b22-a107-592fa547e498.csv","Recursos não Vinculados de Impostos"
"PREFEITURA MUNICIPAL DE CRICIUMA",2026,"MAIS GESTÃO CRICIÚMA","Manut. do Gabinete/Assessoria do Prefeito","Planejar e modernizar a administração municipal com dados gerenciais, reduzindo custos.","GABINETE DO PREFEITO","Gabinete do Prefeito / Assessoria de Gabinete",Administração,"Administração Geral",1002,"Manut. do Gabinete/Assessoria do Prefeito","APLICAÇÕES DIRETAS",1,31900000000000,"APLICAÇÕES DIRETAS","PREFEITURA MUNICIPAL DE CRICIUMA","DESPESAS CORRENTES",4130000,-271606.85,3858393.15,2203475.21,2203475.21,2203475.21,2203475.21,0.0,2203475.21,0,2203475.21,0.0,0.0,53.35,57.11,53.35,57.11,53.35,175.1,"fontesRecursos_ffe427cd-f48d-4290-8414-aa9a2ab69a9f.csv","informacaoPlanejamento_d9e5297e-3de0-4380-9d10-ed54ed657f88.csv","empenhos_dc064369-16a0-4a0d-b460-21a4fb250b99.csv","suplementacoes_2c630f18-15cd-41cb-acb9-a612c9ba6ea8.csv","Recursos não Vinculados de Impostos"
"PREFEITURA MUNICIPAL DE CRICIUMA",2026,"EDUCAÇÃO PARA A INCLUSÃO E DIVERSIDADE","Educação Inclusiva","Garantir uma educação inclusiva e de qualidade para todos os estudantes com necessidades específicas, por meio da ampliação do suporte pedagógico, psicológico e terapêutico, da valorização de profissionais especializados e da estruturação de espaços e recursos acessíveis.","SEC. MUN. DE EDUCAÇÃO","Educação para a Inclusão",Educação,"Ensino Fundamental",1041,"Educação Inclusiva","APLICAÇÕES DIRETAS",140,33900000000000,"APLICAÇÕES DIRETAS","PREFEITURA MUNICIPAL DE CRICIUMA","DESPESAS CORRENTES",150000,0,150000,2056.22,2056.22,2056.22,2056.22,0.0,2056.22,0,2056.22,0.0,0.0,1.37,1.37,1.37,1.37,1.37,7294.94,"fontesRecursos_204df891-b266-4e5f-bbaf-5e53510c8d1e.csv","informacaoPlanejamento_04fef5f9-b8c3-45e2-bd69-d197fd8f3af8.csv","empenhos_33f303e0-0b11-41f9-8446-e0b5489cfd60.csv"," ","Recursos não Vinculados de Impostos - Educação"
"PREFEITURA MUNICIPAL DE CRICIUMA",2026,"MAIS GESTÃO CRICIÚMA","Manut. da Diretoria de Comunicação","Planejar e modernizar a administração municipal com dados gerenciais, reduzindo custos.","GABINETE DO PREFEITO","Diretoria de Comunicação",Administração,"Administração Geral",1011,"Manut. da Diretoria de Comunicação","APLICAÇÕES DIRETAS",14,31900000000000,"APLICAÇÕES DIRETAS","PREFEITURA MUNICIPAL DE CRICIUMA","DESPESAS CORRENTES",850000,-65500,784500,322035.69,322035.69,322035.69,322035.69,0.0,322035.69,0,322035.69,0.0,0.0,37.89,41.05,37.89,41.05,37.89,243.61,"fontesRecursos_a98af186-5779-4e52-88ae-bca0fd5bddf4.csv","informacaoPlanejamento_ba892ea1-22e7-4c1f-8dd4-e8cabcebea79.csv","empenhos_1b3fedad-cc04-4399-b689-69f27c18e967.csv","suplementacoes_a2a39486-dfac-46f2-bf27-61d24bbbda05.csv","Recursos não Vinculados de Impostos"
"PREFEITURA MUNICIPAL DE CRICIUMA",2026,"FORMAÇÃO E VALORIZAÇÃO DOS PROFISSIONAIS DA EDUCAÇÃO","Profissionais da Educação Básica","Fortalecer a formação continuada e a valorização dos profissionais da educação, promovendo práticas pedagógicas inovadoras, inclusivas e alinhadas às diretrizes educacionais, com foco na melhoria da aprendizagem.","SEC. MUN. DE EDUCAÇÃO","Valorização da Educação Básica",Educação,"Ensino Fundamental",1033,"Profissionais da Educação Básica","APLICAÇÕES DIRETAS",126,33900000000000,"APLICAÇÕES DIRETAS","PREFEITURA MUNICIPAL DE CRICIUMA","DESPESAS CORRENTES",9600000,-1948958.18,7651041.82,6172488.52,6172488.52,5668592.77,5668592.77,503895.75,5668592.77,0,5668592.77,503895.75,0.0,64.3,80.68,59.05,74.09,59.05,134.97,"fontesRecursos_14647054-2e27-450d-b2cd-66e35229f1e3.csv","informacaoPlanejamento_6e187477-7f9b-438f-8ad9-a06f30d2ae14.csv","empenhos_45a666ec-a90e-4c57-9707-8293fac1b964.csv","suplementacoes_59eb3012-2249-45dc-b959-924796f7586e.csv","Transferências do FUNDEB - Impostos e Transferências de Impostos - 30%"
"PREFEITURA MUNICIPAL DE CRICIUMA",2026,"PROMOÇÃO DA CULTURA, DIVERSIDADE E EQUIDADE","Valorização da Diversidade Étnico-Racial na Educação Básica","Fortalecer a educação para a diversidade étnico-racial, por meio da implementação sistemática das Leis n 10.639/03 e 11.645/08, da valorização das culturas afro-brasileira, indígena e demais etnias, e da promoção de práticas pedagógicas inclusivas, antirracistas e equitativas.","SEC. MUN. DE EDUCAÇÃO","Valorização da Diversidade Étnico-Racial na Educaç",Educação,"Ensino Fundamental",1044,"Valorização da Diversidade Étnico-Racial na Educação Básica","APLICAÇÕES DIRETAS",149,31900000000000,"APLICAÇÕES DIRETAS","PREFEITURA MUNICIPAL DE CRICIUMA","DESPESAS CORRENTES",320000,0,320000,115530.23,115530.23,115530.23,115530.23,0.0,115530.23,0,115530.23,0.0,0.0,36.1,36.1,36.1,36.1,36.1,276.98,"fontesRecursos_a9904bfd-71cd-4cfd-8e9c-e1bf106c3473.csv","informacaoPlanejamento_92341a4b-00a8-4d73-a2cd-63aa51e310e4.csv","empenhos_ddb480be-abab-4655-a0bd-a16c4fa4fa77.csv"," ","Transferências do FUNDEB - Impostos e Transferências de Impostos - 70%"
"PREFEITURA MUNICIPAL DE CRICIUMA",2026,"CRICIÚMA MAIS SUPORTE À GESTÃO","Manut. do Gabinete/Assessoria do Vice Prefeito","Integrar e fortalecer as ações de apoio técnico, operacional, tecnológico e administrativo que garantam maior eficiência à gestão pública municipal. Assegurar que os processos internos estejam alinhados com as metas estratégicas do governo, contribuindo diretamente para a modernização e otimização da administração.","GABINETE DO VICE-PREFEITO","Gabinete do Vice-Prefeito / Assess. Vice-Prefeito",Administração,"Administração Geral",1015,"Manut. do Gabinete/Assessoria do Vice Prefeito","APLICAÇÕES DIRETAS",60,31900000000000,"APLICAÇÕES DIRETAS","PREFEITURA MUNICIPAL DE CRICIUMA","DESPESAS CORRENTES",450000,0,450000,284541.92,284541.92,284541.92,284541.92,0.0,284541.92,0,284541.92,0.0,0.0,63.23,63.23,63.23,63.23,63.23,158.15,"fontesRecursos_943f8cc2-9766-4a4a-9232-67a206a35bba.csv","informacaoPlanejamento_188556a8-6909-4312-a02b-5a924bd0bac5.csv","empenhos_66bb24dc-2062-42eb-b2c8-e61d9dc8bcdd.csv"," ","Recursos não Vinculados de Impostos"
"PREFEITURA MUNICIPAL DE CRICIUMA",2026,"GESTÃO DA QUALIDADE NA EDUCAÇÃO INFANTIL","Creches e Pré-Escolares - Educação Infantil","Assegurar o desenvolvimento integral das crianças na Educação Infantil, por meio da qualificação pedagógica, da ampliação da infraestrutura e da gestão equitativa da oferta de vagas, garantindo acesso, qualidade e equidade no atendimento.","SEC. MUN. DE EDUCAÇÃO","Creches e Pré-Escolares",Educação,"Educação Infantil",1031,"Creches e Pré-Escolares - Educação Infantil","APLICAÇÕES DIRETAS",106,31900000000000,"APLICAÇÕES DIRETAS","PREFEITURA MUNICIPAL DE CRICIUMA","DESPESAS CORRENTES",58500000,0,58500000,2.223573963E7,2.223573963E7,2.223573963E7,2.223573963E7,0.0,2.223573963E7,0,2.223573963E7,0.0,0.0,38.01,38.01,38.01,38.01,38.01,263.09,"fontesRecursos_b0c32783-e844-49df-8b7e-b2250d95260a.csv","informacaoPlanejamento_3d160d65-f536-4e1b-80fa-9443d128e86e.csv","empenhos_71df2752-a89f-4e94-9e68-9ce9aaac2f6e.csv"," ","Transferências do FUNDEB - Impostos e Transferências de Impostos - 30%"
"PREFEITURA MUNICIPAL DE CRICIUMA",2026,"MAIS GESTÃO CRICIÚMA","Manut. da Diretoria de Tecnologia e Inovação","Planejar e modernizar a administração municipal com dados gerenciais, reduzindo custos.","SECRETARIA DE GOVERNANÇA","Diretoria de Tecnologia e Inovação",Administração,"Tecnologia da Informatização",1010,"Manut. da Diretoria de Tecnologia e Inovação","APLICAÇÕES DIRETAS",206,31900000000000,"APLICAÇÕES DIRETAS","PREFEITURA MUNICIPAL DE CRICIUMA","DESPESAS CORRENTES",1300000,0,1300000,646013.79,646013.79,646013.79,646013.79,0.0,646013.79,0,646013.79,0.0,0.0,49.69,49.69,49.69,49.69,49.69,201.23,"fontesRecursos_b0f3c416-9948-4237-b3ab-19d08909937b.csv","informacaoPlanejamento_4ed6e1d2-048e-4ae6-9ced-037f8c19504f.csv","empenhos_ffde1023-7e29-4827-a1f8-67baaaf681ca.csv"," ","Recursos não Vinculados de Impostos"
"PREFEITURA MUNICIPAL DE CRICIUMA",2026,"EDUCAÇÃO DE JOVENS E ADULTOS  INCLUSÃO, QUALIDADE E ACESSO AO MUNDO DO TRABALHO","Alfabetização de Jovens, Adultos e Idosos","Ampliar o acesso, a permanência e a qualificação da Educação de Jovens e Adultos, por meio de uma oferta inclusiva, integrada à formação profissional e adaptada às diversidades sociais e culturais, promovendo elevação da escolaridade e inserção no mundo do trabalho.","SEC. MUN. DE EDUCAÇÃO","Alfabetização de Jovens e Adultos",Educação,"Ensino Fundamental",1040,"Alfabetização de Jovens, Adultos e Idosos","APLICAÇÕES DIRETAS",110,31900000000000,"APLICAÇÕES DIRETAS","PREFEITURA MUNICIPAL DE CRICIUMA","DESPESAS CORRENTES",1000000,0,1000000,498795.38,498795.38,498795.38,498795.38,0.0,498795.38,0,498795.38,0.0,0.0,49.88,49.88,49.88,49.88,49.88,200.48,"fontesRecursos_f7a2c1f5-9b30-4d63-8ebb-9d659258a36a.csv","informacaoPlanejamento_be383dc6-47c2-4254-b586-e4c8ec60a0b4.csv","empenhos_c4ac7506-904e-4016-9efb-18a9f390e91c.csv"," ","Transferências do FUNDEB - Impostos e Transferências de Impostos - 70%"
"PREFEITURA MUNICIPAL DE CRICIUMA",2026,"MAIS GESTÃO CRICIÚMA","Manut. da Diretoria de Licitações e Contratos","Planejar e modernizar a administração municipal com dados gerenciais, reduzindo custos.","GABINETE DO PREFEITO","Diretoria de Licitações e Contratos",Administração,"Administração Geral",1012,"Manut. da Diretoria de Licitações e Contratos","APLICAÇÕES DIRETAS",33,31900000000000,"APLICAÇÕES DIRETAS","PREFEITURA MUNICIPAL DE CRICIUMA","DESPESAS CORRENTES",2100000,-250000,1850000,1239172.75,1239172.75,1239172.75,1239172.75,0.0,1239172.75,0,1239172.75,0.0,0.0,59.01,66.98,59.01,66.98,59.01,149.29,"fontesRecursos_705705bd-cb18-42f5-832a-a9379eac297a.csv","informacaoPlanejamento_b0906bcb-159d-4a82-93ac-9585cbfcd760.csv","empenhos_9fb264a2-138c-4075-adc5-4a881bcbef61.csv","suplementacoes_c7bcf03b-090a-438a-a4cd-6a5941f6bcbb.csv","Recursos não Vinculados de Impostos"
"PREFEITURA MUNICIPAL DE CRICIUMA",2026,"CRICIÚMA MAIS DEFENSORIA PÚBLICA","Manut. da Procuradoria Geral","Assegurar a adequada representação judicial e extrajudicial do Município, promovendo a legalidade e a segurança jurídica nos atos administrativos. Ampliar o acesso da população a instrumentos de defesa de direitos, especialmente nas relações de consumo, por meio do fortalecimento do PROCON Municipal. Qualificar a atuação da Procuradoria-Geral do Município, promovendo eficiência na análise jurídica, controle da judicialização e orientação técnica às secretarias e órgãos municipais.","PROCURADORIA GERAL DO MUNICIPIO - PGM","Defensoria Publica",Judiciária,"Defesa do Interesse  Púb.No Processo Judiciário",1016,"Manut. da Procuradoria Geral","APLICAÇÕES DIRETAS",63,31900000000000,"APLICAÇÕES DIRETAS","PREFEITURA MUNICIPAL DE CRICIUMA","DESPESAS CORRENTES",7550000,0,7550000,3993832.19,3993832.19,3993832.19,3993832.19,0.0,3993832.19,0,3993832.19,0.0,0.0,52.9,52.9,52.9,52.9,52.9,189.04,"fontesRecursos_f6b39a22-cda1-4211-9a36-481a4dffe9d3.csv","informacaoPlanejamento_1fc96fa1-d5e7-42e5-9510-cdfd797197c4.csv","empenhos_2585eef2-8501-431a-b311-f19cb4914d7f.csv"," ","Outros Recursos não Vinculados"
"PREFEITURA MUNICIPAL DE CRICIUMA",2026,"GESTÃO E EQUILÍBRIO FISCAL","Manut. do Gabinete da Secretaria da Fazenda","Garantir a estabilidade macroeconômica e o equilíbrio fiscal do município, buscando uma gestão financeira sustentável, por meio do controle da aplicação dos recursos públicos e acompanhamento da execução financeira.","SEC. MUN. DA FAZENDA","Administração Fazendária",Administração,"Administração Financeira",1019,"Manut. do Gabinete da Secretaria da Fazenda","APLICAÇÕES DIRETAS",78,31900000000000,"APLICAÇÕES DIRETAS","PREFEITURA MUNICIPAL DE CRICIUMA","DESPESAS CORRENTES",1800000,300000,2100000,1934989.74,1934989.74,1934989.74,1934989.74,0.0,1934989.74,0,1934989.74,0.0,0.0,107.5,92.14,107.5,92.14,107.5,108.53,"fontesRecursos_0a03b262-cf76-4c39-a06b-18ffe7ada7bb.csv","informacaoPlanejamento_c0832642-6c1b-4cd1-9914-79c62e4916be.csv","empenhos_9354cd05-d34a-456a-8f58-cf1869ad3917.csv","suplementacoes_bf26d550-2fca-4c02-866a-18d1d64b4029.csv","Recursos não Vinculados de Impostos"
"PREFEITURA MUNICIPAL DE CRICIUMA",2026,"CRICIÚMA MAIS CONSCIÊNCIA AMBIENTAL","Manut. da Diretoria de Meio Ambiente","Promover educação ambiental e incentivar a conscientização ambiental. Também fortalecer a fiscalização municipal.","COMITÊ DE MEIO AMBIENTE E SANEAMENTO BÁSICO","Diretoria de Meio Ambiente","Gestão Ambiental","Administração Geral",1221,"Manut. da Diretoria de Meio Ambiente","APLICAÇÕES DIRETAS",255,31900000000000,"APLICAÇÕES DIRETAS","PREFEITURA MUNICIPAL DE CRICIUMA","DESPESAS CORRENTES",3400000,0,3400000,2582986.33,2582986.33,2582986.33,2582986.33,0.0,2582986.33,0,2582986.33,0.0,0.0,75.97,75.97,75.97,75.97,75.97,131.63,"fontesRecursos_edc4d16a-d6f6-4c78-96f2-7f7e2c2d739b.csv","informacaoPlanejamento_bb8abd6d-953f-47a1-8cc3-6519bb671a22.csv","empenhos_5ba843d8-34d7-4596-b341-43275386ff72.csv"," ","Recursos não Vinculados de Impostos"
"PREFEITURA MUNICIPAL DE CRICIUMA",2026,"CRICIÚMA MAIS DESENVOLVIMENTO","Centros Comunitarios","Elaborar projetos arquitetônicos, urbanísticos e geométricos (rodoviários) de espaços públicos; Revisar e regulamentar constantemente a legislação urbanística do Plano Diretor; Executar obras de edificações e espaços públicos de interesse da coletividade. Garantir o desenvolvimento econômico do município por meio de execução de obras significativas ao crescimento urbano.Tornar à cidade mais humanizada, bonita e agradável de se viver, sempre em conformidade com o Plano Diretor do Município.","SECRETARIA DE INFRAESTRUTURA E OBRAS","Centros Comunitários","Desporto e Lazer",Lazer,1075,"Centros Comunitarios","APLICAÇÕES DIRETAS",198,33900000000000,"APLICAÇÕES DIRETAS","PREFEITURA MUNICIPAL DE CRICIUMA","DESPESAS CORRENTES",350000,100000,450000,322765.35,322765.35,197063.33,197063.33,125702.02,195424.65,0,195424.65,127340.7,1638.68,92.22,71.73,56.3,43.79,55.84,230.27,"fontesRecursos_83e22545-d78d-4eb0-9f1c-6a68fe249c34.csv","informacaoPlanejamento_a852d3d9-566c-4e5b-8b62-d03ddcf289ff.csv","empenhos_ead8c37a-ecbb-4b58-b26d-c58d1993efc2.csv","suplementacoes_ebbe0e53-b928-40aa-8a63-569b5ea72e2e.csv","Recursos não Vinculados de Impostos"
"PREFEITURA MUNICIPAL DE CRICIUMA",2026,"MAIS GESTÃO CRICIÚMA","Manut. do Conselho Tutelar","Planejar e modernizar a administração municipal com dados gerenciais, reduzindo custos.","GABINETE DO PREFEITO","Conselho Tutelar","Assistência Social","Assistência à Criança e ao Adolescente",1009,"Manut. do Conselho Tutelar","APLICAÇÕES DIRETAS",46,33900000000000,"APLICAÇÕES DIRETAS","PREFEITURA MUNICIPAL DE CRICIUMA","DESPESAS CORRENTES",150000,60000,210000,235334.21,168749.51,81009.2,80900.81,87848.7,80900.81,0,80900.81,87848.7,0.0,156.89,112.06,54.01,38.58,53.93,259.58,"fontesRecursos_62cfc3ad-9aa5-461e-b020-83ca62ebd643.csv","informacaoPlanejamento_992bbd80-f947-46e3-b021-5b7d62e283a4.csv","empenhos_8da0b61e-5170-4098-b737-547dbec7df30.csv","suplementacoes_4aacce9f-f3cd-4094-869e-6de749a8f0de.csv","Recursos não Vinculados de Impostos"
"PREFEITURA MUNICIPAL DE CRICIUMA",2026,"MAIS GESTÃO CRICIÚMA","Manutenção da Diretoria de Planejamento Urbanístico","Planejar e modernizar a administração municipal com dados gerenciais, reduzindo custos.","SEC. DES. ECONÔMICO, INDÚSTRIA, COMÉRCIO E SERVIÇO","Diretoria de Planejamento Urbanístico",Administração,"Ordenamento Territorial",1257,"Manutenção da Diretoria de Planejamento Urbanístico","APLICAÇÕES DIRETAS",230,31900000000000,"APLICAÇÕES DIRETAS","PREFEITURA MUNICIPAL DE CRICIUMA","DESPESAS CORRENTES",500000,2231000,2731000,2651706.73,2651706.73,2651706.73,2651706.73,0.0,2651706.73,0,2651706.73,0.0,0.0,530.34,97.1,530.34,97.1,530.34,102.99,"fontesRecursos_24e9f87d-2c0c-421d-a4b5-d84ba17896fa.csv","informacaoPlanejamento_fca887df-2bdd-4aa7-93a1-fca9358e36b4.csv","empenhos_9e1a3689-6b79-42de-ba35-670e812b5516.csv","suplementacoes_36d38c06-393f-455f-bafd-3d36231245d8.csv","Recursos não Vinculados de Impostos"
"PREFEITURA MUNICIPAL DE CRICIUMA",2026,"MAIS GESTÃO CRICIÚMA","Manutenção da Diretoria de Parques e Praças","Planejar e modernizar a administração municipal com dados gerenciais, reduzindo custos.","GABINETE DO PREFEITO","Diretoria de Parques e Praças","Desporto e Lazer",Lazer,1248,"Manutenção da Diretoria de Parques e Praças","APLICAÇÕES DIRETAS",39,31900000000000,"APLICAÇÕES DIRETAS","PREFEITURA MUNICIPAL DE CRICIUMA","DESPESAS CORRENTES",900000,1146000,2046000,1156080.16,1156080.16,1156080.16,1156080.16,0.0,1156080.16,0,1156080.16,0.0,0.0,128.45,56.5,128.45,56.5,128.45,176.98,"fontesRecursos_90a2d824-9e81-4689-813f-58e31ac1df85.csv","informacaoPlanejamento_f065cbc5-9c9c-4280-87de-746517c6e248.csv","empenhos_27e1c8bf-31c1-462b-8dab-a678442b1799.csv","suplementacoes_de1af25a-5a23-407d-a4df-d117a0c9260c.csv","Recursos não Vinculados de Impostos"
"PREFEITURA MUNICIPAL DE CRICIUMA",2026,"GESTÃO E EQUILÍBRIO FISCAL","Manut. da Diretoria da Receita","Garantir a estabilidade macroeconômica e o equilíbrio fiscal do município, buscando uma gestão financeira sustentável, por meio do controle da aplicação dos recursos públicos e acompanhamento da execução financeira.","SEC. MUN. DA FAZENDA","Diretoria da Receita",Administração,"Administração Financeira",1262,"Manut. da Diretoria da Receita","APLICAÇÕES DIRETAS",85,31900000000000,"APLICAÇÕES DIRETAS","PREFEITURA MUNICIPAL DE CRICIUMA","DESPESAS CORRENTES",7600000,-1880000,5720000,2520150.88,2520150.88,2520150.88,2520150.88,0.0,2520150.88,0,2520150.88,0.0,0.0,33.16,44.06,33.16,44.06,33.16,226.97,"fontesRecursos_017f6358-9a9c-4b95-8939-b7daf619acb4.csv","informacaoPlanejamento_bfdaca1f-f16e-4c9f-b1ee-7bd4118fef25.csv","empenhos_480af252-391e-41a7-a3c2-baad96cb13df.csv","suplementacoes_98ab0831-d203-4caa-a13d-9d5f3604d164.csv","Recursos não Vinculados de Impostos"
"PREFEITURA MUNICIPAL DE CRICIUMA",2026,"CRICIÚMA MAIS DESENVOLVIMENTO","Manut. do Gabinete Secretaria de Infraestrutura e Obras","Elaborar projetos arquitetônicos, urbanísticos e geométricos (rodoviários) de espaços públicos; Revisar e regulamentar constantemente a legislação urbanística do Plano Diretor; Executar obras de edificações e espaços públicos de interesse da coletividade. Garantir o desenvolvimento econômico do município por meio de execução de obras significativas ao crescimento urbano.Tornar à cidade mais humanizada, bonita e agradável de se viver, sempre em conformidade com o Plano Diretor do Município.","SECRETARIA DE INFRAESTRUTURA E OBRAS","Gab. Secretaria de Infraestrutura e Obras",Administração,"Administração Geral",1072,"Manut. do Gabinete Secretaria de Infraestrutura e Obras","APLICAÇÕES DIRETAS",155,31900000000000,"APLICAÇÕES DIRETAS","PREFEITURA MUNICIPAL DE CRICIUMA","DESPESAS CORRENTES",2200000,0,2200000,1490278.0,1490278.0,1490278.0,1490278.0,0.0,1490278.0,0,1490278.0,0.0,0.0,67.74,67.74,67.74,67.74,67.74,147.62,"fontesRecursos_dfe0ecbe-40dd-4d19-ae35-d74ffd46e005.csv","informacaoPlanejamento_e35e7d0e-cd80-419c-ac3a-3467d02372a0.csv","empenhos_e9cd819e-216e-4ec4-b4ee-01421e8e9851.csv"," ","Recursos não Vinculados de Impostos"
"PREFEITURA MUNICIPAL DE CRICIUMA",2026,"MAIS GESTÃO CRICIÚMA","Manut. do Conselho Tutelar","Planejar e modernizar a administração municipal com dados gerenciais, reduzindo custos.","GABINETE DO PREFEITO","Conselho Tutelar","Assistência Social","Assistência à Criança e ao Adolescente",1009,"Manut. do Conselho Tutelar","APLICAÇÕES DIRETAS",45,31900000000000,"APLICAÇÕES DIRETAS","PREFEITURA MUNICIPAL DE CRICIUMA","DESPESAS CORRENTES",1300000,-55000,1245000,811728.17,811728.17,811728.17,811728.17,0.0,811728.17,0,811728.17,0.0,0.0,62.44,65.2,62.44,65.2,62.44,153.38,"fontesRecursos_b5a1ee4e-6896-4dd0-b297-35377ff120c1.csv","informacaoPlanejamento_e708e182-763f-4622-a3cb-b5ab2c0e0aa1.csv","empenhos_7d7db28f-b21d-4a93-9031-786ec1effd0c.csv","suplementacoes_bce255d3-8db2-41e1-a647-fc945165d958.csv","Recursos não Vinculados de Impostos"
"PREFEITURA MUNICIPAL DE CRICIUMA",2026,"GESTÃO E EQUILÍBRIO FISCAL","Manut. da Tesouraria e Contabilidade - Financeiro","Garantir a estabilidade macroeconômica e o equilíbrio fiscal do município, buscando uma gestão financeira sustentável, por meio do controle da aplicação dos recursos públicos e acompanhamento da execução financeira.","SEC. MUN. DA FAZENDA","Administração Fazendária",Administração,"Administração Financeira",1023,"Manut. da Tesouraria e Contabilidade - Financeiro","APLICAÇÕES DIRETAS",81,31900000000000,"APLICAÇÕES DIRETAS","PREFEITURA MUNICIPAL DE CRICIUMA","DESPESAS CORRENTES",1700000,0,1700000,1171089.23,1171089.23,1171089.23,1171089.23,0.0,1171089.23,0,1171089.23,0.0,0.0,68.89,68.89,68.89,68.89,68.89,145.16,"fontesRecursos_29ce5980-268a-4fb2-bbad-852b1b12088a.csv","informacaoPlanejamento_1269ffa5-dc52-43c1-aa0f-bf88dce64964.csv","empenhos_246d0fc1-703c-499a-89b9-81b1722bc0f8.csv"," ","Recursos não Vinculados de Impostos"
"PREFEITURA MUNICIPAL DE CRICIUMA",2026,"MAIS GESTÃO CRICIÚMA","Manut. da Diretoria de Transito e Transporte","Planejar e modernizar a administração municipal com dados gerenciais, reduzindo custos.","GABINETE DO PREFEITO","Diretoria de Transito e Transporte",Transporte,"Transporte Rodoviário",1013,"Manut. da Diretoria de Transito e Transporte","APLICAÇÕES DIRETAS",26,31900000000000,"APLICAÇÕES DIRETAS","PREFEITURA MUNICIPAL DE CRICIUMA","DESPESAS CORRENTES",7650000,-2750000,4900000,4624560.04,4624560.04,4624560.04,4624560.04,0.0,4624560.04,0,4624560.04,0.0,0.0,60.45,94.38,60.45,94.38,60.45,105.96,"fontesRecursos_7723416b-3bcc-49ca-b04b-b1e9ba0aa3d8.csv","informacaoPlanejamento_3afc206f-b18b-4954-adaa-452fbad34eee.csv","empenhos_4b90e1ca-8f81-46eb-b4e1-73801759940d.csv","suplementacoes_59c1c4a8-2d59-4121-b591-d5a7b5b11c4b.csv","Outros Recursos não Vinculados"
"PREFEITURA MUNICIPAL DE CRICIUMA",2026,"MAIS GESTÃO CRICIÚMA","Manut. da Ouvidoria","Planejar e modernizar a administração municipal com dados gerenciais, reduzindo custos.","SECRETARIA DE GOVERNANÇA",Ouvidoria,Administração,"Administração Geral",1006,"Manut. da Ouvidoria","APLICAÇÕES DIRETAS",218,31900000000000,"APLICAÇÕES DIRETAS","PREFEITURA MUNICIPAL DE CRICIUMA","DESPESAS CORRENTES",130000,0,130000,101374.99,101374.99,101374.99,101374.99,0.0,101374.99,0,101374.99,0.0,0.0,77.98,77.98,77.98,77.98,77.98,128.24,"fontesRecursos_3c9a7fcd-2730-4e83-a89f-a3034c32e1fd.csv","informacaoPlanejamento_b5060574-ad81-462c-86ae-0b8521d1d0d0.csv","empenhos_f42ca2a1-39f6-430a-8d8b-cf77846f0465.csv"," ","Recursos não Vinculados de Impostos"
"PREFEITURA MUNICIPAL DE CRICIUMA",2026,"CRICIÚMA MAIS DESENVOLVIMENTO","Manut. Superintendências de Op. Rio Maina/Santa Luzia/Quarta Linha","Elaborar projetos arquitetônicos, urbanísticos e geométricos (rodoviários) de espaços públicos; Revisar e regulamentar constantemente a legislação urbanística do Plano Diretor; Executar obras de edificações e espaços públicos de interesse da coletividade. Garantir o desenvolvimento econômico do município por meio de execução de obras significativas ao crescimento urbano.Tornar à cidade mais humanizada, bonita e agradável de se viver, sempre em conformidade com o Plano Diretor do Município.","SECRETARIA DE INFRAESTRUTURA E OBRAS","Superint. de Op. Rio Maina/Sta Luzia/Quarta Linha",Urbanismo,"Serviços Urbanos",1086,"Manut. Superintendências de Op. Rio Maina/Santa Luzia/Quarta Linha","APLICAÇÕES DIRETAS",158,31900000000000,"APLICAÇÕES DIRETAS","PREFEITURA MUNICIPAL DE CRICIUMA","DESPESAS CORRENTES",3600000,0,3600000,2064476.7,2064476.7,2064476.7,2064476.7,0.0,2064476.7,0,2064476.7,0.0,0.0,57.35,57.35,57.35,57.35,57.35,174.38,"fontesRecursos_4b71b993-6bda-4bd7-8fbe-f2efc759f627.csv","informacaoPlanejamento_5b15cc51-cd80-4c8b-a45a-ef421b5ce790.csv","empenhos_7c256303-5855-4d8b-8ab5-e55a31bf5b6a.csv"," ","Recursos não Vinculados de Impostos"
"PREFEITURA MUNICIPAL DE CRICIUMA",2026,"MAIS GESTÃO CRICIÚMA","Manutenção da Diretoria de Planejamento e Estratégia","Planejar e modernizar a administração municipal com dados gerenciais, reduzindo custos.","SECRETARIA DE GOVERNANÇA","Diretoria de Planejamento e Estratégia",Administração,"Administração Geral",1253,"Manutenção da Diretoria de Planejamento e Estratégia","APLICAÇÕES DIRETAS",212,31900000000000,"APLICAÇÕES DIRETAS","PREFEITURA MUNICIPAL DE CRICIUMA","DESPESAS CORRENTES",220000,250000,470000,400663.58,400663.58,400663.58,400663.58,0.0,400663.58,0,400663.58,0.0,0.0,182.12,85.25,182.12,85.25,182.12,117.31,"fontesRecursos_cb4d885a-00c7-4bea-aaed-c400b03c103b.csv","informacaoPlanejamento_2a0d76dd-d0af-417a-b5da-4a01dd28b41c.csv","empenhos_9b8c452c-4ce0-40e8-a1fd-73015a703eb7.csv","suplementacoes_ee143691-5bb5-4cf1-9d9d-ffa5a33a8819.csv","Recursos não Vinculados de Impostos"
"PREFEITURA MUNICIPAL DE CRICIUMA",2026,"MAIS GESTÃO CRICIÚMA","Manutenção da Diretoria de Transparência e Acesso à Informação","Planejar e modernizar a administração municipal com dados gerenciais, reduzindo custos.","SECRETARIA DE GOVERNANÇA","Diretoria de Transparência e Acesso à Informação",Administração,"Tecnologia da Informatização",1254,"Manutenção da Diretoria de Transparência e Acesso à Informação","APLICAÇÕES DIRETAS",215,31900000000000,"APLICAÇÕES DIRETAS","PREFEITURA MUNICIPAL DE CRICIUMA","DESPESAS CORRENTES",220000,0,220000,136343.42,136343.42,136343.42,136343.42,0.0,136343.42,0,136343.42,0.0,0.0,61.97,61.97,61.97,61.97,61.97,161.36,"fontesRecursos_9a614f85-b325-4dce-9931-3a5b94fb9d94.csv","informacaoPlanejamento_807fdd33-e507-485e-9298-ea91bf829c7b.csv","empenhos_b427adc5-cffa-4193-9b7a-f40c434d0920.csv"," ","Recursos não Vinculados de Impostos"
"PREFEITURA MUNICIPAL DE CRICIUMA",2026,"CRICIÚMA MAIS CONSCIÊNCIA AMBIENTAL","Manut. de Horto Florestal / Parque Ecológico ""José Milanese""","Promover educação ambiental e incentivar a conscientização ambiental. Também fortalecer a fiscalização municipal.","COMITÊ DE MEIO AMBIENTE E SANEAMENTO BÁSICO","Diretoria de Meio Ambiente","Gestão Ambiental","Preservação e Conservação Ambiental",1222,"Manut. de Horto Florestal / Parque Ecológico ""José Milanese""","APLICAÇÕES DIRETAS",259,33900000000000,"APLICAÇÕES DIRETAS","PREFEITURA MUNICIPAL DE CRICIUMA","DESPESAS CORRENTES",400000,-111772.24,288227.76,203008.04,203008.04,135094.73,135094.73,67913.31,135094.73,0,135094.73,67913.31,0.0,50.75,70.43,33.77,46.87,33.77,213.35,"fontesRecursos_4dba5664-de61-47d8-a851-294967b0232c.csv","informacaoPlanejamento_0b7d0da1-91bd-4979-a721-ae7e4d4a0b92.csv","empenhos_b67346b6-1698-4237-be82-e6c99eaba608.csv","suplementacoes_c7279380-fd03-4645-8e93-40fe2900e5cc.csv","Recursos não Vinculados de Impostos"
"PREFEITURA MUNICIPAL DE CRICIUMA",2026,"CRICIÚMA MAIS DESENVOLVIMENTO","Manut. de Diretoria de Operações de Obras","Elaborar projetos arquitetônicos, urbanísticos e geométricos (rodoviários) de espaços públicos; Revisar e regulamentar constantemente a legislação urbanística do Plano Diretor; Executar obras de edificações e espaços públicos de interesse da coletividade. Garantir o desenvolvimento econômico do município por meio de execução de obras significativas ao crescimento urbano.Tornar à cidade mais humanizada, bonita e agradável de se viver, sempre em conformidade com o Plano Diretor do Município.","SECRETARIA DE INFRAESTRUTURA E OBRAS","Diretoria de Operações de Obras",Urbanismo,"Serviços Urbanos",1073,"Manut. de Diretoria de Operações de Obras","TRANSFERÊNCIAS A INSTITUIÇÕES PRIVADAS SEM FINS LUCRATIVOS",164,33500000000000,"TRANSFERÊNCIAS A INSTITUIÇÕES PRIVADAS SEM FINS LUCRATIVOS","PREFEITURA MUNICIPAL DE CRICIUMA","DESPESAS CORRENTES",1000000,200000,1200000,1200000.0,1200000.0,407264.2,407264.2,792735.8,407264.2,0,407264.2,792735.8,0.0,120.0,100.0,40.73,33.94,40.73,294.65,"fontesRecursos_d0a77882-b1c6-4df2-9611-5546dadac2dd.csv","informacaoPlanejamento_b43a18c8-e658-4544-8d3a-0357b1137d1f.csv","empenhos_714aaf21-bb1e-4881-b9e5-b7522fdf3a1b.csv","suplementacoes_0779853f-5254-4767-9b54-0735d988adca.csv","Recursos não Vinculados de Impostos"
"PREFEITURA MUNICIPAL DE CRICIUMA",2026,"CRICIÚMA MAIS DESENVOLVIMENTO","Manutenção da Diretoria de Empreendedorismo","Elaborar projetos arquitetônicos, urbanísticos e geométricos (rodoviários) de espaços públicos; Revisar e regulamentar constantemente a legislação urbanística do Plano Diretor; Executar obras de edificações e espaços públicos de interesse da coletividade. Garantir o desenvolvimento econômico do município por meio de execução de obras significativas ao crescimento urbano.Tornar à cidade mais humanizada, bonita e agradável de se viver, sempre em conformidade com o Plano Diretor do Município.","SEC. DES. ECONÔMICO, INDÚSTRIA, COMÉRCIO E SERVIÇO","Diretoria de Empreendedorismo",Administração,"Administração Geral",1260,"Manutenção da Diretoria de Empreendedorismo","APLICAÇÕES DIRETAS",249,31900000000000,"APLICAÇÕES DIRETAS","PREFEITURA MUNICIPAL DE CRICIUMA","DESPESAS CORRENTES",1000000,0,1000000,329655.56,329655.56,329655.56,329655.56,0.0,329655.56,0,329655.56,0.0,0.0,32.97,32.97,32.97,32.97,32.97,303.35,"fontesRecursos_b12e12a2-60c6-4c29-b9bc-fd67c3220d72.csv","informacaoPlanejamento_95c6f24d-eb39-4849-87d5-1a3a6d47636b.csv","empenhos_a7653af6-23d5-4c56-84c8-cf273b7a7338.csv"," ","Recursos não Vinculados de Impostos"
"PREFEITURA MUNICIPAL DE CRICIUMA",2026,"GESTÃO E EQUILÍBRIO FISCAL","Manut. do Controle Interno","Garantir a estabilidade macroeconômica e o equilíbrio fiscal do município, buscando uma gestão financeira sustentável, por meio do controle da aplicação dos recursos públicos e acompanhamento da execução financeira.","CONTROLADORIA-GERAL DO MUNICÍPIO - CGM","Controladoria-Geral do Município CGM",Administração,"Controle Interno",1021,"Manut. do Controle Interno","APLICAÇÕES DIRETAS",203,31900000000000,"APLICAÇÕES DIRETAS","PREFEITURA MUNICIPAL DE CRICIUMA","DESPESAS CORRENTES",1700000,-88000,1612000,1130144.13,1130144.13,1130144.13,1130144.13,0.0,1130144.13,0,1130144.13,0.0,0.0,66.48,70.11,66.48,70.11,66.48,142.64,"fontesRecursos_5cd95727-e488-4329-aa06-c2a9588bd1f7.csv","informacaoPlanejamento_ed31a21c-9416-40a1-bd3a-0c6ca1f52fd3.csv","empenhos_437dec2f-7504-4431-a6b3-334b4a4c7532.csv","suplementacoes_eea397b7-134d-4461-bd13-fb23141c8afb.csv","Recursos não Vinculados de Impostos"
"PREFEITURA MUNICIPAL DE CRICIUMA",2026,"CRICIÚMA MAIS DESENVOLVIMENTO","Manut. de Diretoria de Operações de Obras","Elaborar projetos arquitetônicos, urbanísticos e geométricos (rodoviários) de espaços públicos; Revisar e regulamentar constantemente a legislação urbanística do Plano Diretor; Executar obras de edificações e espaços públicos de interesse da coletividade. Garantir o desenvolvimento econômico do município por meio de execução de obras significativas ao crescimento urbano.Tornar à cidade mais humanizada, bonita e agradável de se viver, sempre em conformidade com o Plano Diretor do Município.","SECRETARIA DE INFRAESTRUTURA E OBRAS","Diretoria de Operações de Obras",Urbanismo,"Serviços Urbanos",1073,"Manut. de Diretoria de Operações de Obras","APLICAÇÕES DIRETAS",163,31900000000000,"APLICAÇÕES DIRETAS","PREFEITURA MUNICIPAL DE CRICIUMA","DESPESAS CORRENTES",1450000,-403000,1047000,844907.4,844907.4,844907.4,844907.4,0.0,844907.4,0,844907.4,0.0,0.0,58.27,80.7,58.27,80.7,58.27,123.92,"fontesRecursos_c699cad9-17c5-4794-b272-f5861db62f82.csv","informacaoPlanejamento_865795b0-35a5-4435-b3b2-f26a6164aecd.csv","empenhos_fa8dc5e4-ec16-4a3c-b6b1-611eee0ed3a3.csv","suplementacoes_3d26e7f2-2b65-46b2-a1d0-0cf13f243490.csv","Recursos não Vinculados de Impostos"
"PREFEITURA MUNICIPAL DE CRICIUMA",2026,"CRICIÚMA MAIS DESENVOLVIMENTO","Oficinas e Garagens","Elaborar projetos arquitetônicos, urbanísticos e geométricos (rodoviários) de espaços públicos; Revisar e regulamentar constantemente a legislação urbanística do Plano Diretor; Executar obras de edificações e espaços públicos de interesse da coletividade. Garantir o desenvolvimento econômico do município por meio de execução de obras significativas ao crescimento urbano.Tornar à cidade mais humanizada, bonita e agradável de se viver, sempre em conformidade com o Plano Diretor do Município.","SECRETARIA DE INFRAESTRUTURA E OBRAS","Oficinas e Garagens",Administração,"Administração Geral",1083,"Oficinas e Garagens","APLICAÇÕES DIRETAS",188,31900000000000,"APLICAÇÕES DIRETAS","PREFEITURA MUNICIPAL DE CRICIUMA","DESPESAS CORRENTES",10800000,0,10800000,5163295.09,5163295.09,5163295.09,5163295.09,0.0,5163295.09,0,5163295.09,0.0,0.0,47.81,47.81,47.81,47.81,47.81,209.17,"fontesRecursos_7f65289f-cc8c-46b4-9b4e-8fc0c829b73b.csv","informacaoPlanejamento_e85dae35-55ca-4378-b7e3-6f48fc83afc2.csv","empenhos_bee99a52-1fcc-4cb4-8167-486ab704ecf9.csv"," ","Recursos não Vinculados de Impostos"
"FUNDO MUNICIPAL DE SAUDE DE CRICIUMA",2026,"CRICIÚMA MAIS ATENÇÃO PRIMÁRIA EM SAÚDE - APS","Unidades básicas de saúde - UBS","Ampliar e qualificar o acesso da atenção primária em saúde aos usuários do sistema público de saúde.","FUNDO MUNICIPAL DE SAÚDE","Fundo Mun. de Saúde",Saúde,"Atenção Básica",1050,"Unidades básicas de saúde - UBS","APLICAÇÕES DIRETAS",24,31900000000000,"APLICAÇÕES DIRETAS","FUNDO MUNICIPAL DE SAUDE DE CRICIUMA","DESPESAS CORRENTES",57600000,7416231.4,6.50162314E7,4.870588976E7,4.870541857E7,4.870588976E7,4.870541857E7,0.0,4.870588976E7,471.19,4.870541857E7,0.0,0.0,84.56,74.91,84.56,74.91,84.56,133.49,"fontesRecursos_7718e9bf-5883-4d49-a2e4-4eca22ebecf1.csv","informacaoPlanejamento_1bcdc346-7e90-401f-8efb-0989da98bdca.csv","empenhos_4382ae5b-a43b-4a1d-b525-00f56dbd9f3b.csv","suplementacoes_79ec244a-dbc7-4f14-89be-f3449d678534.csv","Recursos não Vinculados de Impostos - Saúde"
"FUNDO MUNICIPAL DE SAUDE DE CRICIUMA",2026,"CRICIÚMA MAIS ATENÇÃO PRIMÁRIA EM SAÚDE - APS","Unidades básicas de saúde - UBS","Ampliar e qualificar o acesso da atenção primária em saúde aos usuários do sistema público de saúde.","FUNDO MUNICIPAL DE SAÚDE","Fundo Mun. de Saúde",Saúde,"Atenção Básica",1050,"Unidades básicas de saúde - UBS","APLICAÇÃO DIRETA DECORRENTE DE OPERAÇÃO DE ÓRGÃOS, FUNDOS E ENTIDADES INTEGRANTES DOS ORÇAMENTOS FISCAL E DA SEGURIDADE SOCIAL COM CONSÓRCIO PÚBLICO D",28,33930000000000,"APLICAÇÃO DIRETA DECORRENTE DE OPERAÇÃO DE ÓRGÃOS, FUNDOS E ENTIDADES INTEGRANTES DOS ORÇAMENTOS FISCAL E DA SEGURIDADE SOCIAL COM CONSÓRCIO PÚBLICO D","FUNDO MUNICIPAL DE SAUDE DE CRICIUMA","DESPESAS CORRENTES",300000,3080000,3380000,2480368.32,2480368.32,1779477.02,1779459.02,700909.3,1779477.02,18.0,1779459.02,700909.3,0.0,826.79,73.38,593.16,52.65,593.16,189.94,"fontesRecursos_7406ff7c-dcb8-4179-a8b2-8c86a692810e.csv","informacaoPlanejamento_caff032e-85a0-40d9-8c78-c216f1108d20.csv","empenhos_fa3fd32c-a588-4092-8217-424d28c58797.csv","suplementacoes_eaf33f95-672f-4e4f-8e3b-19945baec07c.csv","Recursos não Vinculados de Impostos - Saúde"
"FUNDO MUNICIPAL DE SAUDE DE CRICIUMA",2026,"CRICIÚMA MAIS ATENÇÃO PRIMÁRIA EM SAÚDE - APS","Implementação Política de Alimentação e Nutrição","Ampliar e qualificar o acesso da atenção primária em saúde aos usuários do sistema público de saúde.","FUNDO MUNICIPAL DE SAÚDE","Fundo Mun. de Saúde",Saúde,"Alimentação e Nutrição",1265,"Implementação Política de Alimentação e Nutrição","APLICAÇÃO DIRETA DECORRENTE DE OPERAÇÃO DE ÓRGÃOS, FUNDOS E ENTIDADES INTEGRANTES DOS ORÇAMENTOS FISCAL E DA SEGURIDADE SOCIAL COM CONSÓRCIO PÚBLICO D",35,33930000000000,"APLICAÇÃO DIRETA DECORRENTE DE OPERAÇÃO DE ÓRGÃOS, FUNDOS E ENTIDADES INTEGRANTES DOS ORÇAMENTOS FISCAL E DA SEGURIDADE SOCIAL COM CONSÓRCIO PÚBLICO D","FUNDO MUNICIPAL DE SAUDE DE CRICIUMA","DESPESAS CORRENTES",10000,323000,333000,331610.84,331610.84,297581.48,297581.48,34029.36,277050.63,0,277050.63,54560.21,20530.85,3316.11,99.58,2975.81,89.36,2770.51,120.19,"fontesRecursos_8ccd2d00-cf54-4c82-856e-51bd2fefc13b.csv","informacaoPlanejamento_900e6db8-99c1-4282-825e-18c65d687636.csv","empenhos_dcb8cd10-42ac-435b-8898-90a0383ce1b7.csv","suplementacoes_074b81dc-8aa4-49fb-8e7b-299a47e85447.csv","Recursos não Vinculados de Impostos - Saúde"
"FUNDO MUNICIPAL DE SAUDE DE CRICIUMA",2026,"CRICIÚMA MAIS AÇÕES DE VIGILÂNCIA EM SAÚDE","Vigilância Ambiental - CCZ","Controle e prevenção de doenças e agravos à saúde da população, ampliando a capacidade técnica da Vigilância em Saúde, assegurando a efetividade das ações de monitoramento.","FUNDO MUNICIPAL DE SAÚDE","Fundo Mun. de Saúde",Saúde,"Vigilância Epidemiológica",1207,"Vigilância Ambiental - CCZ","APLICAÇÕES DIRETAS",94,31900000000000,"APLICAÇÕES DIRETAS","FUNDO MUNICIPAL DE SAUDE DE CRICIUMA","DESPESAS CORRENTES",1700000,-25000,1675000,1166966.93,1166966.93,1166966.93,1166966.93,0.0,1166966.93,0,1166966.93,0.0,0.0,68.65,69.67,68.65,69.67,68.65,143.53,"fontesRecursos_c3a94b48-304f-4f86-9002-4a6340cfeec9.csv","informacaoPlanejamento_8e12a65a-a8da-4a50-bc63-13ed2fe74e80.csv","empenhos_0bdd32ed-35b9-474c-bc14-c1f8511dba0f.csv","suplementacoes_4c6d3c7f-fedc-46f1-9759-2fa0703d1b41.csv","Recursos não Vinculados de Impostos - Saúde"
"FUNDO MUNICIPAL DE SAUDE DE CRICIUMA",2026,"CRICIÚMA MAIS ATENDIMENTO ESPECIALIZADO","Ações em Serviço Social de Saúde Pública Municipal","Ampliar a oferta e qualificação dos serviços especializados, melhorando o acesso e a integração com a atenção básica para assegurar a continuidade do cuidado à população.","FUNDO MUNICIPAL DE SAÚDE","Fundo Mun. de Saúde",Saúde,"Atenção Básica",1266,"Ações em Serviço Social de Saúde Pública Municipal","APLICAÇÃO DIRETA DECORRENTE DE OPERAÇÃO DE ÓRGÃOS, FUNDOS E ENTIDADES INTEGRANTES DOS ORÇAMENTOS FISCAL E DA SEGURIDADE SOCIAL COM CONSÓRCIO PÚBLICO D",70,33930000000000,"APLICAÇÃO DIRETA DECORRENTE DE OPERAÇÃO DE ÓRGÃOS, FUNDOS E ENTIDADES INTEGRANTES DOS ORÇAMENTOS FISCAL E DA SEGURIDADE SOCIAL COM CONSÓRCIO PÚBLICO D","FUNDO MUNICIPAL DE SAUDE DE CRICIUMA","DESPESAS CORRENTES",2000000,0,2000000,1199579.8,1199579.8,1058937.54,1058937.54,140642.26,976184.56,0,976184.56,223395.24,82752.98,59.98,59.98,52.95,52.95,48.81,204.88,"fontesRecursos_d57a80da-9686-4b79-bb32-6b209356346a.csv","informacaoPlanejamento_59b23391-220f-450d-9756-8672c7063431.csv","empenhos_236bd47f-b00d-4065-a6a3-537b6f2f4568.csv"," ","Recursos não Vinculados de Impostos - Saúde"
"FUNDO MUNICIPAL DE SAUDE DE CRICIUMA",2026,"CRICIÚMA MAIS SAÚDE MENTAL","Centros de Atenção Psicossocial - CAPS","Ampliar e qualificar os serviços de saúde mental na atenção básica e especializada, promovendo a reabilitação psicossocial e o cuidado comunitário, com ênfase na prevenção e no tratamento humanizado.","FUNDO MUNICIPAL DE SAÚDE","Fundo Mun. de Saúde",Saúde,"Atenção Básica",1055,"Centros de Atenção Psicossocial - CAPS","APLICAÇÃO DIRETA DECORRENTE DE OPERAÇÃO DE ÓRGÃOS, FUNDOS E ENTIDADES INTEGRANTES DOS ORÇAMENTOS FISCAL E DA SEGURIDADE SOCIAL COM CONSÓRCIO PÚBLICO D",49,33930000000000,"APLICAÇÃO DIRETA DECORRENTE DE OPERAÇÃO DE ÓRGÃOS, FUNDOS E ENTIDADES INTEGRANTES DOS ORÇAMENTOS FISCAL E DA SEGURIDADE SOCIAL COM CONSÓRCIO PÚBLICO D","FUNDO MUNICIPAL DE SAUDE DE CRICIUMA","DESPESAS CORRENTES",100000,0,100000,49020.57,49020.57,42429.91,42429.91,6590.66,39388.85,0,39388.85,9631.72,3041.06,49.02,49.02,42.43,42.43,39.39,253.88,"fontesRecursos_469bc6c5-346b-49e7-b8f5-7954edd2e863.csv","informacaoPlanejamento_177cb343-53a3-40e7-a587-fd9d70ea602c.csv","empenhos_1db366cc-96b2-4ca4-9835-6689a46f4a70.csv"," ","Recursos não Vinculados de Impostos - Saúde"
"FUNDO MUNICIPAL DE SAUDE DE CRICIUMA",2026,"CRICIÚMA MAIS SAÚDE","Manutenção da Central de Transporte / TFD","Garantir a implementação articulada e contínua das ações de promoção, prevenção e atenção curativa no âmbito do sistema municipal de saúde, com ênfase na Atenção Primária por meio da Estratégia Saúde da Família, e no fortalecimento da rede de saúde, assegurando a integralidade, qualidade e eficiência dos serviços para o atendimento integral da população.","FUNDO MUNICIPAL DE SAÚDE","Fundo Mun. de Saúde",Saúde,"Atenção Básica",1264,"Manutenção da Central de Transporte / TFD","APLICAÇÃO DIRETA DECORRENTE DE OPERAÇÃO DE ÓRGÃOS, FUNDOS E ENTIDADES INTEGRANTES DOS ORÇAMENTOS FISCAL E DA SEGURIDADE SOCIAL COM CONSÓRCIO PÚBLICO D",23,33930000000000,"APLICAÇÃO DIRETA DECORRENTE DE OPERAÇÃO DE ÓRGÃOS, FUNDOS E ENTIDADES INTEGRANTES DOS ORÇAMENTOS FISCAL E DA SEGURIDADE SOCIAL COM CONSÓRCIO PÚBLICO D","FUNDO MUNICIPAL DE SAUDE DE CRICIUMA","DESPESAS CORRENTES",6000000,0,6000000,5216186.56,5216186.56,4426580.96,4426580.96,789605.6,4426580.96,0,4426580.96,789605.6,0.0,86.94,86.94,73.78,73.78,73.78,135.54,"fontesRecursos_92eab88f-8fe3-4571-98b2-32a97baca5fd.csv","informacaoPlanejamento_2ab1d226-c5f5-4df9-b46f-477ac50e6c0b.csv","empenhos_e90dddcd-f056-4c78-8ccf-00322aa7c2bf.csv","suplementacoes_f0cace72-0c86-49e2-a7b2-d1cab046e235.csv","Recursos não Vinculados de Impostos - Saúde"
"FUNDO MUNICIPAL DE SAUDE DE CRICIUMA",2026,"CRICIÚMA MAIS ASSISTÊNCIA FARMACÊUTICA","Manutenção da Assistência Farmacêutica Municipal","Garantir a oferta regular e qualificada de medicamentos essenciais à população, promovendo o uso racional, a eficiência na gestão dos recursos e a ampliação da atuação clínica do farmacêutico na rede pública de saúde.","FUNDO MUNICIPAL DE SAÚDE","Fundo Mun. de Saúde",Saúde,"Suporte Profilático e Terapêutico",1202,"Manutenção da Assistência Farmacêutica Municipal","APLICAÇÃO DIRETA DECORRENTE DE OPERAÇÃO DE ÓRGÃOS, FUNDOS E ENTIDADES INTEGRANTES DOS ORÇAMENTOS FISCAL E DA SEGURIDADE SOCIAL COM CONSÓRCIO PÚBLICO D",62,33930000000000,"APLICAÇÃO DIRETA DECORRENTE DE OPERAÇÃO DE ÓRGÃOS, FUNDOS E ENTIDADES INTEGRANTES DOS ORÇAMENTOS FISCAL E DA SEGURIDADE SOCIAL COM CONSÓRCIO PÚBLICO D","FUNDO MUNICIPAL DE SAUDE DE CRICIUMA","DESPESAS CORRENTES",2800000,0,2800000,1628032.96,1628032.96,1490684.59,1490684.59,137348.37,1323640.92,0,1323640.92,304392.04,167043.67,58.14,58.14,53.24,53.24,47.27,211.54,"fontesRecursos_83b73c8e-85a3-49e7-9fb6-45b588ec2177.csv","informacaoPlanejamento_3cf8cadf-4a3a-4cbc-8043-5be1df3de9f6.csv","empenhos_32022a5c-5a18-4d7f-b019-4221967282e5.csv"," ","Recursos não Vinculados de Impostos - Saúde"
"PREFEITURA MUNICIPAL DE CRICIUMA",2026,"OPERAÇÕES ESPECIAIS","Amortização/juros/Setenças/Ações Judiciais/Aposentados e Pensionistas","Gerir obrigações financeiras, amortizações e folha de pensionistas evitando contratações precipitadas e financiamentos incompatíveis com a capacidade de pagamento do Município, por meio da análise criteriosa da viabilidade financeira de novas obrigações. Acompanhar de forma contínua e sistemática a evolução das dívidas em execução e monitorar, sob a ótica estatística e financeira, a folha de pagamento dos aposentados e pensionistas.","SEC. MUN. DA FAZENDA","Administração Fazendária",Administração,"Administração Geral",1001,"Amortização/juros/Setenças/Ações Judiciais/Aposentados e Pensionistas","APLICAÇÕES DIRETAS",73,32900000000000,"APLICAÇÕES DIRETAS","PREFEITURA MUNICIPAL DE CRICIUMA","DESPESAS CORRENTES",35800000,9763000,45563000,3.632291637E7,3.373211688E7,2.59890488E7,2.59890488E7,7743068.08,2.597060311E7,0,2.597060311E7,7761513.77,18445.69,101.46,79.72,72.6,57.04,72.54,175.44,"fontesRecursos_8e64c5f2-6d83-4d59-9559-375fecadd892.csv","informacaoPlanejamento_59af89cb-0b37-4197-b68d-f501562aa972.csv","empenhos_3b87745a-b55f-4d65-936d-32f478912ff4.csv","suplementacoes_c3e853b0-9d1e-44a6-b529-70c77751f171.csv","Outros Recursos não Vinculados"
"PREFEITURA MUNICIPAL DE CRICIUMA",2026,"OPERAÇÕES ESPECIAIS","Amortização/juros/Setenças/Ações Judiciais/Aposentados e Pensionistas","Gerir obrigações financeiras, amortizações e folha de pensionistas evitando contratações precipitadas e financiamentos incompatíveis com a capacidade de pagamento do Município, por meio da análise criteriosa da viabilidade financeira de novas obrigações. Acompanhar de forma contínua e sistemática a evolução das dívidas em execução e monitorar, sob a ótica estatística e financeira, a folha de pagamento dos aposentados e pensionistas.","SEC. MUN. DA FAZENDA","Administração Fazendária",Administração,"Administração Geral",1001,"Amortização/juros/Setenças/Ações Judiciais/Aposentados e Pensionistas","APLICAÇÕES DIRETAS",76,46900000000000,"APLICAÇÕES DIRETAS","PREFEITURA MUNICIPAL DE CRICIUMA","DESPESAS DE CAPITAL",33700000,3900000,37600000,3.345199978E7,3.211367278E7,2.607826089E7,2.607826089E7,6035411.89,2.60207918E7,0,2.60207918E7,6092880.98,57469.09,99.26,88.97,77.38,69.36,77.21,144.5,"fontesRecursos_90fa9052-436d-4fd1-97b7-b72f07becd0b.csv","informacaoPlanejamento_115ff799-746d-437f-b974-765f28b6382c.csv","empenhos_ee02a4f5-8941-4c1e-97a1-ad3a0f2790c1.csv","suplementacoes_0996cb8f-b09e-4e30-9072-6bc95e18dee7.csv","Outros Recursos não Vinculados"
"PREFEITURA MUNICIPAL DE CRICIUMA",2026,"CRICIÚMA MAIS CONSCIÊNCIA AMBIENTAL","Manut. da Diretoria de Meio Ambiente","Promover educação ambiental e incentivar a conscientização ambiental. Também fortalecer a fiscalização municipal.","COMITÊ DE MEIO AMBIENTE E SANEAMENTO BÁSICO","Diretoria de Meio Ambiente","Gestão Ambiental","Administração Geral",1221,"Manut. da Diretoria de Meio Ambiente","APLICAÇÕES DIRETAS",258,44900000000000,"APLICAÇÕES DIRETAS","PREFEITURA MUNICIPAL DE CRICIUMA","DESPESAS DE CAPITAL",700000,0,700000,110887.83,110887.83,105493.83,105493.83,5394.0,105493.83,0,105493.83,5394.0,0.0,15.84,15.84,15.07,15.07,15.07,663.55,"fontesRecursos_57b34667-5165-4647-9a00-0787b4fd0d14.csv","informacaoPlanejamento_70a214a2-eda4-40f7-8d97-6b82612cf46a.csv","empenhos_707d3990-c0ad-4f23-843a-6b4e65fa5962.csv"," ","Recursos não Vinculados de Impostos"
"PREFEITURA MUNICIPAL DE CRICIUMA",2026,"MAIS GESTÃO CRICIÚMA","Manut. do Gabinete da Sec. de Desenvolv. Econômico, Indústria, Comércio e Serviços","Planejar e modernizar a administração municipal com dados gerenciais, reduzindo custos.","SEC. DES. ECONÔMICO, INDÚSTRIA, COMÉRCIO E SERVIÇO","Gab. Sec. Des. Econ. Indústria, Comércio e Serviço",Administração,"Administração Geral",1268,"Manut. do Gabinete da Sec. de Desenvolv. Econômico, Indústria, Comércio e Serviços","APLICAÇÕES DIRETAS",229,44900000000000,"APLICAÇÕES DIRETAS","PREFEITURA MUNICIPAL DE CRICIUMA","DESPESAS DE CAPITAL",50000,0,50000,11800.0,11800.0,0,0,11800.0,0,0,0,11800.0,0,23.6,23.6,0.0,0.0,0.0,0.0,"fontesRecursos_54ccaff8-afa0-4066-bb63-53e9fbc7f993.csv","informacaoPlanejamento_951f9ef0-c2fd-470a-8f76-6f4d88e10e5a.csv","empenhos_13e16aab-0d99-449f-b1f6-68828ba66cb4.csv"," ","Recursos não Vinculados de Impostos"
"PREFEITURA MUNICIPAL DE CRICIUMA",2026,"EDUCAÇÃO PARA A INCLUSÃO E DIVERSIDADE","Centro Educ.Especial.Multidisc.de Atendimento ao Autista","Garantir uma educação inclusiva e de qualidade para todos os estudantes com necessidades específicas, por meio da ampliação do suporte pedagógico, psicológico e terapêutico, da valorização de profissionais especializados e da estruturação de espaços e recursos acessíveis.","SEC. MUN. DE EDUCAÇÃO","Educação para a Inclusão",Educação,"Ensino Fundamental",1240,"Centro Educ.Especial.Multidisc.de Atendimento ao Autista","APLICAÇÕES DIRETAS",143,33900000000000,"APLICAÇÕES DIRETAS","PREFEITURA MUNICIPAL DE CRICIUMA","DESPESAS CORRENTES",1000000,0,1000000,90000.0,90000.0,22477.12,22477.12,67522.88,22477.12,0,22477.12,67522.88,0.0,9.0,9.0,2.25,2.25,2.25,4448.97,"fontesRecursos_ddf39e84-218f-42c9-9e57-68a09ba52cf5.csv","informacaoPlanejamento_6d11357c-8f67-4e56-ad77-01b5ca7a5a4f.csv","empenhos_b2a83807-d7c0-42f7-8de1-0c8c4b00f2fa.csv"," ","Recursos não Vinculados de Impostos - Educação"
"PREFEITURA MUNICIPAL DE CRICIUMA",2026,"MAIS GESTÃO CRICIÚMA","Manutenção da Diretoria de Atos Oficiais e Gestão de Pessoas","Planejar e modernizar a administração municipal com dados gerenciais, reduzindo custos.","GABINETE DO PREFEITO","Diretoria de Atos de Oficiais e Gestão de Pessoas",Administração,"Administração Geral",1246,"Manutenção da Diretoria de Atos Oficiais e Gestão de Pessoas","APLICAÇÕES DIRETAS",22,44900000000000,"APLICAÇÕES DIRETAS","PREFEITURA MUNICIPAL DE CRICIUMA","DESPESAS DE CAPITAL",500000,-366000,134000,110863.85,110863.85,101116.25,101116.25,9747.6,101116.25,0,101116.25,9747.6,0.0,22.17,82.73,20.22,75.46,20.22,132.52,"fontesRecursos_a37f789f-f722-4428-af83-eed99d6293ea.csv","informacaoPlanejamento_69d918c2-415f-4304-9698-00fdcda2633c.csv","empenhos_297ddb78-b716-4948-8c8c-b343f808e5cc.csv","suplementacoes_0f973690-0c43-4df4-9dc6-39516bffbb63.csv","Recursos não Vinculados de Impostos"
"FUNDO M.DOS DIR.DA CRIANCA E DO ADOLESC.- CRICIUMA",2026,"CRICIÚMA MAIS INFÂNCIA E JUVENTUDE","Manut. do Fundo da Infancia - FIA, Doação do IR e Recursos Estaduais e Federais.","Garantir atendimento prioritário e contínuo às crianças e adolescentes em situação de vulnerabilidade, conforme previsto no Estatuto da Criança e do Adolescente (ECA), por meio da ampliação de programas socioassistenciais, socioeducativos e de convivência familiar. Fortalecer a articulação entre o município e os órgãos do Judiciário, Ministério Público, Defensoria Pública, Conselho Tutelar, e demais instâncias estaduais e federais, garantindo fluxos interinstitucionais eficazes de encaminhamento e acompanhamento.","FUNDO M. DOS DIR. DA CRIANÇA E DO ADOLESC-CRICIÚMA","Fdo. dos Dir. da Criança e do Adolescente","Assistência Social","Assistência à Criança e ao Adolescente",1069,"Manut. do Fundo da Infancia - FIA, Doação do IR e Recursos Estaduais e Federais.","APLICAÇÕES DIRETAS",2,33900000000000,"APLICAÇÕES DIRETAS","FUNDO M.DOS DIR.DA CRIANCA E DO ADOLESC.- CRICIUMA","DESPESAS CORRENTES",700000,-255000,445000,99678.25,74200.0,42575.38,42575.38,31624.62,37621.29,0,37621.29,36578.71,4954.09,14.24,22.4,6.08,9.57,5.37,1182.84,"fontesRecursos_dbb5155d-24fe-46ad-8705-06eda2ea1bc7.csv","informacaoPlanejamento_20b60710-1215-4e06-a5cf-84b26cc0e803.csv","empenhos_35705903-1d43-49b6-aa11-3363a9057c9e.csv","suplementacoes_623b06e9-d4b4-4f4f-9f72-5bb0fbeac14a.csv","Recursos não Vinculados de Impostos"
"PREFEITURA MUNICIPAL DE CRICIUMA",2026,"GESTÃO DA QUALIDADE NA EDUCAÇÃO INFANTIL","Convênios com Entidades Educacionais","Assegurar o desenvolvimento integral das crianças na Educação Infantil, por meio da qualificação pedagógica, da ampliação da infraestrutura e da gestão equitativa da oferta de vagas, garantindo acesso, qualidade e equidade no atendimento.","SEC. MUN. DE EDUCAÇÃO","Unidades Escolares",Educação,"Educação Infantil",1039,"Convênios com Entidades Educacionais","TRANSFERÊNCIAS A INSTITUIÇÕES PRIVADAS SEM FINS LUCRATIVOS",120,33500000000000,"TRANSFERÊNCIAS A INSTITUIÇÕES PRIVADAS SEM FINS LUCRATIVOS","PREFEITURA MUNICIPAL DE CRICIUMA","DESPESAS CORRENTES",6048000,6.271657756E7,6.876457756E7,1.2692588642E8,6.876030664E7,4.356598274E7,4.356342552E7,2.519688112E7,4.352945099E7,2557.22,4.352689377E7,2.523341287E7,36531.75,2098.64,184.58,720.34,63.36,719.73,157.97,"fontesRecursos_1629fdad-d47d-457b-b3ac-620913906a1b.csv","informacaoPlanejamento_c055c7f5-93fc-44a6-8b49-89faacc6cced.csv","empenhos_47ac4688-491a-47b0-84a5-8af6bf0d1b5f.csv","suplementacoes_3d0b1023-73d4-40ef-83db-b8aa5376af00.csv","Recursos não Vinculados de Impostos - Educação"
"PREFEITURA MUNICIPAL DE CRICIUMA",2026,"GESTÃO DA QUALIDADE NA EDUCAÇÃO INFANTIL","Convênios com Entidades Educacionais","Assegurar o desenvolvimento integral das crianças na Educação Infantil, por meio da qualificação pedagógica, da ampliação da infraestrutura e da gestão equitativa da oferta de vagas, garantindo acesso, qualidade e equidade no atendimento.","SEC. MUN. DE EDUCAÇÃO","Unidades Escolares",Educação,"Educação Infantil",1039,"Convênios com Entidades Educacionais","TRANSFERÊNCIAS A INSTITUIÇÕES PRIVADAS SEM FINS LUCRATIVOS",122,44500000000000,"TRANSFERÊNCIAS A INSTITUIÇÕES PRIVADAS SEM FINS LUCRATIVOS","PREFEITURA MUNICIPAL DE CRICIUMA","DESPESAS DE CAPITAL",2250000,0,2250000,826941.46,800333.96,796929.29,770321.79,30012.17,772370.86,26607.5,745763.36,54570.6,24558.43,36.75,36.75,35.42,35.42,34.33,291.31,"fontesRecursos_796a17ff-fbc4-4c3b-ae0f-ea243fde4380.csv","informacaoPlanejamento_be70e7e5-f418-48bd-9e39-e159bc7e97bb.csv","empenhos_f3e436e4-9618-4f76-8ec1-d113b02afe79.csv"," ","Transferências do FUNDEB - Impostos e Transferências de Impostos - 30%"
"PREFEITURA MUNICIPAL DE CRICIUMA",2026,"MAIS GESTÃO CRICIÚMA","Manutenção da Diretoria de Convênios e Captação de Recursos","Planejar e modernizar a administração municipal com dados gerenciais, reduzindo custos.","SECRETARIA DE GOVERNANÇA","Diretoria de Convênios e Captação de Recursos",Administração,"Tecnologia da Informatização",1252,"Manutenção da Diretoria de Convênios e Captação de Recursos","APLICAÇÕES DIRETAS",210,33900000000000,"APLICAÇÕES DIRETAS","PREFEITURA MUNICIPAL DE CRICIUMA","DESPESAS CORRENTES",50000,60415,110415,60454.0,60454.0,40457.28,40457.28,19996.72,35458.12,0,35458.12,24995.88,4999.16,120.91,54.75,80.91,36.64,70.92,311.4,"fontesRecursos_31bdbded-5212-4ed1-b1ea-e62d50cb1ce2.csv","informacaoPlanejamento_4323542e-17fe-4b0c-a1e1-c67f39f4a5c4.csv","empenhos_31cc880b-d11b-460c-9a7d-3d462473c13b.csv","suplementacoes_a84039c4-37b5-4b1f-86bd-4406eb1749fd.csv","Recursos não Vinculados de Impostos"
"FUNDO MUNICIPAL DE SAUDE DE CRICIUMA",2026,"CRICIÚMA MAIS ATENDIMENTO ESPECIALIZADO","Ações em Serviço Social de Saúde Pública Municipal","Ampliar a oferta e qualificação dos serviços especializados, melhorando o acesso e a integração com a atenção básica para assegurar a continuidade do cuidado à população.","FUNDO MUNICIPAL DE SAÚDE","Fundo Mun. de Saúde",Saúde,"Atenção Básica",1266,"Ações em Serviço Social de Saúde Pública Municipal","APLICAÇÕES DIRETAS",69,33900000000000,"APLICAÇÕES DIRETAS","FUNDO MUNICIPAL DE SAUDE DE CRICIUMA","DESPESAS CORRENTES",11380000,0,11380000,1976294.0,1976294.0,1574437.6,1574437.6,401856.4,1574437.6,0,1574437.6,401856.4,0.0,17.37,17.37,13.84,13.84,13.84,722.8,"fontesRecursos_e39ee13f-20fa-4dce-a0cb-2bb0c9a6f469.csv","informacaoPlanejamento_8c1122f4-be24-4074-a10f-657d14bdaa0a.csv","empenhos_81623de5-e537-4b58-a7dd-e5d07ae2679e.csv"," ","Transf. Fundo a Fundo de Recursos do SUS provenientes do Governo Estadual"
"PREFEITURA MUNICIPAL DE CRICIUMA",2026,"INCENTIVO À CONTINUIDADE EDUCACIONAL E ACADÊMICA","Auxílio ao Ensino Médio","Possibilitar o acesso de estudantes da rede pública ao ensino superior por meio de bolsas de estudo, e fomentar a formação acadêmica continuada dos profissionais da educação com incentivos à realização de pós-graduação.","SEC. MUN. DE EDUCAÇÃO","Auxilio ao Ensino",Educação,"Ensino Médio",1232,"Auxílio ao Ensino Médio","APLICAÇÕES DIRETAS",136,33900000000000,"APLICAÇÕES DIRETAS","PREFEITURA MUNICIPAL DE CRICIUMA","DESPESAS CORRENTES",600000,260000,860000,850543.0,650543.0,392699.85,392699.85,257843.15,389465.85,0,389465.85,261077.15,3234.0,141.76,98.9,65.45,45.66,64.91,220.82,"fontesRecursos_0199e34f-9fef-4acb-9d14-022f94aef26d.csv","informacaoPlanejamento_587ef3ed-679f-4c8f-949a-9babd810dde4.csv","empenhos_5d11617e-76a9-4bf0-bb7f-ada25f9edb85.csv","suplementacoes_7db02835-11ef-4cd6-b49d-7a71e771582b.csv","Recursos não Vinculados de Impostos"
"FUNDO MUNICIPAL DE SAUDE DE CRICIUMA",2026,"CRICIÚMA MAIS SAÚDE MENTAL","Centros de Atenção Psicossocial - CAPS","Ampliar e qualificar os serviços de saúde mental na atenção básica e especializada, promovendo a reabilitação psicossocial e o cuidado comunitário, com ênfase na prevenção e no tratamento humanizado.","FUNDO MUNICIPAL DE SAÚDE","Fundo Mun. de Saúde",Saúde,"Atenção Básica",1055,"Centros de Atenção Psicossocial - CAPS","APLICAÇÕES DIRETAS",46,31900000000000,"APLICAÇÕES DIRETAS","FUNDO MUNICIPAL DE SAUDE DE CRICIUMA","DESPESAS CORRENTES",6000000,895823.33,6895823.33,4608957.77,4608957.77,4608957.77,4608957.77,0.0,4608957.77,0,4608957.77,0.0,0.0,76.82,66.84,76.82,66.84,76.82,149.62,"fontesRecursos_5eb21ffc-4c4f-4ca6-befd-3b4bf6a37b16.csv","informacaoPlanejamento_06cc1570-218c-44ee-b49e-763e281b442e.csv","empenhos_2f77f9ed-faae-4608-9278-8d5269854508.csv","suplementacoes_e545df19-d12b-4456-bde5-42e04864863f.csv","Transf. Fundo a Fundo de Recursos do SUS provenientes do Governo Federal - Bloco de Manutenção das Ações e Serviços Públicos de Saúde"
"FUNDO MUNICIPAL DE SAUDE DE CRICIUMA",2026,"CRICIÚMA MAIS REDE DE URGÊNCIA E EMERGÊNCIA - RUE","Manut. do Serv. de Atend. de Urgência e Emergência - SAMU","Com intuito de atender rapidamente às demandas de saúde com riscos à vida da população, e Garantir a organização eficiente da Rede de Urgência e Emergência, com profissionais capacitados, equipamentos adequados e processos integrados.","FUNDO MUNICIPAL DE SAÚDE","Fundo Mun. de Saúde",Saúde,"Atenção Básica",1054,"Manut. do Serv. de Atend. de Urgência e Emergência - SAMU","APLICAÇÕES DIRETAS",76,31900000000000,"APLICAÇÕES DIRETAS","FUNDO MUNICIPAL DE SAUDE DE CRICIUMA","DESPESAS CORRENTES",1435000,-31700,1403300,855283.39,852186.02,855283.39,852186.02,0.0,855283.39,3097.37,852186.02,0.0,0.0,59.6,60.95,59.6,60.95,59.6,164.07,"fontesRecursos_412ea21b-688f-4090-bbad-935a634726af.csv","informacaoPlanejamento_0be76069-b847-482e-abab-6ca70e653e06.csv","empenhos_a147529a-3a17-4ce9-9224-cd12b2282d2f.csv","suplementacoes_f0555778-090b-424b-a4a0-e563cd920d09.csv","Transf. Fundo a Fundo de Recursos do SUS provenientes do Governo Federal - Bloco de Manutenção das Ações e Serviços Públicos de Saúde"
"FUNDO MUNICIPAL DE SAUDE DE CRICIUMA",2026,"CRICIÚMA MAIS AÇÕES DE VIGILÂNCIA EM SAÚDE","Vigilância em Saúde do Trabalho - CEREST","Controle e prevenção de doenças e agravos à saúde da população, ampliando a capacidade técnica da Vigilância em Saúde, assegurando a efetividade das ações de monitoramento.","FUNDO MUNICIPAL DE SAÚDE","Fundo Mun. de Saúde",Saúde,"Atenção Básica",1057,"Vigilância em Saúde do Trabalho - CEREST","APLICAÇÕES DIRETAS",90,31900000000000,"APLICAÇÕES DIRETAS","FUNDO MUNICIPAL DE SAUDE DE CRICIUMA","DESPESAS CORRENTES",840000,-159107.69,680892.31,351207.33,351207.33,351207.33,351207.33,0.0,351207.33,0,351207.33,0.0,0.0,41.81,51.58,41.81,51.58,41.81,193.87,"fontesRecursos_60d9f7f5-3476-4e7d-90c3-735ea5131b11.csv","informacaoPlanejamento_c942820c-1aa7-40d8-85ef-f1ae55a91c77.csv","empenhos_84f552f9-7500-47bd-9fad-539c54d6d10f.csv","suplementacoes_464e69ab-5856-4db9-b491-066adc00bd6a.csv","Recursos não Vinculados de Impostos - Saúde"
"FUNDO MUNICIPAL DE SAUDE DE CRICIUMA",2026,"CRICIÚMA MAIS ATENDIMENTO ESPECIALIZADO","Atendimento Especializado em Saúde Pública Municipal","Ampliar a oferta e qualificação dos serviços especializados, melhorando o acesso e a integração com a atenção básica para assegurar a continuidade do cuidado à população.","FUNDO MUNICIPAL DE SAÚDE","Fundo Mun. de Saúde",Saúde,"Atenção Básica",1236,"Atendimento Especializado em Saúde Pública Municipal","APLICAÇÕES DIRETAS",64,31900000000000,"APLICAÇÕES DIRETAS","FUNDO MUNICIPAL DE SAUDE DE CRICIUMA","DESPESAS CORRENTES",17273500,-2477096.96,1.479640304E7,651683.29,651683.29,651683.29,651683.29,0.0,651683.29,0,651683.29,0.0,0.0,3.77,4.4,3.77,4.4,3.77,2270.49,"fontesRecursos_64eb650a-2dec-4db4-a5d2-6703e9af7d5a.csv","informacaoPlanejamento_0a969019-95a3-41fe-bc86-6f09b51236cc.csv","empenhos_afd3c5bd-d7a1-4d2d-9a03-a270fc83d555.csv","suplementacoes_86984bb3-f3fc-4d93-8d8b-5f9d72b7a318.csv","Recursos não Vinculados de Impostos - Saúde"
"FUNDO MUNICIPAL DE SAUDE DE CRICIUMA",2026,"CRICIÚMA MAIS AÇÕES DE VIGILÂNCIA EM SAÚDE","Vigilância Sanitária","Controle e prevenção de doenças e agravos à saúde da população, ampliando a capacidade técnica da Vigilância em Saúde, assegurando a efetividade das ações de monitoramento.","FUNDO MUNICIPAL DE SAÚDE","Fundo Mun. de Saúde",Saúde,"Vigilância Sanitária",1049,"Vigilância Sanitária","APLICAÇÕES DIRETAS",81,31900000000000,"APLICAÇÕES DIRETAS","FUNDO MUNICIPAL DE SAUDE DE CRICIUMA","DESPESAS CORRENTES",4300000,-142600,4157400,1686253.64,1686253.64,1686253.64,1686253.64,0.0,1686253.64,0,1686253.64,0.0,0.0,39.22,40.56,39.22,40.56,39.22,246.55,"fontesRecursos_bc09871c-7334-4d98-a44e-84c3e2594b9d.csv","informacaoPlanejamento_d825c107-fed7-4c81-94a4-5bd940bfd5c6.csv","empenhos_8f6af241-f768-4e2a-98fe-ff81aca330a1.csv","suplementacoes_c05ccfc9-12e4-4053-99c9-e981987b6628.csv","Transf. Fundo a Fundo de Recursos do SUS provenientes do Governo Federal - Bloco de Manutenção das Ações e Serviços Públicos de Saúde"
"FUNDO MUNICIPAL DE SAUDE DE CRICIUMA",2026,"CRICIÚMA MAIS SAÚDE BUCAL","Centros de Especialidades Odontológicas - CEO","Ampliar e qualificar o acesso à saúde bucal na rede de atenção à Saúde pública.","FUNDO MUNICIPAL DE SAÚDE","Fundo Mun. de Saúde",Saúde,"Atenção Básica",1056,"Centros de Especialidades Odontológicas - CEO","APLICAÇÕES DIRETAS",36,31900000000000,"APLICAÇÕES DIRETAS","FUNDO MUNICIPAL DE SAUDE DE CRICIUMA","DESPESAS CORRENTES",5800000,0,5800000,2002480.79,2002480.79,2002480.79,2002480.79,0.0,2002480.79,0,2002480.79,0.0,0.0,34.53,34.53,34.53,34.53,34.53,289.64,"fontesRecursos_a0804ce1-26c4-4eb2-bcad-e83c9a69cf31.csv","informacaoPlanejamento_fcd18684-ae8b-494c-af3e-f185cd9a02d8.csv","empenhos_b7d6aeef-4d14-49f2-9bc7-4f59c57de39a.csv"," ","Transf. Fundo a Fundo de Recursos do SUS provenientes do Governo Federal - Bloco de Manutenção das Ações e Serviços Públicos de Saúde"
"FUNDO MUNICIPAL DE SAUDE DE CRICIUMA",2026,"CRICIÚMA MAIS ATENÇÃO PRIMÁRIA EM SAÚDE - APS","Programa de Agentes Comunitários de Saúde - PACS","Ampliar e qualificar o acesso da atenção primária em saúde aos usuários do sistema público de saúde.","FUNDO MUNICIPAL DE SAÚDE","Fundo Mun. de Saúde",Saúde,"Atenção Básica",1051,"Programa de Agentes Comunitários de Saúde - PACS","APLICAÇÕES DIRETAS",32,33900000000000,"APLICAÇÕES DIRETAS","FUNDO MUNICIPAL DE SAUDE DE CRICIUMA","DESPESAS CORRENTES",500000,0,500000,85132.18,85132.18,51414.47,51414.47,33717.71,51414.47,0,51414.47,33717.71,0.0,17.03,17.03,10.28,10.28,10.28,972.49,"fontesRecursos_a4b69a61-c7e5-4218-b1b8-d2a306c6f195.csv","informacaoPlanejamento_277c812c-0f49-4f16-befc-1bb2193cc1b7.csv","empenhos_bcfe2403-c8df-4167-ab4d-e300a4a6190d.csv"," ","Recursos não Vinculados de Impostos - Saúde"
"FUNDO MUNICIPAL DE SAUDE DE CRICIUMA",2026,"CRICIÚMA MAIS AÇÕES DE VIGILÂNCIA EM SAÚDE","Vigilância Epidemiologia","Controle e prevenção de doenças e agravos à saúde da população, ampliando a capacidade técnica da Vigilância em Saúde, assegurando a efetividade das ações de monitoramento.","FUNDO MUNICIPAL DE SAÚDE","Fundo Mun. de Saúde",Saúde,"Vigilância Epidemiológica",1052,"Vigilância Epidemiologia","APLICAÇÕES DIRETAS",85,31900000000000,"APLICAÇÕES DIRETAS","FUNDO MUNICIPAL DE SAUDE DE CRICIUMA","DESPESAS CORRENTES",4900000,370745.89,5270745.89,2785708.65,2785708.65,2785708.65,2785708.65,0.0,2785708.65,0,2785708.65,0.0,0.0,56.85,52.85,56.85,52.85,56.85,189.21,"fontesRecursos_4303f7bd-d4aa-41d0-b16c-2c14f9ab46c5.csv","informacaoPlanejamento_652941d7-dba7-4fe1-a729-ddf8ae9ab5e1.csv","empenhos_3bae7c54-3818-448b-9f5a-8838350c07dc.csv","suplementacoes_83f159a6-8e13-4d69-8b23-f2b22200c203.csv","Transf. Fundo a Fundo de Recursos do SUS provenientes do Governo Federal - Bloco de Manutenção das Ações e Serviços Públicos de Saúde"
"FUNDO MUNICIPAL DE SAUDE DE CRICIUMA",2026,"CRICIÚMA MAIS SAÚDE MENTAL","Apoio à Políticas Psicossociais","Ampliar e qualificar os serviços de saúde mental na atenção básica e especializada, promovendo a reabilitação psicossocial e o cuidado comunitário, com ênfase na prevenção e no tratamento humanizado.","FUNDO MUNICIPAL DE SAÚDE","Fundo Mun. de Saúde",Saúde,"Atenção Básica",1061,"Apoio à Políticas Psicossociais","APLICAÇÕES DIRETAS",54,31900000000000,"APLICAÇÕES DIRETAS","FUNDO MUNICIPAL DE SAUDE DE CRICIUMA","DESPESAS CORRENTES",1640000,-1346535.36,293464.64,125289.56,125289.56,125289.56,125289.56,0.0,125289.56,0,125289.56,0.0,0.0,7.64,42.69,7.64,42.69,7.64,234.23,"fontesRecursos_0a74bdb9-5321-4ae1-a821-b3bb7fd63664.csv","informacaoPlanejamento_620402fe-1515-4c7e-bd99-321c250e28a4.csv","empenhos_e08bf6fb-ee28-4830-a9be-e35c9f0fce33.csv","suplementacoes_ce1a1c21-58fa-4d36-ba9c-0092256c39a7.csv","Transf. Fundo a Fundo de Recursos do SUS provenientes do Governo Federal - Bloco de Manutenção das Ações e Serviços Públicos de Saúde"
"FUNDO MUNICIPAL DE SAUDE DE CRICIUMA",2026,"CRICIÚMA MAIS SAÚDE","Manut. do Gabinete da Secretaria de Saúde","Garantir a implementação articulada e contínua das ações de promoção, prevenção e atenção curativa no âmbito do sistema municipal de saúde, com ênfase na Atenção Primária por meio da Estratégia Saúde da Família, e no fortalecimento da rede de saúde, assegurando a integralidade, qualidade e eficiência dos serviços para o atendimento integral da população.","FUNDO MUNICIPAL DE SAÚDE","Fundo Mun. de Saúde",Saúde,"Atenção Básica",1062,"Manut. do Gabinete da Secretaria de Saúde","APLICAÇÕES DIRETAS",10,31900000000000,"APLICAÇÕES DIRETAS","FUNDO MUNICIPAL DE SAUDE DE CRICIUMA","DESPESAS CORRENTES",1000000,20000,1020000,381779.17,381779.17,381779.17,381779.17,0.0,381779.17,0,381779.17,0.0,0.0,38.18,37.43,38.18,37.43,38.18,267.17,"fontesRecursos_a293e551-9ad3-4b3c-9477-c213ab22cd01.csv","informacaoPlanejamento_4f53bcb6-e6f6-499b-b3b8-9d76fd4a5010.csv","empenhos_c0c37062-b517-424f-af67-5c0afebe88a9.csv"," ","Recursos não Vinculados de Impostos - Saúde"
"FUNDO MUNICIPAL DE SAUDE DE CRICIUMA",2026,"CRICIÚMA MAIS SAÚDE BUCAL","Centros de Especialidades Odontológicas - CEO","Ampliar e qualificar o acesso à saúde bucal na rede de atenção à Saúde pública.","FUNDO MUNICIPAL DE SAÚDE","Fundo Mun. de Saúde",Saúde,"Atenção Básica",1056,"Centros de Especialidades Odontológicas - CEO","APLICAÇÃO DIRETA DECORRENTE DE OPERAÇÃO DE ÓRGÃOS, FUNDOS E ENTIDADES INTEGRANTES DOS ORÇAMENTOS FISCAL E DA SEGURIDADE SOCIAL COM CONSÓRCIO PÚBLICO D",39,33930000000000,"APLICAÇÃO DIRETA DECORRENTE DE OPERAÇÃO DE ÓRGÃOS, FUNDOS E ENTIDADES INTEGRANTES DOS ORÇAMENTOS FISCAL E DA SEGURIDADE SOCIAL COM CONSÓRCIO PÚBLICO D","FUNDO MUNICIPAL DE SAUDE DE CRICIUMA","DESPESAS CORRENTES",440000,1465000,1905000,1283434.08,1233434.08,915662.98,915662.98,317771.1,915662.98,0,915662.98,317771.1,0.0,291.69,67.37,208.11,48.07,208.11,208.05,"fontesRecursos_279df1e2-c545-48a6-a7e7-455bc1ba3f6d.csv","informacaoPlanejamento_9fcb2c0f-e8d2-4284-b602-a155e8c4f42a.csv","empenhos_53b58b72-df02-41f0-8806-a2dffa43113b.csv","suplementacoes_2319201d-5f07-453b-badd-8a73e1612d05.csv","Transf. Fundo a Fundo de Recursos do SUS provenientes do Governo Estadual"
"PREFEITURA MUNICIPAL DE CRICIUMA",2026,"CRICIÚMA MAIS DEFENSORIA PÚBLICA","Manut. da Casa da Cidadania","Assegurar a adequada representação judicial e extrajudicial do Município, promovendo a legalidade e a segurança jurídica nos atos administrativos. Ampliar o acesso da população a instrumentos de defesa de direitos, especialmente nas relações de consumo, por meio do fortalecimento do PROCON Municipal. Qualificar a atuação da Procuradoria-Geral do Município, promovendo eficiência na análise jurídica, controle da judicialização e orientação técnica às secretarias e órgãos municipais.","PROCURADORIA GERAL DO MUNICIPIO - PGM","Casa da Cidadania","Direitos da Cidadania","Direitos Individuais, Coletivos e Difusos",1017,"Manut. da Casa da Cidadania","APLICAÇÕES DIRETAS",70,33900000000000,"APLICAÇÕES DIRETAS","PREFEITURA MUNICIPAL DE CRICIUMA","DESPESAS CORRENTES",350000,0,350000,156877.41,154465.73,65751.08,65751.08,88714.65,60448.74,0,60448.74,94016.99,5302.34,44.82,44.82,18.79,18.79,17.27,579.0,"fontesRecursos_6495dcc4-569a-435b-8813-d37e59365ed5.csv","informacaoPlanejamento_3048b3c2-edf1-41af-85d8-f61c0386be6f.csv","empenhos_9ad10c69-d4a8-4ce5-9ee5-78e828dfcdce.csv"," ","Recursos não Vinculados de Impostos"
"PREFEITURA MUNICIPAL DE CRICIUMA",2026,"MAIS GESTÃO CRICIÚMA","Participação em Consórcios e Entidades Associativas","Planejar e modernizar a administração municipal com dados gerenciais, reduzindo custos.","GABINETE DO PREFEITO","Gabinete do Prefeito / Assessoria de Gabinete",Administração,"Administração Geral",1277,"Participação em Consórcios e Entidades Associativas","TRANSFERÊNCIAS A INSTITUIÇÕES PRIVADAS SEM FINS LUCRATIVOS",5,33500000000000,"TRANSFERÊNCIAS A INSTITUIÇÕES PRIVADAS SEM FINS LUCRATIVOS","PREFEITURA MUNICIPAL DE CRICIUMA","DESPESAS CORRENTES",600000,78104.85,678104.85,526688.52,526688.52,355117.11,355117.11,171571.41,275318.55,0,275318.55,251369.97,79798.56,87.78,77.67,59.19,52.37,45.89,246.3,"fontesRecursos_c11771e7-f5f5-4f3f-83cf-891de0b73952.csv","informacaoPlanejamento_806c7862-6ccd-4a69-bfcb-5dfbc81cff67.csv","empenhos_95798e4f-2c0f-497b-bcf4-e01db6b0bf1b.csv","suplementacoes_1ed42ab3-a74e-498f-a71c-bf8eeabb0c52.csv","Recursos não Vinculados de Impostos"
"PREFEITURA MUNICIPAL DE CRICIUMA",2026,"CRICIÚMA MAIS DESENVOLVIMENTO","Centros Comunitarios","Elaborar projetos arquitetônicos, urbanísticos e geométricos (rodoviários) de espaços públicos; Revisar e regulamentar constantemente a legislação urbanística do Plano Diretor; Executar obras de edificações e espaços públicos de interesse da coletividade. Garantir o desenvolvimento econômico do município por meio de execução de obras significativas ao crescimento urbano.Tornar à cidade mais humanizada, bonita e agradável de se viver, sempre em conformidade com o Plano Diretor do Município.","SECRETARIA DE INFRAESTRUTURA E OBRAS","Centros Comunitários","Desporto e Lazer",Lazer,1075,"Centros Comunitarios","APLICAÇÕES DIRETAS",200,44900000000000,"APLICAÇÕES DIRETAS","PREFEITURA MUNICIPAL DE CRICIUMA","DESPESAS DE CAPITAL",6000000,1106756.07,7106756.07,2595550.76,2584074.67,1397372.68,1397372.68,1186701.99,896001.55,0,896001.55,1688073.12,501371.13,43.26,36.52,23.29,19.66,14.93,793.16,"fontesRecursos_087237d5-2e46-4e17-9c09-dd9732c964bb.csv","informacaoPlanejamento_28f1783a-9b92-49d5-a857-584d44a62268.csv","empenhos_5a352960-5e02-4b5f-87f3-c110fcffdc29.csv","suplementacoes_a2cb95b2-b817-45ca-b794-1d4230f1cede.csv","Outras Transferências de Convênios ou Instrumentos Congêneres dos Estados"
"PREFEITURA MUNICIPAL DE CRICIUMA",2026,"CRICIÚMA MAIS DESENVOLVIMENTO",Parques/Praças/Jardins,"Elaborar projetos arquitetônicos, urbanísticos e geométricos (rodoviários) de espaços públicos; Revisar e regulamentar constantemente a legislação urbanística do Plano Diretor; Executar obras de edificações e espaços públicos de interesse da coletividade. Garantir o desenvolvimento econômico do município por meio de execução de obras significativas ao crescimento urbano.Tornar à cidade mais humanizada, bonita e agradável de se viver, sempre em conformidade com o Plano Diretor do Município.","SECRETARIA DE INFRAESTRUTURA E OBRAS",Parques/Praças/Jardins,"Desporto e Lazer",Lazer,1081,Parques/Praças/Jardins,"APLICAÇÕES DIRETAS",178,44900000000000,"APLICAÇÕES DIRETAS","PREFEITURA MUNICIPAL DE CRICIUMA","DESPESAS DE CAPITAL",6000000,80000,6080000,3851469.14,3784591.28,2642429.2,2634734.0,1149857.28,2516681.19,92.34,2516588.85,1268002.43,118145.15,64.19,63.35,44.04,43.46,41.94,241.59,"fontesRecursos_7f395363-c5ac-44d5-a647-8ba3e4d238a7.csv","informacaoPlanejamento_69f372b8-e157-4998-88db-673062b1f94b.csv","empenhos_1bbfe59e-8954-4132-8a62-6307d81138b6.csv","suplementacoes_16e8f412-b799-4fb8-baaf-139868b3ce3d.csv","Recursos de Operações de Crédito Internas / superávit de exercícios anteriores"
"PREFEITURA MUNICIPAL DE CRICIUMA",2026,"MAIS GESTÃO CRICIÚMA","Manut. da Diretoria de Cadastro Imobiliário","Planejar e modernizar a administração municipal com dados gerenciais, reduzindo custos.","SEC. MUN. DA FAZENDA","Diretoria de Cadastro Imobiliário",Administração,"Administração Geral",1022,"Manut. da Diretoria de Cadastro Imobiliário","APLICAÇÕES DIRETAS",89,33900000000000,"APLICAÇÕES DIRETAS","PREFEITURA MUNICIPAL DE CRICIUMA","DESPESAS CORRENTES",550000,141000,691000,633791.09,633791.09,345052.47,345052.47,288738.62,344374.59,0,344374.59,289416.5,677.88,115.23,91.72,62.74,49.94,62.61,200.65,"fontesRecursos_1c786b7a-3f5e-4f1f-9053-254597b7ef89.csv","informacaoPlanejamento_c2faba88-cbc2-48c0-956d-4673f56822a0.csv","empenhos_b156d9d2-7a7b-489a-81ce-b39ececce24c.csv","suplementacoes_2eadc123-dc72-47da-926a-a1b2bdd3b9b2.csv","Recursos não Vinculados de Impostos"
"FUNDO MUNICIPAL DE SAUDE DE CRICIUMA",2026,"CRICIÚMA MAIS SAÚDE","Manutenção do Conselho de Saúde","Garantir a implementação articulada e contínua das ações de promoção, prevenção e atenção curativa no âmbito do sistema municipal de saúde, com ênfase na Atenção Primária por meio da Estratégia Saúde da Família, e no fortalecimento da rede de saúde, assegurando a integralidade, qualidade e eficiência dos serviços para o atendimento integral da população.","FUNDO MUNICIPAL DE SAÚDE","Fundo Mun. de Saúde",Saúde,"Atenção Básica",1263,"Manutenção do Conselho de Saúde","TRANSFERÊNCIAS A INSTITUIÇÕES PRIVADAS SEM FINS LUCRATIVOS",20,33500000000000,"TRANSFERÊNCIAS A INSTITUIÇÕES PRIVADAS SEM FINS LUCRATIVOS","FUNDO MUNICIPAL DE SAUDE DE CRICIUMA","DESPESAS CORRENTES",212000,-54500,157500,101787.36,100800.0,68187.36,67200.0,33600.0,56987.36,987.36,56000.0,44800.0,11200.0,48.01,64.63,32.16,43.29,26.88,276.38,"fontesRecursos_67dead81-f471-4e39-9d81-a55981e22330.csv","informacaoPlanejamento_272753e6-170e-4a5c-a7a0-1edb2d9359ac.csv","empenhos_dabcf328-e2a0-458a-8fff-80bd56f6c4e6.csv","suplementacoes_63ba59ae-a827-4a79-a238-0d185569c13b.csv","Recursos não Vinculados de Impostos - Saúde"
"FUNDO MUNICIPAL DE SAUDE DE CRICIUMA",2026,"CRICIÚMA MAIS SAÚDE","Manutenção do Conselho de Saúde","Garantir a implementação articulada e contínua das ações de promoção, prevenção e atenção curativa no âmbito do sistema municipal de saúde, com ênfase na Atenção Primária por meio da Estratégia Saúde da Família, e no fortalecimento da rede de saúde, assegurando a integralidade, qualidade e eficiência dos serviços para o atendimento integral da população.","FUNDO MUNICIPAL DE SAÚDE","Fundo Mun. de Saúde",Saúde,"Atenção Básica",1263,"Manutenção do Conselho de Saúde","TRANSFERÊNCIAS A INSTITUIÇÕES PRIVADAS SEM FINS LUCRATIVOS",21,44500000000000,"TRANSFERÊNCIAS A INSTITUIÇÕES PRIVADAS SEM FINS LUCRATIVOS","FUNDO MUNICIPAL DE SAUDE DE CRICIUMA","DESPESAS DE CAPITAL",500,54500,55000,43200.0,43200.0,28800.0,28800.0,14400.0,24000.0,0,24000.0,19200.0,4800.0,8640.0,78.55,5760.0,52.36,4800.0,229.17,"fontesRecursos_a0af0abe-1ca0-4150-8757-96884fa581d8.csv","informacaoPlanejamento_e294dac4-3039-4da2-8daa-7df8b8e6a888.csv","empenhos_318e6da6-2525-48db-9098-a4775a89ae84.csv","suplementacoes_fc744368-3ce9-423c-9fa5-d181365561dd.csv","Recursos não Vinculados de Impostos - Saúde"
"PREFEITURA MUNICIPAL DE CRICIUMA",2026,"CRICIÚMA MAIS SOLIDARIEDADE","Manut. do Fundo do Idoso - Proteção ao Idoso","Promover a proteção social, garantindo a atenção integral a indivíduos e famílias em situação de vulnerabilidade ou risco social, por meio de ações de assistência básica e especial. Fortalecer os serviços, programas, projetos e benefícios socioassistenciais no âmbito do SUAS (Sistema Único de Assistência Social). Desenvolver políticas públicas de habitação social, viabilizando moradia digna à população de baixa renda, por meio da gestão do Fundo Municipal de Habitação e Interesse Social.","GABINETE DO PREFEITO","Proteção ao Idoso / Fundo do Idoso","Assistência Social","Assistência ao Idoso",1014,"Manut. do Fundo do Idoso - Proteção ao Idoso","APLICAÇÕES DIRETAS",50,33900000000000,"APLICAÇÕES DIRETAS","PREFEITURA MUNICIPAL DE CRICIUMA","DESPESAS CORRENTES",100000,0,100000,70000.0,70000.0,0,0,70000.0,0,0,0,70000.0,0,70.0,70.0,0.0,0.0,0.0,0.0,"fontesRecursos_0784bece-2815-4389-b6cf-029f95da3e49.csv","informacaoPlanejamento_b05eb43a-2e33-4c98-a986-8cfda0eddf72.csv","empenhos_673b7e44-8bd7-4d66-8a22-a92dc625fe52.csv"," ","Recursos Vinculados a Fundos"
"FUNDO MUN. SANEAMENTO BASICO DE CRICIUMA - FUNSAB",2026,"CRICIÚMA MAIS SANEAMENTO - ÁGUA & ESGOTO","Recuperação de pavimentação asfáltica de Obras de Infraestrutura - Convênio/Casan","Criar as condições para que com o Contrato de Programa PMC/CASAN, possa o município ser parceiro na administração dos sistemas de distribuição de água e de coleta do esgoto sanitário e possa usar recursos desse Contrato para melhorar a drenagem urbana e para desassoriar rios da região.
Expandir rede de água, esgoto e drenagem urbana em parceria com CASAN.","FUNDO MUN. DE SANEAMENTO BASICO-FUNSAB","Convênios com o Estado",Saneamento,"Infra-Estrutura Urbana",1214,"Recuperação de pavimentação asfáltica de Obras de Infraestrutura - Convênio/Casan","APLICAÇÕES DIRETAS",7,33900000000000,"APLICAÇÕES DIRETAS","FUNDO MUN. SANEAMENTO BASICO DE CRICIUMA - FUNSAB","DESPESAS CORRENTES",3300000,0,3300000,2657993.94,2657993.94,1982141.74,1982141.74,675852.2,1862381.19,0,1862381.19,795612.75,119760.55,80.55,80.55,60.06,60.06,56.44,177.19,"fontesRecursos_8bde391d-ccb1-4219-851d-5389c8ba9a6c.csv","informacaoPlanejamento_75ee68bb-a24e-4823-bfe9-1c3dac95c1ed.csv","empenhos_fdc237d1-c930-4855-9ffd-a8afce903d1d.csv"," ","Recursos não Vinculados de Impostos"
"FUNDO MUNICIPAL DE SAUDE DE CRICIUMA",2026,"CRICIÚMA MAIS SAÚDE","Manutenção do Fundo Municipal de Saúde","Garantir a implementação articulada e contínua das ações de promoção, prevenção e atenção curativa no âmbito do sistema municipal de saúde, com ênfase na Atenção Primária por meio da Estratégia Saúde da Família, e no fortalecimento da rede de saúde, assegurando a integralidade, qualidade e eficiência dos serviços para o atendimento integral da população.","FUNDO MUNICIPAL DE SAÚDE","Fundo Mun. de Saúde",Saúde,"Atenção Básica",1045,"Manutenção do Fundo Municipal de Saúde","APLICAÇÕES DIRETAS",9,44900000000000,"APLICAÇÕES DIRETAS","FUNDO MUNICIPAL DE SAUDE DE CRICIUMA","DESPESAS DE CAPITAL",2100000,3612130.18,5712130.18,3547763.87,3547763.87,2110519.19,2110519.19,1437244.68,2025438.52,0,2025438.52,1522325.35,85080.67,168.94,62.11,100.5,36.95,96.45,282.02,"fontesRecursos_b9e0d0b2-661e-4b2e-8c95-b09c5d1c4e47.csv","informacaoPlanejamento_9fbca07f-0762-488f-b4be-fbd081143348.csv","empenhos_20459138-4798-4ce0-85f5-7d6c8cdfe10d.csv","suplementacoes_3f78a302-e0ce-4602-a3a0-c229ce92a5a4.csv","Transferências de Estado referentes a Convênios e Instrumentos Congêneres vinculados à Saúde/ Superávit Exercício Anterior"
"PREFEITURA MUNICIPAL DE CRICIUMA",2026,"CRICIÚMA MAIS DESENVOLVIMENTO","Frota Municipal","Elaborar projetos arquitetônicos, urbanísticos e geométricos (rodoviários) de espaços públicos; Revisar e regulamentar constantemente a legislação urbanística do Plano Diretor; Executar obras de edificações e espaços públicos de interesse da coletividade. Garantir o desenvolvimento econômico do município por meio de execução de obras significativas ao crescimento urbano.Tornar à cidade mais humanizada, bonita e agradável de se viver, sempre em conformidade com o Plano Diretor do Município.","SECRETARIA DE INFRAESTRUTURA E OBRAS","Frota Municipal",Administração,"Administração Geral",1084,"Frota Municipal","APLICAÇÕES DIRETAS",192,44900000000000,"APLICAÇÕES DIRETAS","PREFEITURA MUNICIPAL DE CRICIUMA","DESPESAS DE CAPITAL",7000000,369000,7369000,493279.0,493279.0,373280.0,373280.0,119999.0,373280.0,0,373280.0,119999.0,0.0,7.05,6.69,5.33,5.07,5.33,1974.12,"fontesRecursos_e33091e3-621f-4bfb-ae99-f3c243477dfc.csv","informacaoPlanejamento_8387b1da-7cc9-4a45-90e3-f97b36d0f4de.csv","empenhos_aa05cbb4-5bc0-4e17-94c9-8ffc1eb2c053.csv"," ","Recursos não Vinculados de Impostos"
"FUNDO MUNICIPAL DE SAUDE DE CRICIUMA",2026,"CRICIÚMA MAIS SAÚDE","Manut. Serviços Médicos, Laboratoriais, baixa, média e alta complex.","Garantir a implementação articulada e contínua das ações de promoção, prevenção e atenção curativa no âmbito do sistema municipal de saúde, com ênfase na Atenção Primária por meio da Estratégia Saúde da Família, e no fortalecimento da rede de saúde, assegurando a integralidade, qualidade e eficiência dos serviços para o atendimento integral da população.","FUNDO MUNICIPAL DE SAÚDE","Fundo Mun. de Saúde",Saúde,"Assistência Hospitalar e Ambulatorial",1204,"Manut. Serviços Médicos, Laboratoriais, baixa, média e alta complex.","APLICAÇÕES DIRETAS",13,33900000000000,"APLICAÇÕES DIRETAS","FUNDO MUNICIPAL DE SAUDE DE CRICIUMA","DESPESAS CORRENTES",101400000,6381137.99,1.0778113799E8,1.2180788524E8,9.189985313E7,3.08725314E7,3.08210319E7,6.107882123E7,3.015265162E7,50856.42,3.01017952E7,6.179805793E7,719236.7,120.13,113.01,30.45,28.64,29.74,357.45,"fontesRecursos_ab33a295-946b-4c1a-a8ec-c3cc9fc2c642.csv","informacaoPlanejamento_8045d51f-8fdf-4cbe-98df-332eebd2225d.csv","empenhos_99e96ca0-540c-41a0-a4fb-c4dda9ea2c5a.csv","suplementacoes_110e86b7-ede3-4eba-b41a-b71bb187aa6f.csv","Transf. Fundo a Fundo de Recursos do SUS provenientes do Governo Federal - Bloco de Manutenção das Ações e Serviços Públicos de Saúde"
"PREFEITURA MUNICIPAL DE CRICIUMA",2026,"CRICIÚMA MAIS DESENVOLVIMENTO","Manut. Superintendências de Op. Rio Maina/Santa Luzia/Quarta Linha","Elaborar projetos arquitetônicos, urbanísticos e geométricos (rodoviários) de espaços públicos; Revisar e regulamentar constantemente a legislação urbanística do Plano Diretor; Executar obras de edificações e espaços públicos de interesse da coletividade. Garantir o desenvolvimento econômico do município por meio de execução de obras significativas ao crescimento urbano.Tornar à cidade mais humanizada, bonita e agradável de se viver, sempre em conformidade com o Plano Diretor do Município.","SECRETARIA DE INFRAESTRUTURA E OBRAS","Superint. de Op. Rio Maina/Sta Luzia/Quarta Linha",Urbanismo,"Serviços Urbanos",1086,"Manut. Superintendências de Op. Rio Maina/Santa Luzia/Quarta Linha","APLICAÇÕES DIRETAS",160,44900000000000,"APLICAÇÕES DIRETAS","PREFEITURA MUNICIPAL DE CRICIUMA","DESPESAS DE CAPITAL",200000,0,200000,6210.85,6210.85,6210.85,6210.85,0.0,5106.85,0,5106.85,1104.0,1104.0,3.11,3.11,3.11,3.11,2.55,3916.31,"fontesRecursos_cede4d04-12f1-42e1-b745-0ad7f5147e37.csv","informacaoPlanejamento_d7714f6d-c17d-4356-9c0e-8db8ba7359b8.csv","empenhos_1a428f37-246b-4a3f-9088-3bb6fceaef54.csv"," ","Recursos não Vinculados de Impostos"
"FUNDO MUNICIPAL DE SAUDE DE CRICIUMA",2026,"CRICIÚMA MAIS AÇÕES DE VIGILÂNCIA EM SAÚDE","Vigilância em Saúde do Trabalho - CEREST","Controle e prevenção de doenças e agravos à saúde da população, ampliando a capacidade técnica da Vigilância em Saúde, assegurando a efetividade das ações de monitoramento.","FUNDO MUNICIPAL DE SAÚDE","Fundo Mun. de Saúde",Saúde,"Atenção Básica",1057,"Vigilância em Saúde do Trabalho - CEREST","APLICAÇÕES DIRETAS",92,33900000000000,"APLICAÇÕES DIRETAS","FUNDO MUNICIPAL DE SAUDE DE CRICIUMA","DESPESAS CORRENTES",45000,276180,321180,272188.65,272188.65,152287.34,152287.34,119901.31,150079.11,0,150079.11,122109.54,2208.23,604.86,84.75,338.42,47.41,333.51,214.01,"fontesRecursos_60450594-bc95-47c4-bc2f-adb7081e722e.csv","informacaoPlanejamento_b7a3693b-b2f7-4a44-8d7a-85d92c9ba68f.csv","empenhos_932a35cf-2e49-4a11-8d6c-8e2a9cbb290b.csv","suplementacoes_a8925a27-ec1c-464c-a0f3-92684a72061c.csv","Recursos não Vinculados de Impostos - Saúde"
"FUNDO MUNICIPAL DE SAUDE DE CRICIUMA",2026,"CRICIÚMA MAIS ASSISTÊNCIA FARMACÊUTICA","Manutenção da Assistência Farmacêutica Municipal","Garantir a oferta regular e qualificada de medicamentos essenciais à população, promovendo o uso racional, a eficiência na gestão dos recursos e a ampliação da atuação clínica do farmacêutico na rede pública de saúde.","FUNDO MUNICIPAL DE SAÚDE","Fundo Mun. de Saúde",Saúde,"Suporte Profilático e Terapêutico",1202,"Manutenção da Assistência Farmacêutica Municipal","APLICAÇÕES DIRETAS",61,33900000000000,"APLICAÇÕES DIRETAS","FUNDO MUNICIPAL DE SAUDE DE CRICIUMA","DESPESAS CORRENTES",11700000,859346.6,1.25593466E7,5067840.42,5067371.83,4190489.78,4190489.78,876882.05,4161482.18,0,4161482.18,905889.65,29007.6,43.31,40.35,35.82,33.37,35.57,301.8,"fontesRecursos_176feafb-a061-496d-9c52-c2f7546ae8c3.csv","informacaoPlanejamento_e10c2696-dfdb-45e4-ae91-ad3c9a85922b.csv","empenhos_e17d1ef2-fc79-44d7-9670-2c4ca256f2b5.csv","suplementacoes_68a546e4-3bc0-4e0e-aede-1de139697a8b.csv","Transf. Fundo a Fundo de Recursos do SUS provenientes do Governo Federal - Bloco de Manutenção das Ações e Serviços Públicos de Saúde"
"PREFEITURA MUNICIPAL DE CRICIUMA",2026,"CRICIÚMA MAIS DESENVOLVIMENTO","Manut. Diretoria / Fdo. Iluminação Pública","Elaborar projetos arquitetônicos, urbanísticos e geométricos (rodoviários) de espaços públicos; Revisar e regulamentar constantemente a legislação urbanística do Plano Diretor; Executar obras de edificações e espaços públicos de interesse da coletividade. Garantir o desenvolvimento econômico do município por meio de execução de obras significativas ao crescimento urbano.Tornar à cidade mais humanizada, bonita e agradável de se viver, sempre em conformidade com o Plano Diretor do Município.","SECRETARIA DE INFRAESTRUTURA E OBRAS","Diretoria de Iluminação e Monitoramento",Energia,"Energia Elétrica",1082,"Manut. Diretoria / Fdo. Iluminação Pública","APLICAÇÕES DIRETAS",161,33900000000000,"APLICAÇÕES DIRETAS","PREFEITURA MUNICIPAL DE CRICIUMA","DESPESAS CORRENTES",38000000,-60000,37940000,2.1654091E7,2.022100848E7,1.064071381E7,1.040763129E7,9813377.19,9242272.1,0,9242272.1,1.097873638E7,1165359.19,56.98,57.07,28.0,28.05,24.32,410.51,"fontesRecursos_679140bf-566c-48c1-bf52-b95024ea35e0.csv","informacaoPlanejamento_0dbed455-878a-4273-a594-fb587997dc4d.csv","empenhos_4b5c59d8-f8f4-4eac-a708-15db0e098ef4.csv","suplementacoes_86769ccc-b24e-414d-a7a8-b6c35d78d699.csv","Recursos não Vinculados de Impostos"
"FUNDO MUNICIPAL DE SAUDE DE CRICIUMA",2026,"CRICIÚMA MAIS ATENÇÃO PRIMÁRIA EM SAÚDE - APS","Implementação Política de Alimentação e Nutrição","Ampliar e qualificar o acesso da atenção primária em saúde aos usuários do sistema público de saúde.","FUNDO MUNICIPAL DE SAÚDE","Fundo Mun. de Saúde",Saúde,"Alimentação e Nutrição",1265,"Implementação Política de Alimentação e Nutrição","APLICAÇÕES DIRETAS",34,33900000000000,"APLICAÇÕES DIRETAS","FUNDO MUNICIPAL DE SAUDE DE CRICIUMA","DESPESAS CORRENTES",1425000,-123000,1302000,278416.21,278416.21,198894.17,198894.17,79522.04,189972.53,0,189972.53,88443.68,8921.64,19.54,21.38,13.96,15.28,13.33,685.36,"fontesRecursos_4850ae99-00b7-40da-ace1-fa3c5210e548.csv","informacaoPlanejamento_8cf82f0c-68ca-4ae8-b43f-3e0366620107.csv","empenhos_0bac6a36-3813-41ae-9ed4-76ab64506597.csv","suplementacoes_f5677ce2-c65e-4e78-8d55-91a07117d7bd.csv","Recursos não Vinculados de Impostos - Saúde"
"PREFEITURA MUNICIPAL DE CRICIUMA",2026,"ALIMENTAÇÃO ESCOLAR E LOGÍSTICA DE MATERIAIS","Administrativo da Alimentação Escolar","Assegurar uma alimentação escolar de qualidade, por meio de práticas nutricionais adequadas, gestão logística eficiente e monitoramento contínuo, promovendo o desenvolvimento integral dos estudantes e sua permanência na escola.","SEC. MUN. DE EDUCAÇÃO","Alimentação a Educação Básica",Educação,"Ensino Fundamental",1038,"Administrativo da Alimentação Escolar","APLICAÇÕES DIRETAS",131,33900000000000,"APLICAÇÕES DIRETAS","PREFEITURA MUNICIPAL DE CRICIUMA","DESPESAS CORRENTES",100000,150000,250000,40406.61,37560.61,26100.91,26100.91,11459.7,23066.87,0,23066.87,14493.74,3034.04,40.41,16.16,26.1,10.44,23.07,1083.81,"fontesRecursos_6302fa7e-c8b6-4e3a-ae92-08a1a45f78c7.csv","informacaoPlanejamento_74bf6f89-5268-4068-8079-f8c26ec5959e.csv","empenhos_d0d457bb-3c45-4f6b-bcd2-f81d03adb76e.csv","suplementacoes_499e44eb-a834-4fed-853f-82446effb722.csv","Recursos não Vinculados de Impostos - Educação"
"PREFEITURA MUNICIPAL DE CRICIUMA",2026,"FORMAÇÃO E VALORIZAÇÃO DOS PROFISSIONAIS DA EDUCAÇÃO","Profissionais da Educação Básica","Fortalecer a formação continuada e a valorização dos profissionais da educação, promovendo práticas pedagógicas inovadoras, inclusivas e alinhadas às diretrizes educacionais, com foco na melhoria da aprendizagem.","SEC. MUN. DE EDUCAÇÃO","Formação de Profissionais da Educação Básica",Educação,"Ensino Fundamental",1042,"Profissionais da Educação Básica","APLICAÇÕES DIRETAS",137,33900000000000,"APLICAÇÕES DIRETAS","PREFEITURA MUNICIPAL DE CRICIUMA","DESPESAS CORRENTES",50000,0,50000,2676.67,2676.67,1786.27,1786.27,890.4,178.08,0,178.08,2498.59,1608.19,5.35,5.35,3.57,3.57,0.36,28077.27,"fontesRecursos_eadfc5f0-f537-4dd9-810c-27f7c2fb345b.csv","informacaoPlanejamento_f9f0855e-c961-4ccf-9ca0-e30fbdec77f4.csv","empenhos_49c5175e-8698-47ac-9e17-996a2c5530e8.csv"," ","Recursos não Vinculados de Impostos - Educação"
"PREFEITURA MUNICIPAL DE CRICIUMA",2026,"MAIS GESTÃO CRICIÚMA","Manut. da Diretoria de Tecnologia e Inovação","Planejar e modernizar a administração municipal com dados gerenciais, reduzindo custos.","SECRETARIA DE GOVERNANÇA","Diretoria de Tecnologia e Inovação",Administração,"Tecnologia da Informatização",1010,"Manut. da Diretoria de Tecnologia e Inovação","APLICAÇÕES DIRETAS",207,33900000000000,"APLICAÇÕES DIRETAS","PREFEITURA MUNICIPAL DE CRICIUMA","DESPESAS CORRENTES",3000000,300000,3300000,3216139.67,3211476.14,1850719.2,1850719.2,1360756.94,1712151.53,0,1712151.53,1499324.61,138567.67,107.2,97.46,61.69,56.08,57.07,192.74,"fontesRecursos_d8c34eb6-f190-452e-8741-ff800a6c0796.csv","informacaoPlanejamento_897a323e-8474-40fa-9404-bd0dc8ab0cf8.csv","empenhos_04cfe1c2-575d-4139-bd82-718cf1c12f9e.csv","suplementacoes_5d97350b-f949-4178-b226-9ea3654be040.csv","Recursos não Vinculados de Impostos"
"PREFEITURA MUNICIPAL DE CRICIUMA",2026,"CRICIÚMA MAIS DESENVOLVIMENTO","Edificações Publicas","Elaborar projetos arquitetônicos, urbanísticos e geométricos (rodoviários) de espaços públicos; Revisar e regulamentar constantemente a legislação urbanística do Plano Diretor; Executar obras de edificações e espaços públicos de interesse da coletividade. Garantir o desenvolvimento econômico do município por meio de execução de obras significativas ao crescimento urbano.Tornar à cidade mais humanizada, bonita e agradável de se viver, sempre em conformidade com o Plano Diretor do Município.","SECRETARIA DE INFRAESTRUTURA E OBRAS","Edificações Públicas",Urbanismo,"Infra-Estrutura Urbana",1074,"Edificações Publicas","APLICAÇÕES DIRETAS",180,33900000000000,"APLICAÇÕES DIRETAS","PREFEITURA MUNICIPAL DE CRICIUMA","DESPESAS CORRENTES",7000000,3000000,10000000,9366305.38,8702739.37,4112056.85,3959817.73,4742921.64,3630039.69,2.6,3630037.09,5072702.28,329780.64,133.8,93.66,58.74,41.12,51.86,275.48,"fontesRecursos_66965ae9-d5df-4037-840c-eb3845a3cfc8.csv","informacaoPlanejamento_4c6be060-4359-4d65-b9b2-9c920926d947.csv","empenhos_10c2ac13-3a8a-4303-a186-94a489cdc032.csv","suplementacoes_13ac72d9-8571-459f-b9b9-e0865816e292.csv","Recursos não Vinculados de Impostos"
"PREFEITURA MUNICIPAL DE CRICIUMA",2026,"CRICIÚMA MAIS DESENVOLVIMENTO","Frota Municipal","Elaborar projetos arquitetônicos, urbanísticos e geométricos (rodoviários) de espaços públicos; Revisar e regulamentar constantemente a legislação urbanística do Plano Diretor; Executar obras de edificações e espaços públicos de interesse da coletividade. Garantir o desenvolvimento econômico do município por meio de execução de obras significativas ao crescimento urbano.Tornar à cidade mais humanizada, bonita e agradável de se viver, sempre em conformidade com o Plano Diretor do Município.","SECRETARIA DE INFRAESTRUTURA E OBRAS","Frota Municipal",Administração,"Administração Geral",1084,"Frota Municipal","APLICAÇÕES DIRETAS",191,33900000000000,"APLICAÇÕES DIRETAS","PREFEITURA MUNICIPAL DE CRICIUMA","DESPESAS CORRENTES",15000000,1963.98,1.500196398E7,1.274892362E7,1.274282362E7,4215244.91,4215244.91,8527578.71,3969317.69,0,3969317.69,8773505.93,245927.22,84.99,84.98,28.1,28.1,26.46,377.95,"fontesRecursos_d16a34bd-fa21-417d-8109-807e7d22f232.csv","informacaoPlanejamento_203d746b-32fe-44c8-a6e3-0ea95094d1e8.csv","empenhos_910a6f60-480c-4599-b04a-bb4a695f8c2f.csv","suplementacoes_ffb3c4f9-5214-4b44-8418-c3dafd960dde.csv","Recursos não Vinculados de Impostos"
"PREFEITURA MUNICIPAL DE CRICIUMA",2026,"GESTÃO DO SISTEMA DE ENSINO","Parque Astronômico","Garantir uma gestão educacional eficiente, transparente e orientada por resultados, com foco na equidade, no uso responsável dos recursos públicos e no fortalecimento do sistema municipal de ensino.","SEC. MUN. DE EDUCAÇÃO","Parque Astronômico",Educação,"Ensino Fundamental",1226,"Parque Astronômico","APLICAÇÕES DIRETAS",153,33900000000000,"APLICAÇÕES DIRETAS","PREFEITURA MUNICIPAL DE CRICIUMA","DESPESAS CORRENTES",1000000,0,1000000,351332.78,351272.55,191268.53,191208.3,160064.25,80886.88,60.23,80826.65,270445.9,110381.65,35.13,35.13,19.13,19.13,8.09,1236.29,"fontesRecursos_a9b4de12-b78c-479e-85a6-5c416c8f2b56.csv","informacaoPlanejamento_3c12edea-1c6a-4b50-9151-80da20541d69.csv","empenhos_5a862b45-2524-4d32-b7f2-5333628fe351.csv"," ","Recursos não Vinculados de Impostos - Educação"
"PREFEITURA MUNICIPAL DE CRICIUMA",2026,"CRICIÚMA MAIS DESENVOLVIMENTO",Parques/Praças/Jardins,"Elaborar projetos arquitetônicos, urbanísticos e geométricos (rodoviários) de espaços públicos; Revisar e regulamentar constantemente a legislação urbanística do Plano Diretor; Executar obras de edificações e espaços públicos de interesse da coletividade. Garantir o desenvolvimento econômico do município por meio de execução de obras significativas ao crescimento urbano.Tornar à cidade mais humanizada, bonita e agradável de se viver, sempre em conformidade com o Plano Diretor do Município.","SECRETARIA DE INFRAESTRUTURA E OBRAS",Parques/Praças/Jardins,"Desporto e Lazer",Lazer,1081,Parques/Praças/Jardins,"APLICAÇÕES DIRETAS",177,33900000000000,"APLICAÇÕES DIRETAS","PREFEITURA MUNICIPAL DE CRICIUMA","DESPESAS CORRENTES",5000000,0,5000000,2320577.31,2319721.32,1311440.27,1311440.07,1008281.25,1309134.07,0.2,1309133.87,1010587.45,2306.2,46.41,46.41,26.23,26.23,26.18,381.93,"fontesRecursos_c7de85ed-0cb6-4b70-a5c6-5aa3e8ab3ffb.csv","informacaoPlanejamento_0b7a2192-d106-47cc-8c1a-f51316a2893b.csv","empenhos_987e9fe6-e12d-4f75-91ad-c00e80317be1.csv"," ","Recursos não Vinculados de Impostos"
"PREFEITURA MUNICIPAL DE CRICIUMA",2026,"CRICIÚMA MAIS DEFENSORIA PÚBLICA","Manut. Fundo de Defesa dos Dir. Difusos-FMDD / Procon","Assegurar a adequada representação judicial e extrajudicial do Município, promovendo a legalidade e a segurança jurídica nos atos administrativos. Ampliar o acesso da população a instrumentos de defesa de direitos, especialmente nas relações de consumo, por meio do fortalecimento do PROCON Municipal. Qualificar a atuação da Procuradoria-Geral do Município, promovendo eficiência na análise jurídica, controle da judicialização e orientação técnica às secretarias e órgãos municipais.","PROCURADORIA GERAL DO MUNICIPIO - PGM","PROCON Municipal","Direitos da Cidadania","Direitos Individuais, Coletivos e Difusos",1018,"Manut. Fundo de Defesa dos Dir. Difusos-FMDD / Procon","APLICAÇÕES DIRETAS",67,33900000000000,"APLICAÇÕES DIRETAS","PREFEITURA MUNICIPAL DE CRICIUMA","DESPESAS CORRENTES",1200000,0,1200000,334277.6,297843.26,157025.13,157025.13,140818.13,144500.43,0,144500.43,153342.83,12524.7,27.86,27.86,13.09,13.09,12.04,830.45,"fontesRecursos_4ef95e33-9d34-4cf4-abab-9b79579f3b31.csv","informacaoPlanejamento_50548051-a1e8-46df-99c5-c65395497972.csv","empenhos_661c8eb5-5fdb-4dcd-ad2b-a5dddca0e02d.csv"," ","Outros Recursos não Vinculados"
"PREFEITURA MUNICIPAL DE CRICIUMA",2026,"CRICIÚMA MAIS SOLIDARIEDADE","Manut. do Fundo do Idoso - Proteção ao Idoso","Promover a proteção social, garantindo a atenção integral a indivíduos e famílias em situação de vulnerabilidade ou risco social, por meio de ações de assistência básica e especial. Fortalecer os serviços, programas, projetos e benefícios socioassistenciais no âmbito do SUAS (Sistema Único de Assistência Social). Desenvolver políticas públicas de habitação social, viabilizando moradia digna à população de baixa renda, por meio da gestão do Fundo Municipal de Habitação e Interesse Social.","GABINETE DO PREFEITO","Proteção ao Idoso / Fundo do Idoso","Assistência Social","Assistência ao Idoso",1014,"Manut. do Fundo do Idoso - Proteção ao Idoso","TRANSFERÊNCIAS A INSTITUIÇÕES PRIVADAS SEM FINS LUCRATIVOS",49,33500000000000,"TRANSFERÊNCIAS A INSTITUIÇÕES PRIVADAS SEM FINS LUCRATIVOS","PREFEITURA MUNICIPAL DE CRICIUMA","DESPESAS CORRENTES",9000000,0,9000000,2422588.7,2422588.7,592588.7,592588.7,1830000.0,302588.7,0,302588.7,2120000.0,290000.0,26.92,26.92,6.58,6.58,3.36,2974.33,"fontesRecursos_35576844-eced-435f-95ac-38930f67b39f.csv","informacaoPlanejamento_d8781865-02cf-4886-87c5-effb2bec9794.csv","empenhos_ba66007f-4fe3-4bed-824d-f5f4dc9a1fb6.csv"," ","Recursos Vinculados a Fundos"
"PREFEITURA MUNICIPAL DE CRICIUMA",2026,"OPERAÇÕES ESPECIAIS","Amortização/juros/Setenças/Ações Judiciais/Aposentados e Pensionistas","Gerir obrigações financeiras, amortizações e folha de pensionistas evitando contratações precipitadas e financiamentos incompatíveis com a capacidade de pagamento do Município, por meio da análise criteriosa da viabilidade financeira de novas obrigações. Acompanhar de forma contínua e sistemática a evolução das dívidas em execução e monitorar, sob a ótica estatística e financeira, a folha de pagamento dos aposentados e pensionistas.","SEC. MUN. DA FAZENDA","Administração Fazendária",Administração,"Administração Geral",1001,"Amortização/juros/Setenças/Ações Judiciais/Aposentados e Pensionistas","APLICAÇÕES DIRETAS",72,31900000000000,"APLICAÇÕES DIRETAS","PREFEITURA MUNICIPAL DE CRICIUMA","DESPESAS CORRENTES",22000000,0,22000000,1.167350059E7,1.157841908E7,1.147550421E7,1.13804227E7,197996.38,1.135112468E7,0,1.135112468E7,227294.4,29298.02,53.06,53.06,52.16,52.16,51.6,193.81,"fontesRecursos_8be25d82-d5d8-4fec-8d8c-68eb4bc06073.csv","informacaoPlanejamento_e17913fa-4e4d-45c1-ad2c-53ff273cc157.csv","empenhos_d37f4474-d345-4d04-8a30-7f24647c795f.csv"," ","Outros Recursos não Vinculados"
"PREFEITURA MUNICIPAL DE CRICIUMA",2026,"MAIS GESTÃO CRICIÚMA","Manut. da Diretoria de Transito e Transporte","Planejar e modernizar a administração municipal com dados gerenciais, reduzindo custos.","GABINETE DO PREFEITO","Diretoria de Transito e Transporte",Transporte,"Transporte Rodoviário",1013,"Manut. da Diretoria de Transito e Transporte","APLICAÇÕES DIRETAS",32,44900000000000,"APLICAÇÕES DIRETAS","PREFEITURA MUNICIPAL DE CRICIUMA","DESPESAS DE CAPITAL",3000000,-710242.6,2289757.4,1245106.43,1201069.05,166594.05,166594.05,1034475.0,166594.05,0,166594.05,1034475.0,0.0,41.5,54.38,5.55,7.28,5.55,1374.45,"fontesRecursos_7a6f9d27-2be8-4a21-8d23-735c59a336ce.csv","informacaoPlanejamento_7eb06c80-8da3-4d54-8f35-5c7974f35887.csv","empenhos_85749912-ab1b-40b6-a855-7937658dff2d.csv","suplementacoes_514c57c2-78ca-4f38-96ba-bc16109f2981.csv","Recursos não Vinculados de Impostos"
"PREFEITURA MUNICIPAL DE CRICIUMA",2026,"PROTEÇÃO INTEGRADA","Manut. do Convênio Trânsito Policia Civil","Integrar a atuação municipal às forças estaduais de segurança - Polícia Militar, Polícia Civil e Corpo de Bombeiros - por meio da manutenção e ampliação de convênios, intensificando o policiamento ostensivo, mantendo a segurança, qualificando a investigação, reduzindo índices de criminalidade e o tempo médio de resposta a incêndios e outras emergências. Em paralelo, coordenar em com a União os serviços relacionados ao alistamento militar obrigatório; universalizando o  alistamento, sanando pendências, modernizando processos e difundindo o civismo entre a juventude.","SEC. MUN. DA FAZENDA","Convênio Trânsito - Polícia Civil","Segurança Pública",Policiamento,1028,"Manut. do Convênio Trânsito Policia Civil","APLICAÇÕES DIRETAS",95,33900000000000,"APLICAÇÕES DIRETAS","PREFEITURA MUNICIPAL DE CRICIUMA","DESPESAS CORRENTES",2300000,500000,2800000,1880617.58,1762492.54,983048.15,983048.15,779444.39,954872.47,0,954872.47,807620.07,28175.68,81.77,67.16,42.74,35.11,41.52,293.23,"fontesRecursos_a481af2b-c482-42c1-9718-1b9ad65e8c8b.csv","informacaoPlanejamento_6ffe00e6-2540-454d-93c3-99d7d1663107.csv","empenhos_d0164a3a-b3f9-40ab-977a-2fef75787f66.csv","suplementacoes_1c03944c-e02c-4308-8853-9baa108b6f8d.csv","Recursos não Vinculados de Impostos"
"PREFEITURA MUNICIPAL DE CRICIUMA",2026,"GESTÃO DA QUALIDADE NA EDUCAÇÃO INFANTIL","Creches e Pré-Escolares - Educação Infantil","Assegurar o desenvolvimento integral das crianças na Educação Infantil, por meio da qualificação pedagógica, da ampliação da infraestrutura e da gestão equitativa da oferta de vagas, garantindo acesso, qualidade e equidade no atendimento.","SEC. MUN. DE EDUCAÇÃO","Creches e Pré-Escolares",Educação,"Educação Infantil",1031,"Creches e Pré-Escolares - Educação Infantil","APLICAÇÕES DIRETAS",108,33900000000000,"APLICAÇÕES DIRETAS","PREFEITURA MUNICIPAL DE CRICIUMA","DESPESAS CORRENTES",15081700,300793.88,1.538249388E7,8368775.68,8258964.28,3499921.53,3499921.53,4759042.75,3141431.93,0,3141431.93,5117532.35,358489.6,55.49,54.4,23.21,22.75,20.83,489.67,"fontesRecursos_6649b883-0773-46e6-bb7f-b5da288b633a.csv","informacaoPlanejamento_4d5bb62f-2d26-43f8-83da-d15b8a87fc99.csv","empenhos_ba21fbdd-23da-448f-9de7-cff4fda09966.csv","suplementacoes_77c975ec-b161-45fd-a62f-e21b1a6a1eda.csv","Transferência do Salário-Educação"
"PREFEITURA MUNICIPAL DE CRICIUMA",2026,"ALIMENTAÇÃO ESCOLAR E LOGÍSTICA DE MATERIAIS","Alimentação Escolar","Assegurar uma alimentação escolar de qualidade, por meio de práticas nutricionais adequadas, gestão logística eficiente e monitoramento contínuo, promovendo o desenvolvimento integral dos estudantes e sua permanência na escola.","SEC. MUN. DE EDUCAÇÃO","Alimentação a Educação Básica",Educação,"Alimentação e Nutrição",1037,"Alimentação Escolar","APLICAÇÕES DIRETAS",129,33900000000000,"APLICAÇÕES DIRETAS","PREFEITURA MUNICIPAL DE CRICIUMA","DESPESAS CORRENTES",30000000,0,30000000,2.118077199E7,1.796125751E7,1.042067563E7,1.042067563E7,7540581.88,9483695.32,0,9483695.32,8477562.19,936980.31,70.6,70.6,34.74,34.74,31.61,316.33,"fontesRecursos_7cd639c3-f500-4da3-9ef4-e10fdeef28b3.csv","informacaoPlanejamento_59e7e824-e1c0-49bc-98a0-123725089ff8.csv","empenhos_e844342d-0d4e-4455-9079-fbce80c10b4d.csv","suplementacoes_048ba503-78c0-4cc4-9371-264a3f464208.csv","Transferência do Salário-Educação"
"PREFEITURA MUNICIPAL DE CRICIUMA",2026,"CRICIÚMA MAIS DESENVOLVIMENTO","Pavimentação/Recup/Revitalização/Mobilidade Urbana/Emprestimo FONPLATA, BNDES/BRDE","Elaborar projetos arquitetônicos, urbanísticos e geométricos (rodoviários) de espaços públicos; Revisar e regulamentar constantemente a legislação urbanística do Plano Diretor; Executar obras de edificações e espaços públicos de interesse da coletividade. Garantir o desenvolvimento econômico do município por meio de execução de obras significativas ao crescimento urbano.Tornar à cidade mais humanizada, bonita e agradável de se viver, sempre em conformidade com o Plano Diretor do Município.","SECRETARIA DE INFRAESTRUTURA E OBRAS","Abertura/Pavimentação/Manut. de Vias Públicas",Urbanismo,"Infra-Estrutura Urbana",1079,"Pavimentação/Recup/Revitalização/Mobilidade Urbana/Emprestimo FONPLATA, BNDES/BRDE","APLICAÇÕES DIRETAS",171,33900000000000,"APLICAÇÕES DIRETAS","PREFEITURA MUNICIPAL DE CRICIUMA","DESPESAS CORRENTES",20000000,3.12836199E7,5.12836199E7,4.322206262E7,3.99493019E7,2.931889922E7,2.782146368E7,1.212783822E7,2.66046545E7,3584.26,2.660107024E7,1.334823166E7,1220393.44,216.11,84.28,146.59,57.17,133.02,192.76,"fontesRecursos_a4be26e4-08cb-4902-8f19-2e8ae96ff40f.csv","informacaoPlanejamento_372f31dd-4de5-447b-9d98-2e00c1980579.csv","empenhos_8eeb5c40-c049-400a-8fc1-0d972f482892.csv","suplementacoes_4ddb1537-95a1-4f54-8cd8-bec535b55e01.csv","Recursos de Operações de Crédito Externa"
"PREFEITURA MUNICIPAL DE CRICIUMA",2026,"MAIS GESTÃO CRICIÚMA","Manutenção da Diretoria de Atos Oficiais e Gestão de Pessoas","Planejar e modernizar a administração municipal com dados gerenciais, reduzindo custos.","GABINETE DO PREFEITO","Diretoria de Atos de Oficiais e Gestão de Pessoas",Administração,"Administração Geral",1246,"Manutenção da Diretoria de Atos Oficiais e Gestão de Pessoas","APLICAÇÕES DIRETAS",20,33900000000000,"APLICAÇÕES DIRETAS","PREFEITURA MUNICIPAL DE CRICIUMA","DESPESAS CORRENTES",12800000,936000,13736000,1.439631248E7,1.353174534E7,7875052.66,7875052.66,5656692.68,7044004.54,0,7044004.54,6487740.8,831048.12,112.47,104.81,61.52,57.33,55.03,195.0,"fontesRecursos_15650211-0698-45d0-9b5c-8c9e30ac5702.csv","informacaoPlanejamento_ea99e0a2-5535-4f11-947c-b38191faa683.csv","empenhos_ca96afa7-97a1-4821-a2ea-e79f0d1fc7f1.csv","suplementacoes_87493e77-6e40-4521-a7bf-9ffd51d3b006.csv","Outros Recursos não Vinculados"
"PREFEITURA MUNICIPAL DE CRICIUMA",2026,"CRICIÚMA MAIS DESENVOLVIMENTO","Manut. do Gabinete Secretaria de Infraestrutura e Obras","Elaborar projetos arquitetônicos, urbanísticos e geométricos (rodoviários) de espaços públicos; Revisar e regulamentar constantemente a legislação urbanística do Plano Diretor; Executar obras de edificações e espaços públicos de interesse da coletividade. Garantir o desenvolvimento econômico do município por meio de execução de obras significativas ao crescimento urbano.Tornar à cidade mais humanizada, bonita e agradável de se viver, sempre em conformidade com o Plano Diretor do Município.","SECRETARIA DE INFRAESTRUTURA E OBRAS","Gab. Secretaria de Infraestrutura e Obras",Administração,"Administração Geral",1072,"Manut. do Gabinete Secretaria de Infraestrutura e Obras","APLICAÇÕES DIRETAS",157,44900000000000,"APLICAÇÕES DIRETAS","PREFEITURA MUNICIPAL DE CRICIUMA","DESPESAS DE CAPITAL",50000,0,50000,11852.83,11852.83,11852.83,11852.83,0.0,5187.8,0,5187.8,6665.03,6665.03,23.71,23.71,23.71,23.71,10.38,963.8,"fontesRecursos_9d01b86f-36a8-44b0-9a11-13087a624392.csv","informacaoPlanejamento_5dc353fa-c29f-4a05-8681-1da57ce56269.csv","empenhos_a71f6d06-d3b4-4911-8908-d1052fd32a6b.csv"," ","Recursos não Vinculados de Impostos"
"PREFEITURA MUNICIPAL DE CRICIUMA",2026,"GESTÃO E EQUILÍBRIO FISCAL","Manut. do Controle Interno","Garantir a estabilidade macroeconômica e o equilíbrio fiscal do município, buscando uma gestão financeira sustentável, por meio do controle da aplicação dos recursos públicos e acompanhamento da execução financeira.","CONTROLADORIA-GERAL DO MUNICÍPIO - CGM","Controladoria-Geral do Município CGM",Administração,"Controle Interno",1021,"Manut. do Controle Interno","APLICAÇÕES DIRETAS",205,44900000000000,"APLICAÇÕES DIRETAS","PREFEITURA MUNICIPAL DE CRICIUMA","DESPESAS DE CAPITAL",20000,0,20000,22240.93,13673.89,13673.89,13673.89,0.0,13673.89,0,13673.89,0.0,0.0,111.2,111.2,68.37,68.37,68.37,146.26,"fontesRecursos_8020c08a-0078-45e0-84c1-65871ddd4df2.csv","informacaoPlanejamento_61918215-46f4-46af-b60c-f5bc54339787.csv","empenhos_96505617-7cd4-494f-809e-37b6278496d6.csv"," ","Recursos não Vinculados de Impostos"
"PREFEITURA MUNICIPAL DE CRICIUMA",2026,"MAIS GESTÃO CRICIÚMA","Manut. Fdo. Gerência de Agricultura e Agronegócio / Diretoria de Agricultura","Planejar e modernizar a administração municipal com dados gerenciais, reduzindo custos.","SEC. DES. ECONÔMICO, INDÚSTRIA, COMÉRCIO E SERVIÇO","Diretoria de Agricultura",Agricultura,"Extensão Rural",1026,"Manut. Fdo. Gerência de Agricultura e Agronegócio / Diretoria de Agricultura","APLICAÇÕES DIRETAS",238,33900000000000,"APLICAÇÕES DIRETAS","PREFEITURA MUNICIPAL DE CRICIUMA","DESPESAS CORRENTES",1350000,0,1350000,767887.78,762012.78,152092.61,152092.61,609920.17,146675.86,0,146675.86,615336.92,5416.75,56.88,56.88,11.27,11.27,10.86,920.4,"fontesRecursos_854c0dfb-d750-4391-a0c8-de221eead9f6.csv","informacaoPlanejamento_32c14c0c-bfff-4d0b-a17b-85a67ff470de.csv","empenhos_9e90d4e5-22cb-4e4c-a647-266e60491fe9.csv"," ","Outras Transferências de Convênios ou Instrumentos Congêneres da União"
"PREFEITURA MUNICIPAL DE CRICIUMA",2026,"GESTÃO E EQUILÍBRIO FISCAL","Manut. da Diretoria da Receita","Garantir a estabilidade macroeconômica e o equilíbrio fiscal do município, buscando uma gestão financeira sustentável, por meio do controle da aplicação dos recursos públicos e acompanhamento da execução financeira.","SEC. MUN. DA FAZENDA","Diretoria da Receita",Administração,"Administração Financeira",1262,"Manut. da Diretoria da Receita","APLICAÇÕES DIRETAS",86,33900000000000,"APLICAÇÕES DIRETAS","PREFEITURA MUNICIPAL DE CRICIUMA","DESPESAS CORRENTES",5050000,1945000,6995000,7476575.98,6881171.71,4591308.44,4587904.17,2293267.54,4335709.65,42.29,4335667.36,2545504.35,252236.81,148.05,106.88,90.92,65.64,85.86,161.33,"fontesRecursos_66e0d290-b52e-447e-9cff-04794f767cbc.csv","informacaoPlanejamento_6c2be8f9-b942-48ac-889b-3c35b532ddf1.csv","empenhos_74178c86-3b8c-4326-8e02-23283dcc4ddc.csv","suplementacoes_3fe9a11b-7c50-4e69-96a1-6754cce28ea3.csv","Outros Recursos não Vinculados"
"PREFEITURA MUNICIPAL DE CRICIUMA",2026,"GESTÃO EFICIENTE COM FOCO NA APRENDIZAGEM","Unidades Escolares - Ensino Fundamental","Garantir o acesso, a permanência e a aprendizagem de qualidade no Ensino Fundamental, com foco na alfabetização na idade certa, na recomposição das aprendizagens e na elevação dos indicadores de desempenho educacional do município.","SEC. MUN. DE EDUCAÇÃO","Unidades Escolares",Educação,"Ensino Fundamental",1032,"Unidades Escolares - Ensino Fundamental","APLICAÇÕES DIRETAS",118,44900000000000,"APLICAÇÕES DIRETAS","PREFEITURA MUNICIPAL DE CRICIUMA","DESPESAS DE CAPITAL",30312500,2263993.3,3.25764933E7,1666369.76,1666369.76,1104393.2,1104393.2,561976.56,1101465.19,0,1101465.19,564904.57,2928.01,5.5,5.12,3.64,3.39,3.63,2957.56,"fontesRecursos_dbe471c3-bb2e-4042-8926-5d4cb0d23eba.csv","informacaoPlanejamento_96d423af-973e-4257-9399-36965c124158.csv","empenhos_31bd2e89-a4cf-4f1f-9fd6-750b95f0da2b.csv","suplementacoes_7afce6a5-c724-4c8e-ab19-aae409d89264.csv","Transferências do FUNDEB - Impostos e Transferências de Impostos - 30%"
"PREFEITURA MUNICIPAL DE CRICIUMA",2026,"GESTÃO DA QUALIDADE NA EDUCAÇÃO INFANTIL","Creches e Pré-Escolares - Educação Infantil","Assegurar o desenvolvimento integral das crianças na Educação Infantil, por meio da qualificação pedagógica, da ampliação da infraestrutura e da gestão equitativa da oferta de vagas, garantindo acesso, qualidade e equidade no atendimento.","SEC. MUN. DE EDUCAÇÃO","Creches e Pré-Escolares",Educação,"Educação Infantil",1031,"Creches e Pré-Escolares - Educação Infantil","APLICAÇÕES DIRETAS",109,44900000000000,"APLICAÇÕES DIRETAS","PREFEITURA MUNICIPAL DE CRICIUMA","DESPESAS DE CAPITAL",14020000,419701.1,1.44397011E7,342909.32,342909.32,268720.94,268720.94,74188.38,268720.94,0,268720.94,74188.38,0.0,2.45,2.37,1.92,1.86,1.92,5373.49,"fontesRecursos_f16f5580-d9c9-4837-9c4a-78bf799f6092.csv","informacaoPlanejamento_ac0d5e97-d177-4e95-9bbc-86c254d6f103.csv","empenhos_1acbe2dd-c320-41d7-a685-1333ba9e38c0.csv","suplementacoes_4c242b35-e718-4235-83f7-a57d9304c4fb.csv","Recursos não Vinculados de Impostos - Educação"
"PREFEITURA MUNICIPAL DE CRICIUMA",2026,"MAIS GESTÃO CRICIÚMA","Manut. da Diretoria de Tecnologia e Inovação","Planejar e modernizar a administração municipal com dados gerenciais, reduzindo custos.","SECRETARIA DE GOVERNANÇA","Diretoria de Tecnologia e Inovação",Administração,"Tecnologia da Informatização",1010,"Manut. da Diretoria de Tecnologia e Inovação","APLICAÇÕES DIRETAS",208,44900000000000,"APLICAÇÕES DIRETAS","PREFEITURA MUNICIPAL DE CRICIUMA","DESPESAS DE CAPITAL",2000000,-300000,1700000,21340.89,12773.85,10993.85,10993.85,1780.0,10993.85,0,10993.85,1780.0,0.0,1.07,1.26,0.55,0.65,0.55,15463.19,"fontesRecursos_6de1dbf9-838b-457a-8395-457fd83319d2.csv","informacaoPlanejamento_8e444f2c-23ed-4241-a56f-44966f6cd177.csv","empenhos_fef9663c-6a0d-4384-9eb9-d555dfd66784.csv","suplementacoes_d39f5a70-027d-4530-89d3-1cb713b2593b.csv","Recursos não Vinculados de Impostos"
"PREFEITURA MUNICIPAL DE CRICIUMA",2026,"GESTÃO E EQUILÍBRIO FISCAL","Manut. da Tesouraria e Contabilidade - Financeiro","Garantir a estabilidade macroeconômica e o equilíbrio fiscal do município, buscando uma gestão financeira sustentável, por meio do controle da aplicação dos recursos públicos e acompanhamento da execução financeira.","SEC. MUN. DA FAZENDA","Administração Fazendária",Administração,"Administração Financeira",1023,"Manut. da Tesouraria e Contabilidade - Financeiro","APLICAÇÕES DIRETAS",83,33900000000000,"APLICAÇÕES DIRETAS","PREFEITURA MUNICIPAL DE CRICIUMA","DESPESAS CORRENTES",14000000,37500,14037500,1.281329391E7,1.26635225E7,8318304.7,8318304.7,4345217.8,8264348.99,0,8264348.99,4399173.51,53955.71,91.52,91.28,59.42,59.26,59.03,169.86,"fontesRecursos_98f110fe-9333-47c4-aaa9-46bf5adaa180.csv","informacaoPlanejamento_222f4e7e-3764-468d-a5c3-51cb695c3917.csv","empenhos_b94fba22-50de-4e86-bfd0-237f914c9638.csv","suplementacoes_2bde3e33-3750-4f55-8ec6-2dc3c0768d81.csv","Recursos não Vinculados de Impostos"
"PREFEITURA MUNICIPAL DE CRICIUMA",2026,"GESTÃO E EQUILÍBRIO FISCAL","Manut. da Diretoria da Receita","Garantir a estabilidade macroeconômica e o equilíbrio fiscal do município, buscando uma gestão financeira sustentável, por meio do controle da aplicação dos recursos públicos e acompanhamento da execução financeira.","SEC. MUN. DA FAZENDA","Diretoria da Receita",Administração,"Administração Financeira",1262,"Manut. da Diretoria da Receita","APLICAÇÕES DIRETAS",87,44900000000000,"APLICAÇÕES DIRETAS","PREFEITURA MUNICIPAL DE CRICIUMA","DESPESAS DE CAPITAL",100000,-65000,35000,31314.1,31314.1,31314.1,31314.1,0.0,31314.1,0,31314.1,0.0,0.0,31.31,89.47,31.31,89.47,31.31,111.77,"fontesRecursos_d0a509ee-3e8d-4718-93d4-64d6a54d3c3c.csv","informacaoPlanejamento_f5f4cdb1-c5aa-456d-ba83-564a2f351239.csv","empenhos_ef4eb271-3e9f-4895-a273-a73b0a04eaaf.csv","suplementacoes_3dc4188b-57de-48a8-84d4-1c00dc62c891.csv","Recursos não Vinculados de Impostos"
"PREFEITURA MUNICIPAL DE CRICIUMA",2026,"MAIS GESTÃO CRICIÚMA","Manut. da Diretoria de Comunicação","Planejar e modernizar a administração municipal com dados gerenciais, reduzindo custos.","GABINETE DO PREFEITO","Diretoria de Comunicação",Administração,"Administração Geral",1011,"Manut. da Diretoria de Comunicação","APLICAÇÕES DIRETAS",15,33900000000000,"APLICAÇÕES DIRETAS","PREFEITURA MUNICIPAL DE CRICIUMA","DESPESAS CORRENTES",5000000,275500,5275500,5075346.32,5075346.32,1983330.3,1978187.7,3097158.62,1775999.23,218.04,1775781.19,3299565.13,202406.51,101.51,96.21,39.67,37.6,35.52,297.04,"fontesRecursos_6b99610d-6857-4296-9927-e2b92209c8c9.csv","informacaoPlanejamento_1483ba13-6443-4a9d-9b32-e0260c21edfc.csv","empenhos_0d18f551-22bc-48cf-96db-c89fbfba7a58.csv","suplementacoes_7e409675-d7fb-4065-8bcb-f48db01c9a79.csv","Recursos não Vinculados de Impostos"
"PREFEITURA MUNICIPAL DE CRICIUMA",2026,"MAIS GESTÃO CRICIÚMA","Manut. do Gabinete/Assessoria do Prefeito","Planejar e modernizar a administração municipal com dados gerenciais, reduzindo custos.","GABINETE DO PREFEITO","Gabinete do Prefeito / Assessoria de Gabinete",Administração,"Administração Geral",1002,"Manut. do Gabinete/Assessoria do Prefeito","APLICAÇÕES DIRETAS",3,44900000000000,"APLICAÇÕES DIRETAS","PREFEITURA MUNICIPAL DE CRICIUMA","DESPESAS DE CAPITAL",50000,606.85,50606.85,9230.35,9230.35,9230.35,9230.35,0.0,9230.35,0,9230.35,0.0,0.0,18.46,18.24,18.46,18.24,18.46,548.27,"fontesRecursos_10395878-ea27-418c-9a8c-bd616f06f345.csv","informacaoPlanejamento_49fa2c7b-cc20-46ec-8e0d-5d9c1d77bc5b.csv","empenhos_5156bac7-7bb2-4ae3-bb02-6e3acbd5c31a.csv","suplementacoes_9cac1ce8-3e21-40ed-a298-b7ccee4a2462.csv","Recursos não Vinculados de Impostos"
"PREFEITURA MUNICIPAL DE CRICIUMA",2026,"CRICIÚMA MAIS DESENVOLVIMENTO","Canalizações, Drenagens e manejo de Rios","Elaborar projetos arquitetônicos, urbanísticos e geométricos (rodoviários) de espaços públicos; Revisar e regulamentar constantemente a legislação urbanística do Plano Diretor; Executar obras de edificações e espaços públicos de interesse da coletividade. Garantir o desenvolvimento econômico do município por meio de execução de obras significativas ao crescimento urbano.Tornar à cidade mais humanizada, bonita e agradável de se viver, sempre em conformidade com o Plano Diretor do Município.","SECRETARIA DE INFRAESTRUTURA E OBRAS","Canalizações, Drenagens e manejo dos Rios",Saneamento,"Saneamento Básico Urbano",1076,"Canalizações, Drenagens e manejo de Rios","APLICAÇÕES DIRETAS",201,33900000000000,"APLICAÇÕES DIRETAS","PREFEITURA MUNICIPAL DE CRICIUMA","DESPESAS CORRENTES",5100000,6546000,11646000,6347668.73,6347668.73,2626661.1,2626661.1,3721007.63,2623070.1,0,2623070.1,3724598.63,3591.0,124.46,54.51,51.5,22.55,51.43,443.98,"fontesRecursos_bb5b9b1e-3097-4246-bac0-b066f687a1ca.csv","informacaoPlanejamento_c9c8f152-6670-4d75-bcdb-cb0949d5dfca.csv","empenhos_2153033f-56ef-44f2-a731-960e5aa38a03.csv","suplementacoes_d65012ee-d4a3-4fae-99cb-9ebc2175fce5.csv","Outras Transferências de Convênios ou Instrumentos Congêneres da União"
"PREFEITURA MUNICIPAL DE CRICIUMA",2026,"CRICIÚMA MAIS DESENVOLVIMENTO","Manut. de Diretoria de Operações de Obras","Elaborar projetos arquitetônicos, urbanísticos e geométricos (rodoviários) de espaços públicos; Revisar e regulamentar constantemente a legislação urbanística do Plano Diretor; Executar obras de edificações e espaços públicos de interesse da coletividade. Garantir o desenvolvimento econômico do município por meio de execução de obras significativas ao crescimento urbano.Tornar à cidade mais humanizada, bonita e agradável de se viver, sempre em conformidade com o Plano Diretor do Município.","SECRETARIA DE INFRAESTRUTURA E OBRAS","Diretoria de Operações de Obras",Urbanismo,"Serviços Urbanos",1073,"Manut. de Diretoria de Operações de Obras","APLICAÇÕES DIRETAS",167,44900000000000,"APLICAÇÕES DIRETAS","PREFEITURA MUNICIPAL DE CRICIUMA","DESPESAS DE CAPITAL",8510000,-5181707.03,3328292.97,250716.8,230952.72,101085.27,101085.27,129867.45,90613.09,0,90613.09,140339.63,10472.18,2.95,7.53,1.19,3.04,1.06,3673.08,"fontesRecursos_a97cc6dd-c9b0-4506-90bf-ba20c6992a7a.csv","informacaoPlanejamento_4e3d6ed8-0b92-4186-9cd5-1828d536f1fa.csv","empenhos_bdb1bdbb-89fd-47e9-b9e7-0219cc75719d.csv","suplementacoes_db94659b-611b-4f7f-8276-51418b199c17.csv","Outras Transferências de Convênios ou Instrumentos Congêneres dos Estados"
"PREFEITURA MUNICIPAL DE CRICIUMA",2026,"GESTÃO E EQUILÍBRIO FISCAL","Manut. do Controle Interno","Garantir a estabilidade macroeconômica e o equilíbrio fiscal do município, buscando uma gestão financeira sustentável, por meio do controle da aplicação dos recursos públicos e acompanhamento da execução financeira.","CONTROLADORIA-GERAL DO MUNICÍPIO - CGM","Controladoria-Geral do Município CGM",Administração,"Controle Interno",1021,"Manut. do Controle Interno","APLICAÇÕES DIRETAS",204,33900000000000,"APLICAÇÕES DIRETAS","PREFEITURA MUNICIPAL DE CRICIUMA","DESPESAS CORRENTES",50000,88000,138000,171825.8,136088.0,81550.0,81550.0,54538.0,70487.85,0,70487.85,65600.15,11062.15,343.65,124.51,163.1,59.09,140.98,195.78,"fontesRecursos_ef866d8d-33ae-43f8-9d99-1146b783c95d.csv","informacaoPlanejamento_5fb13a7e-30ef-4ffd-809b-4726bddba055.csv","empenhos_2b457e86-5843-459a-987a-4a43ebee8cd4.csv","suplementacoes_4b3aec02-eb27-4d79-9250-d64dbee218fc.csv","Recursos não Vinculados de Impostos"
"PREFEITURA MUNICIPAL DE CRICIUMA",2026,"CRICIÚMA MAIS DESENVOLVIMENTO","Manut. do Fdo de Desenvolvimento Municipal/FUNDEM","Elaborar projetos arquitetônicos, urbanísticos e geométricos (rodoviários) de espaços públicos; Revisar e regulamentar constantemente a legislação urbanística do Plano Diretor; Executar obras de edificações e espaços públicos de interesse da coletividade. Garantir o desenvolvimento econômico do município por meio de execução de obras significativas ao crescimento urbano.Tornar à cidade mais humanizada, bonita e agradável de se viver, sempre em conformidade com o Plano Diretor do Município.","SECRETARIA DE INFRAESTRUTURA E OBRAS","Manut. Fdo. de Desenvolvimento Municipal/FUNDEM",Administração,"Administração Geral",1220,"Manut. do Fdo de Desenvolvimento Municipal/FUNDEM","APLICAÇÕES DIRETAS",193,33900000000000,"APLICAÇÕES DIRETAS","PREFEITURA MUNICIPAL DE CRICIUMA","DESPESAS CORRENTES",1500000,0,1500000,1500000.0,1500000.0,1419000.0,1419000.0,81000.0,1419000.0,0,1419000.0,81000.0,0.0,100.0,100.0,94.6,94.6,94.6,105.71,"fontesRecursos_98defcd2-6a55-423d-9e6e-4ce172e7e915.csv","informacaoPlanejamento_f38f71b3-2b6f-4d53-952b-fdc7132f09c6.csv","empenhos_479e4545-1b98-45c0-9f59-54e36db007c0.csv"," ","Recursos não Vinculados de Impostos"
"PREFEITURA MUNICIPAL DE CRICIUMA",2026,"MAIS GESTÃO CRICIÚMA","Manut. do Gabinete/Assessoria do Prefeito","Planejar e modernizar a administração municipal com dados gerenciais, reduzindo custos.","GABINETE DO PREFEITO","Gabinete do Prefeito / Assessoria de Gabinete",Administração,"Administração Geral",1002,"Manut. do Gabinete/Assessoria do Prefeito","APLICAÇÕES DIRETAS",2,33900000000000,"APLICAÇÕES DIRETAS","PREFEITURA MUNICIPAL DE CRICIUMA","DESPESAS CORRENTES",100000,275709.54,375709.54,227790.83,227272.13,116924.74,116406.04,110866.09,95569.99,398.7,95171.29,132100.84,21234.75,227.79,60.63,116.92,31.12,95.57,393.13,"fontesRecursos_4a73a0d0-3dcc-402d-afca-b782702c86ef.csv","informacaoPlanejamento_787c9603-0447-4d3f-b5a4-4c2cfe55b3ec.csv","empenhos_79285cda-2e08-4f59-bc14-6f07ef9ac836.csv","suplementacoes_a46927c7-ae9b-496b-b984-965591b1edc1.csv","Assistência Financeira Transporte Coletivo  Art. 5, inciso IV - EC n 123/2022 / Superávit do exercício anterior"
"PREFEITURA MUNICIPAL DE CRICIUMA",2026,"CRICIÚMA MAIS DESENVOLVIMENTO","Manut. do Gabinete Secretaria de Infraestrutura e Obras","Elaborar projetos arquitetônicos, urbanísticos e geométricos (rodoviários) de espaços públicos; Revisar e regulamentar constantemente a legislação urbanística do Plano Diretor; Executar obras de edificações e espaços públicos de interesse da coletividade. Garantir o desenvolvimento econômico do município por meio de execução de obras significativas ao crescimento urbano.Tornar à cidade mais humanizada, bonita e agradável de se viver, sempre em conformidade com o Plano Diretor do Município.","SECRETARIA DE INFRAESTRUTURA E OBRAS","Gab. Secretaria de Infraestrutura e Obras",Administração,"Administração Geral",1072,"Manut. do Gabinete Secretaria de Infraestrutura e Obras","APLICAÇÕES DIRETAS",156,33900000000000,"APLICAÇÕES DIRETAS","PREFEITURA MUNICIPAL DE CRICIUMA","DESPESAS CORRENTES",100000,0,100000,89643.43,89643.43,89643.43,89643.43,0.0,89643.43,0,89643.43,0.0,0.0,89.64,89.64,89.64,89.64,89.64,111.55,"fontesRecursos_cbeaa8ee-d11c-42ef-b4c5-bf481905a327.csv","informacaoPlanejamento_3f3a3d51-26e7-4184-a13b-d68188bdaf48.csv","empenhos_de0e835d-2a14-4f84-81c9-30fe67b1d538.csv"," ","Recursos não Vinculados de Impostos"
"PREFEITURA MUNICIPAL DE CRICIUMA",2026,"INCENTIVO À CONTINUIDADE EDUCACIONAL E ACADÊMICA","Auxílio ao Ensino Superior","Possibilitar o acesso de estudantes da rede pública ao ensino superior por meio de bolsas de estudo, e fomentar a formação acadêmica continuada dos profissionais da educação com incentivos à realização de pós-graduação.","SEC. MUN. DE EDUCAÇÃO","Auxilio ao Ensino",Educação,"Ensino Superior",1036,"Auxílio ao Ensino Superior","APLICAÇÕES DIRETAS",134,33900000000000,"APLICAÇÕES DIRETAS","PREFEITURA MUNICIPAL DE CRICIUMA","DESPESAS CORRENTES",4000000,0,4000000,3784144.0,3784144.0,2546062.38,2546062.38,1238081.62,2530284.38,0,2530284.38,1253859.62,15778.0,94.6,94.6,63.65,63.65,63.26,158.08,"fontesRecursos_f50233b0-3679-4f43-a639-87b7959d8285.csv","informacaoPlanejamento_2d0a077e-7b63-432e-a829-0a99e86b9b5f.csv","empenhos_435fe6c4-d92e-4d7a-a6c0-34e8d184c9a9.csv"," ","Recursos não Vinculados de Impostos"
"PREFEITURA MUNICIPAL DE CRICIUMA",2026,"CRICIÚMA MAIS DESENVOLVIMENTO","Manut. Superintendências de Op. Rio Maina/Santa Luzia/Quarta Linha","Elaborar projetos arquitetônicos, urbanísticos e geométricos (rodoviários) de espaços públicos; Revisar e regulamentar constantemente a legislação urbanística do Plano Diretor; Executar obras de edificações e espaços públicos de interesse da coletividade. Garantir o desenvolvimento econômico do município por meio de execução de obras significativas ao crescimento urbano.Tornar à cidade mais humanizada, bonita e agradável de se viver, sempre em conformidade com o Plano Diretor do Município.","SECRETARIA DE INFRAESTRUTURA E OBRAS","Superint. de Op. Rio Maina/Sta Luzia/Quarta Linha",Urbanismo,"Serviços Urbanos",1086,"Manut. Superintendências de Op. Rio Maina/Santa Luzia/Quarta Linha","APLICAÇÕES DIRETAS",159,33900000000000,"APLICAÇÕES DIRETAS","PREFEITURA MUNICIPAL DE CRICIUMA","DESPESAS CORRENTES",500000,0,500000,165862.86,165836.83,73739.75,73713.72,92123.11,73739.75,26.03,73713.72,92123.11,0.0,33.17,33.17,14.75,14.75,14.75,678.06,"fontesRecursos_4e786ee3-7a4c-4400-b97f-23d88b354d65.csv","informacaoPlanejamento_c4a39c32-1739-4040-aa83-9a3b636748fa.csv","empenhos_b5b0301c-12aa-443b-ab4e-44f4d6f0c97c.csv"," ","Recursos não Vinculados de Impostos"
"PREFEITURA MUNICIPAL DE CRICIUMA",2026,"CRICIÚMA MAIS DESENVOLVIMENTO","Edificações Publicas","Elaborar projetos arquitetônicos, urbanísticos e geométricos (rodoviários) de espaços públicos; Revisar e regulamentar constantemente a legislação urbanística do Plano Diretor; Executar obras de edificações e espaços públicos de interesse da coletividade. Garantir o desenvolvimento econômico do município por meio de execução de obras significativas ao crescimento urbano.Tornar à cidade mais humanizada, bonita e agradável de se viver, sempre em conformidade com o Plano Diretor do Município.","SECRETARIA DE INFRAESTRUTURA E OBRAS","Edificações Públicas",Urbanismo,"Infra-Estrutura Urbana",1074,"Edificações Publicas","APLICAÇÕES DIRETAS",181,44900000000000,"APLICAÇÕES DIRETAS","PREFEITURA MUNICIPAL DE CRICIUMA","DESPESAS DE CAPITAL",22000000,6198402.92,2.819840292E7,1.537175897E7,2591153.98,1474670.79,1474670.79,1116483.19,1474670.79,0,1474670.79,1116483.19,0.0,69.87,54.51,6.7,5.23,6.7,1912.18,"fontesRecursos_ae05599e-4b6b-4374-8d83-33c71aa86e77.csv","informacaoPlanejamento_45c3947c-f1ae-4183-afbb-6fa40b09ccc4.csv","empenhos_3e89c5db-0ac0-482b-a822-63c09e12925e.csv","suplementacoes_b842434d-f402-4d16-bff7-7e5374581190.csv","Outras Transferências de Convênios ou Instrumentos Congêneres da União"
"PREFEITURA MUNICIPAL DE CRICIUMA",2026,"MAIS GESTÃO CRICIÚMA","Manutenção do Fundo Municipal de Inovação","Planejar e modernizar a administração municipal com dados gerenciais, reduzindo custos.","SEC. DES. ECONÔMICO, INDÚSTRIA, COMÉRCIO E SERVIÇO","Diretoria de Empreendedorismo","Ciência e Tecnologia","Difusão do Conhecimento Científico e Tecnológico",1208,"Manutenção do Fundo Municipal de Inovação","APLICAÇÕES DIRETAS",243,33900000000000,"APLICAÇÕES DIRETAS","PREFEITURA MUNICIPAL DE CRICIUMA","DESPESAS CORRENTES",100000,0,100000,52261.0,50485.91,52261.0,50485.91,0.0,48161.0,1775.09,46385.91,4100.0,4100.0,52.26,52.26,52.26,52.26,48.16,207.64,"fontesRecursos_8649c0f0-4665-47de-9dea-a98c6ad156e3.csv","informacaoPlanejamento_0e8728d5-eec9-4a76-af29-3c2ed8831033.csv","empenhos_1736e3f5-3576-468c-a117-094caf8f8d68.csv"," ","Recursos não Vinculados de Impostos"
"FUNDO MUN. SANEAMENTO BASICO DE CRICIUMA - FUNSAB",2026,"CRICIÚMA CIDADE MAIS LIMPA","Limpeza de vias e logradouro públicos","Garantir limpeza de vias e logradouros em toda a malha urbana.","FUNDO MUN. DE SANEAMENTO BASICO-FUNSAB","Limpeza Pública",Urbanismo,"Serviços Urbanos",1099,"Limpeza de vias e logradouro públicos","APLICAÇÕES DIRETAS",3,33900000000000,"APLICAÇÕES DIRETAS","FUNDO MUN. SANEAMENTO BASICO DE CRICIUMA - FUNSAB","DESPESAS CORRENTES",16000000,-1485000,14515000,1.197649E7,1.000399E7,9883990.0,9883990.0,120000.0,8878700.0,0,8878700.0,1125290.0,1005290.0,74.85,82.51,61.77,68.1,55.49,163.48,"fontesRecursos_7cd74015-8a23-482d-99ce-ec870ea6c925.csv","informacaoPlanejamento_953b4ab9-cd27-404c-a502-1e767976fae5.csv","empenhos_d4ccb4b2-48e4-41ab-b2a9-b73f508811d9.csv","suplementacoes_02d65a7c-999d-4c49-a181-f63f7fbf68da.csv","Outras Transferências de Convênios ou Instrumentos Congêneres de outras Entidades"
"FUNDO MUNICIPAL DE SAUDE DE CRICIUMA",2026,"CRICIÚMA MAIS AÇÕES DE VIGILÂNCIA EM SAÚDE","Vigilância Ambiental - CCZ","Controle e prevenção de doenças e agravos à saúde da população, ampliando a capacidade técnica da Vigilância em Saúde, assegurando a efetividade das ações de monitoramento.","FUNDO MUNICIPAL DE SAÚDE","Fundo Mun. de Saúde",Saúde,"Vigilância Epidemiológica",1207,"Vigilância Ambiental - CCZ","APLICAÇÕES DIRETAS",96,33900000000000,"APLICAÇÕES DIRETAS","FUNDO MUNICIPAL DE SAUDE DE CRICIUMA","DESPESAS CORRENTES",300000,125600,425600,370900.16,323499.17,137058.68,137058.68,186440.49,136653.03,0,136653.03,186846.14,405.65,123.63,87.15,45.69,32.2,45.55,311.45,"fontesRecursos_337cf2a8-5247-4705-8dda-d31d11be7029.csv","informacaoPlanejamento_e225adfa-cf40-4efd-858c-6c84271df9e1.csv","empenhos_88fe96c2-fcd6-4432-805f-efaef15684dd.csv","suplementacoes_0820a44a-96e6-4857-a662-5a6e2257db60.csv","Recursos não Vinculados de Impostos - Saúde"
"FUNDO MUNICIPAL DE SAUDE DE CRICIUMA",2026,"CRICIÚMA MAIS REDE DE URGÊNCIA E EMERGÊNCIA - RUE","Manut. do Serv. de Atend. de Urgência e Emergência - SAMU","Com intuito de atender rapidamente às demandas de saúde com riscos à vida da população, e Garantir a organização eficiente da Rede de Urgência e Emergência, com profissionais capacitados, equipamentos adequados e processos integrados.","FUNDO MUNICIPAL DE SAÚDE","Fundo Mun. de Saúde",Saúde,"Atenção Básica",1054,"Manut. do Serv. de Atend. de Urgência e Emergência - SAMU","APLICAÇÕES DIRETAS",78,33900000000000,"APLICAÇÕES DIRETAS","FUNDO MUNICIPAL DE SAUDE DE CRICIUMA","DESPESAS CORRENTES",250000,240009,490009,508147.49,381630.19,87281.71,87281.71,294348.48,81142.98,0,81142.98,300487.21,6138.73,203.26,103.7,34.91,17.81,32.46,603.88,"fontesRecursos_c1028c2a-b8ff-4e5a-9925-e33ff7c5fa7a.csv","informacaoPlanejamento_1f990091-4809-48df-b955-ca946a1a7ba5.csv","empenhos_7a394392-9416-4317-928d-72ab5f235f47.csv","suplementacoes_278ef22c-9ae3-4b0d-934b-e29c0fc9e0b4.csv","Transf. Fundo a Fundo de Recursos do SUS provenientes do Governo Estadual"
"FUNDO MUNICIPAL DE SAUDE DE CRICIUMA",2026,"CRICIÚMA MAIS SAÚDE BUCAL","Centros de Especialidades Odontológicas - CEO","Ampliar e qualificar o acesso à saúde bucal na rede de atenção à Saúde pública.","FUNDO MUNICIPAL DE SAÚDE","Fundo Mun. de Saúde",Saúde,"Atenção Básica",1056,"Centros de Especialidades Odontológicas - CEO","APLICAÇÕES DIRETAS",38,33900000000000,"APLICAÇÕES DIRETAS","FUNDO MUNICIPAL DE SAUDE DE CRICIUMA","DESPESAS CORRENTES",2000000,-290000,1710000,736916.15,586773.83,192677.93,192677.93,394095.9,191663.81,0,191663.81,395110.02,1014.12,36.85,43.09,9.63,11.27,9.58,892.19,"fontesRecursos_19d12343-af24-4ee2-833d-77b369100e28.csv","informacaoPlanejamento_20833e39-f098-43a0-82df-c4e6e77229ed.csv","empenhos_2d135066-985c-4805-b1ff-ed259450f7cb.csv","suplementacoes_230cae15-8d17-43f8-9edc-b17bc9daae12.csv","Recursos não Vinculados de Impostos - Saúde"
"FUNDO MUNICIPAL DE SAUDE DE CRICIUMA",2026,"CRICIÚMA MAIS REDE DE URGÊNCIA E EMERGÊNCIA - RUE","Unidades de Pronto Atendimento","Com intuito de atender rapidamente às demandas de saúde com riscos à vida da população, e Garantir a organização eficiente da Rede de Urgência e Emergência, com profissionais capacitados, equipamentos adequados e processos integrados.","FUNDO MUNICIPAL DE SAÚDE","Fundo Mun. de Saúde",Saúde,"Atenção Básica",1048,"Unidades de Pronto Atendimento","APLICAÇÕES DIRETAS",74,33900000000000,"APLICAÇÕES DIRETAS","FUNDO MUNICIPAL DE SAUDE DE CRICIUMA","DESPESAS CORRENTES",31500000,1363626.68,3.286362668E7,4.660454276E7,2.926453906E7,1.89702626E7,1.895839068E7,1.030614838E7,1.882919185E7,11871.92,1.881731993E7,1.044721913E7,141070.75,147.95,141.81,60.22,57.72,59.78,174.54,"fontesRecursos_78ef89f9-bf2b-4fbe-8ef1-cc15cf234a6d.csv","informacaoPlanejamento_61fbec12-72ce-4ffb-a65b-749aa265e9e0.csv","empenhos_8ea9ff0b-bb39-4f6f-bb3f-9acbfb0ac5e1.csv","suplementacoes_d19ad8e7-c82d-499e-b56b-5e6c923e0421.csv","Transf. Fundo a Fundo de Recursos do SUS provenientes do Governo Federal - Bloco de Manutenção das Ações e Serviços Públicos de Saúde"
"PREFEITURA MUNICIPAL DE CRICIUMA",2026,"MAIS GESTÃO CRICIÚMA","Manutenção da Diretoria de Patrimônio","Planejar e modernizar a administração municipal com dados gerenciais, reduzindo custos.","GABINETE DO PREFEITO","Diretoria de Patrimônio",Administração,"Administração Geral",1247,"Manutenção da Diretoria de Patrimônio","APLICAÇÕES DIRETAS",24,33900000000000,"APLICAÇÕES DIRETAS","PREFEITURA MUNICIPAL DE CRICIUMA","DESPESAS CORRENTES",600000,884600,1484600,1506879.22,1389053.74,852586.96,846083.93,542969.81,766299.67,0,766299.67,622754.07,79784.26,251.15,101.5,142.1,57.43,127.72,193.74,"fontesRecursos_316a7630-f0ab-4df9-991d-9190760ac4d0.csv","informacaoPlanejamento_bff27232-7408-4f2b-b989-486da105a258.csv","empenhos_8c430304-2f98-41a2-b6c6-2943cce6ddb4.csv","suplementacoes_ce1882b1-bad1-4d29-a9ad-c7d183d38d6a.csv","Recursos não Vinculados de Impostos"
"PREFEITURA MUNICIPAL DE CRICIUMA",2026,"MAIS GESTÃO CRICIÚMA","Manutenção da Coordenadoria-Geral de Gestão e Compliance","Planejar e modernizar a administração municipal com dados gerenciais, reduzindo custos.","COORDENADORIA-GERAL DE GESTÃO E COMPLIANCE","Coordenadoria-Geral de Gestão e Compliance",Administração,"Administração Geral",1256,"Manutenção da Coordenadoria-Geral de Gestão e Compliance","APLICAÇÕES DIRETAS",225,33900000000000,"APLICAÇÕES DIRETAS","PREFEITURA MUNICIPAL DE CRICIUMA","DESPESAS CORRENTES",100000,31100,131100,163767.51,129693.19,55413.27,55413.27,74279.92,55413.27,0,55413.27,74279.92,0.0,163.77,124.92,55.41,42.27,55.41,236.59,"fontesRecursos_e5cc0a80-e536-4d88-b472-32fc5301d738.csv","informacaoPlanejamento_27fe0d26-5552-4df9-b570-016f1cd2d3cb.csv","empenhos_4050660a-23f5-4b06-aa81-6d759847bf0d.csv","suplementacoes_f57fa226-01cc-4c1e-9f1f-f9b238b2239b.csv","Recursos não Vinculados de Impostos"
"PREFEITURA MUNICIPAL DE CRICIUMA",2026,"EDUCAÇÃO PARA A INCLUSÃO E DIVERSIDADE","Centro Educ.Especial.Multidisc.de Atendimento ao Autista","Garantir uma educação inclusiva e de qualidade para todos os estudantes com necessidades específicas, por meio da ampliação do suporte pedagógico, psicológico e terapêutico, da valorização de profissionais especializados e da estruturação de espaços e recursos acessíveis.","SEC. MUN. DE EDUCAÇÃO","Educação para a Inclusão",Educação,"Ensino Fundamental",1240,"Centro Educ.Especial.Multidisc.de Atendimento ao Autista","APLICAÇÕES DIRETAS",144,44900000000000,"APLICAÇÕES DIRETAS","PREFEITURA MUNICIPAL DE CRICIUMA","DESPESAS DE CAPITAL",30000000,0,30000000,1.84E7,1.84E7,0,0,1.84E7,0,0,0,1.84E7,0,61.33,61.33,0.0,0.0,0.0,0.0,"fontesRecursos_ccf22515-ee68-4e8e-bb20-009d083c21bc.csv","informacaoPlanejamento_69f4e654-5c43-44bb-850f-f222595b4037.csv","empenhos_ea62b255-d464-464b-8f5b-a8f0145d14af.csv"," ","Recursos não Vinculados de Impostos - Educação"
"PREFEITURA MUNICIPAL DE CRICIUMA",2026,"GESTÃO EFICIENTE COM FOCO NA APRENDIZAGEM","Unidades Escolares - Ensino Fundamental","Garantir o acesso, a permanência e a aprendizagem de qualidade no Ensino Fundamental, com foco na alfabetização na idade certa, na recomposição das aprendizagens e na elevação dos indicadores de desempenho educacional do município.","SEC. MUN. DE EDUCAÇÃO","Unidades Escolares",Educação,"Ensino Fundamental",1032,"Unidades Escolares - Ensino Fundamental","TRANSFERÊNCIAS A INSTITUIÇÕES PRIVADAS SEM FINS LUCRATIVOS",115,33500000000000,"TRANSFERÊNCIAS A INSTITUIÇÕES PRIVADAS SEM FINS LUCRATIVOS","PREFEITURA MUNICIPAL DE CRICIUMA","DESPESAS CORRENTES",3100000,7730000,10830000,1.210192393E7,9595061.77,6715565.13,6622305.41,2972756.36,5728708.19,93259.72,5635448.47,3959613.3,986856.94,390.38,111.74,216.63,62.01,184.8,189.05,"fontesRecursos_1b4d6989-5074-4617-a97b-1ba7eee610fd.csv","informacaoPlanejamento_d25f4007-9a93-4b68-b2e6-727caa010f6c.csv","empenhos_1eab8223-cb8a-41d8-9561-ce57cd9b55de.csv","suplementacoes_67b26fca-78e6-4796-a701-3b86d8453a46.csv","Transferências do FUNDEB - Impostos e Transferências de Impostos - 30%"
"FUNDO MUNICIPAL DE SAUDE DE CRICIUMA",2026,"CRICIÚMA MAIS SAÚDE","Manutenção do Fundo Municipal de Saúde","Garantir a implementação articulada e contínua das ações de promoção, prevenção e atenção curativa no âmbito do sistema municipal de saúde, com ênfase na Atenção Primária por meio da Estratégia Saúde da Família, e no fortalecimento da rede de saúde, assegurando a integralidade, qualidade e eficiência dos serviços para o atendimento integral da população.","FUNDO MUNICIPAL DE SAÚDE","Fundo Mun. de Saúde",Saúde,"Atenção Básica",1045,"Manutenção do Fundo Municipal de Saúde","TRANSFERÊNCIAS A INSTITUIÇÕES PRIVADAS SEM FINS LUCRATIVOS",4,33500000000000,"TRANSFERÊNCIAS A INSTITUIÇÕES PRIVADAS SEM FINS LUCRATIVOS","FUNDO MUNICIPAL DE SAUDE DE CRICIUMA","DESPESAS CORRENTES",2000000,2445000,4445000,3711444.64,3688619.09,2476011.26,2475265.71,1213353.38,2080726.79,745.55,2079981.24,1608637.85,395284.47,185.57,83.5,123.8,55.7,104.04,213.63,"fontesRecursos_aea6b7b8-245e-4fd8-b682-047929406529.csv","informacaoPlanejamento_72dd283e-3945-4dc3-8653-1a823577d59c.csv","empenhos_8218f6e6-d832-4e63-a564-b417cd8d299c.csv","suplementacoes_03649cf6-d789-4895-892f-6d97e95891f7.csv","Recursos não Vinculados de Impostos - Saúde"
"PREFEITURA MUNICIPAL DE CRICIUMA",2026,"MAIS GESTÃO CRICIÚMA","Manutenção da Diretoria de Patrimônio","Planejar e modernizar a administração municipal com dados gerenciais, reduzindo custos.","GABINETE DO PREFEITO","Diretoria de Patrimônio",Administração,"Administração Geral",1247,"Manutenção da Diretoria de Patrimônio","APLICAÇÕES DIRETAS",25,44900000000000,"APLICAÇÕES DIRETAS","PREFEITURA MUNICIPAL DE CRICIUMA","DESPESAS DE CAPITAL",200000,-193850,6150,11006.85,5900.0,0,0,5900.0,0,0,0,5900.0,0,5.5,178.97,0.0,0.0,0.0,0.0,"fontesRecursos_a24fb123-ca8f-4f81-bccd-8dcf9952fbfa.csv","informacaoPlanejamento_0f75745f-6332-4727-8852-3a1933e56d64.csv","empenhos_0007ea52-adc2-4c77-966f-078c08d86481.csv","suplementacoes_6fa39667-4209-45cd-8422-70d848b87cbb.csv","Recursos não Vinculados de Impostos"
"FUNDO MUNICIPAL DE SAUDE DE CRICIUMA",2026,"CRICIÚMA MAIS AÇÕES DE VIGILÂNCIA EM SAÚDE","Vigilância Epidemiologia","Controle e prevenção de doenças e agravos à saúde da população, ampliando a capacidade técnica da Vigilância em Saúde, assegurando a efetividade das ações de monitoramento.","FUNDO MUNICIPAL DE SAÚDE","Fundo Mun. de Saúde",Saúde,"Vigilância Epidemiológica",1052,"Vigilância Epidemiologia","APLICAÇÕES DIRETAS",87,33900000000000,"APLICAÇÕES DIRETAS","FUNDO MUNICIPAL DE SAUDE DE CRICIUMA","DESPESAS CORRENTES",720000,-175000,545000,428675.02,364021.62,77662.54,77662.54,286359.08,76547.4,0,76547.4,287474.22,1115.14,59.54,78.66,10.79,14.25,10.63,711.98,"fontesRecursos_598d7a66-05fa-4d76-bfc1-05ae306d111f.csv","informacaoPlanejamento_fd75db9c-9dad-4b4f-b2a1-8e395a0595b3.csv","empenhos_5eb89b3d-597d-483d-9e07-31c3e86c15c4.csv","suplementacoes_6c88fac2-eaba-436a-aec4-d71aecf25dda.csv","Transf. Fundo a Fundo de Recursos do SUS provenientes do Governo Federal - Bloco de Manutenção das Ações e Serviços Públicos de Saúde"
"FUNDO MUNICIPAL DE SAUDE DE CRICIUMA",2026,"CRICIÚMA MAIS SAÚDE","Manutenção da Central de Transporte / TFD","Garantir a implementação articulada e contínua das ações de promoção, prevenção e atenção curativa no âmbito do sistema municipal de saúde, com ênfase na Atenção Primária por meio da Estratégia Saúde da Família, e no fortalecimento da rede de saúde, assegurando a integralidade, qualidade e eficiência dos serviços para o atendimento integral da população.","FUNDO MUNICIPAL DE SAÚDE","Fundo Mun. de Saúde",Saúde,"Atenção Básica",1264,"Manutenção da Central de Transporte / TFD","APLICAÇÕES DIRETAS",22,33900000000000,"APLICAÇÕES DIRETAS","FUNDO MUNICIPAL DE SAUDE DE CRICIUMA","DESPESAS CORRENTES",3000000,0,3000000,644328.43,585176.1,306863.5,258723.44,326452.66,293542.85,48140.06,245402.79,339773.31,13320.65,21.48,21.48,10.23,10.23,9.78,1022.0,"fontesRecursos_519af455-6ae1-4b9d-bff1-800b186a9850.csv","informacaoPlanejamento_ae360dff-5a72-485c-8e18-e15c4711a49c.csv","empenhos_a8e3a978-a432-48df-86b7-648818780784.csv"," ","Recursos não Vinculados de Impostos - Saúde"
"FUNDO MUNICIPAL DE SAUDE DE CRICIUMA",2026,"CRICIÚMA MAIS SAÚDE MENTAL","Apoio à Políticas Psicossociais","Ampliar e qualificar os serviços de saúde mental na atenção básica e especializada, promovendo a reabilitação psicossocial e o cuidado comunitário, com ênfase na prevenção e no tratamento humanizado.","FUNDO MUNICIPAL DE SAÚDE","Fundo Mun. de Saúde",Saúde,"Atenção Básica",1061,"Apoio à Políticas Psicossociais","APLICAÇÃO DIRETA DECORRENTE DE OPERAÇÃO DE ÓRGÃOS, FUNDOS E ENTIDADES INTEGRANTES DOS ORÇAMENTOS FISCAL E DA SEGURIDADE SOCIAL COM CONSÓRCIO PÚBLICO D",57,33930000000000,"APLICAÇÃO DIRETA DECORRENTE DE OPERAÇÃO DE ÓRGÃOS, FUNDOS E ENTIDADES INTEGRANTES DOS ORÇAMENTOS FISCAL E DA SEGURIDADE SOCIAL COM CONSÓRCIO PÚBLICO D","FUNDO MUNICIPAL DE SAUDE DE CRICIUMA","DESPESAS CORRENTES",1500000,2361625.4,3861625.4,1840832.88,1840832.88,1181345.32,1181345.32,659487.56,1181345.32,0,1181345.32,659487.56,0.0,122.72,47.67,78.76,30.59,78.76,326.88,"fontesRecursos_71ed1e1c-e4ee-441a-8689-eb68e3728fb7.csv","informacaoPlanejamento_ace5648a-b0d3-4be7-93ea-64f640f5a1d8.csv","empenhos_6fb23002-75ee-4d44-9210-e8435475f6e8.csv","suplementacoes_2fee4bff-1e01-45a4-baff-8954a305d060.csv","Transf. Fundo a Fundo de Recursos do SUS provenientes do Governo Federal - Bloco de Manutenção das Ações e Serviços Públicos de Saúde"
"FUNDO MUNICIPAL DE SAUDE DE CRICIUMA",2026,"CRICIÚMA MAIS ATENDIMENTO ESPECIALIZADO","Atendimento Especializado em Saúde Pública Municipal","Ampliar a oferta e qualificação dos serviços especializados, melhorando o acesso e a integração com a atenção básica para assegurar a continuidade do cuidado à população.","FUNDO MUNICIPAL DE SAÚDE","Fundo Mun. de Saúde",Saúde,"Atenção Básica",1236,"Atendimento Especializado em Saúde Pública Municipal","APLICAÇÕES DIRETAS",66,33900000000000,"APLICAÇÕES DIRETAS","FUNDO MUNICIPAL DE SAUDE DE CRICIUMA","DESPESAS CORRENTES",1460800,6491078.65,7951878.65,9027566.72,5892122.74,1916237.82,1916237.82,3975884.92,1902189.59,0,1902189.59,3989933.15,14048.23,617.99,113.53,131.18,24.1,130.22,418.04,"fontesRecursos_574a25ca-9680-4841-8285-97a35931e0b9.csv","informacaoPlanejamento_cce1b032-76f1-4aa2-89b5-d5804f716b07.csv","empenhos_bbc9dbf2-9b7c-4db4-a6e5-938b3ad6ce0c.csv","suplementacoes_559b52e2-15c2-4bc2-b22e-9c90330e99c0.csv","Transf. Fundo a Fundo de Recursos do SUS provenientes do Governo Estadual"
"FUNDO MUNICIPAL DE SAUDE DE CRICIUMA",2026,"CRICIÚMA MAIS SAÚDE MENTAL","Apoio à Políticas Psicossociais","Ampliar e qualificar os serviços de saúde mental na atenção básica e especializada, promovendo a reabilitação psicossocial e o cuidado comunitário, com ênfase na prevenção e no tratamento humanizado.","FUNDO MUNICIPAL DE SAÚDE","Fundo Mun. de Saúde",Saúde,"Atenção Básica",1061,"Apoio à Políticas Psicossociais","APLICAÇÕES DIRETAS",56,33900000000000,"APLICAÇÕES DIRETAS","FUNDO MUNICIPAL DE SAUDE DE CRICIUMA","DESPESAS CORRENTES",4380000,2546897.63,6926897.63,3346124.61,3340622.95,1452730.51,1452153.66,1888469.29,1452188.98,576.85,1451612.13,1889010.82,541.53,76.4,48.31,33.17,20.97,33.15,477.0,"fontesRecursos_bff37c5a-1d03-4b08-89ef-960833010c10.csv","informacaoPlanejamento_0fbf618c-633e-4251-a7ff-8a14eb61819c.csv","empenhos_7c1dd125-c5f2-4a1d-8261-d2df1e9827bc.csv","suplementacoes_f2416b1a-f540-4eaf-beae-d303540e4c1b.csv","Recursos não Vinculados de Impostos - Saúde"
"FUNDO MUNICIPAL DE SAUDE DE CRICIUMA",2026,"CRICIÚMA MAIS SAÚDE MENTAL","Centros de Atenção Psicossocial - CAPS","Ampliar e qualificar os serviços de saúde mental na atenção básica e especializada, promovendo a reabilitação psicossocial e o cuidado comunitário, com ênfase na prevenção e no tratamento humanizado.","FUNDO MUNICIPAL DE SAÚDE","Fundo Mun. de Saúde",Saúde,"Atenção Básica",1055,"Centros de Atenção Psicossocial - CAPS","APLICAÇÕES DIRETAS",48,33900000000000,"APLICAÇÕES DIRETAS","FUNDO MUNICIPAL DE SAUDE DE CRICIUMA","DESPESAS CORRENTES",1388000,1617000,3005000,2843333.49,2698686.06,1514534.52,1514534.52,1184151.54,1294607.8,0,1294607.8,1404078.26,219926.72,204.85,94.62,109.12,50.4,93.27,232.12,"fontesRecursos_ab6db5c8-444a-4702-9f6c-97f67f7f0e3e.csv","informacaoPlanejamento_734ca52d-2289-40b5-acf7-0ecf14d0a19a.csv","empenhos_2c8dc97f-6f7a-4dcc-9350-e8fb76b55154.csv","suplementacoes_90c534aa-b3e5-4100-aeb8-9981d7ad552f.csv","Recursos não Vinculados de Impostos - Saúde"
"FUNDO MUNICIPAL DE SAUDE DE CRICIUMA",2026,"CRICIÚMA MAIS AÇÕES DE VIGILÂNCIA EM SAÚDE","Vigilância Sanitária","Controle e prevenção de doenças e agravos à saúde da população, ampliando a capacidade técnica da Vigilância em Saúde, assegurando a efetividade das ações de monitoramento.","FUNDO MUNICIPAL DE SAÚDE","Fundo Mun. de Saúde",Saúde,"Vigilância Sanitária",1049,"Vigilância Sanitária","APLICAÇÕES DIRETAS",83,33900000000000,"APLICAÇÕES DIRETAS","FUNDO MUNICIPAL DE SAUDE DE CRICIUMA","DESPESAS CORRENTES",250000,322600,572600,514271.58,458192.85,107476.28,107476.28,350716.57,107070.63,0,107070.63,351122.22,405.65,205.71,89.81,42.99,18.77,42.83,534.79,"fontesRecursos_35fb0e9d-e415-4726-a88e-c368a3f5ccf8.csv","informacaoPlanejamento_81115417-db15-468f-852f-d8f2eb286e69.csv","empenhos_2cc1ce71-b0d7-42b8-8b34-7bcea50457b6.csv","suplementacoes_1ef133db-07ee-4548-89a8-84b4b826a0a1.csv","Transf. Fundo a Fundo de Recursos do SUS provenientes do Governo Federal - Bloco de Manutenção das Ações e Serviços Públicos de Saúde"
"FUNDO MUNICIPAL DE SAUDE DE CRICIUMA",2026,"CRICIÚMA MAIS ATENÇÃO PRIMÁRIA EM SAÚDE - APS","Unidades básicas de saúde - UBS","Ampliar e qualificar o acesso da atenção primária em saúde aos usuários do sistema público de saúde.","FUNDO MUNICIPAL DE SAÚDE","Fundo Mun. de Saúde",Saúde,"Atenção Básica",1050,"Unidades básicas de saúde - UBS","APLICAÇÕES DIRETAS",27,33900000000000,"APLICAÇÕES DIRETAS","FUNDO MUNICIPAL DE SAUDE DE CRICIUMA","DESPESAS CORRENTES",88245000,-3.250620069E7,5.573879931E7,1.294532676E7,1.256175858E7,7336639.02,7335611.62,5226146.96,7187545.07,24.66,7187520.41,5374238.17,148091.21,14.67,23.22,8.31,13.16,8.14,775.49,"fontesRecursos_1ff6384d-dfdc-4b57-b943-2dc57ea5e6bb.csv","informacaoPlanejamento_b51cd136-b4c5-41a0-9f2b-1757466230f0.csv","empenhos_203e7c47-6f7f-4250-a8b5-634632414360.csv","suplementacoes_2eeaf4be-e421-4fdd-8b8d-48b4aee248c9.csv","Transf. do Governo Federal ref. a Convênios e Instrumentos Congêneres vinculados à Saúde"
"FUNDO MUNICIPAL DE SAUDE DE CRICIUMA",2026,"CRICIÚMA MAIS BEM ESTAR ANIMAL","Manutenção do Núcleo de Bem Estar Animal (NBEA)","Ampliar a capacidade operacional e técnica do núcleo, promovendo atendimento qualificado, programas de controle populacional e campanhas educativas que incentivem o respeito, adoção e cuidado com os animais.","FUNDO MUNICIPAL DE SAÚDE","Fundo Mun. de Saúde","Gestão Ambiental","Preservação e Conservação Ambiental",1223,"Manutenção do Núcleo de Bem Estar Animal (NBEA)","APLICAÇÕES DIRETAS",100,33900000000000,"APLICAÇÕES DIRETAS","FUNDO MUNICIPAL DE SAUDE DE CRICIUMA","DESPESAS CORRENTES",2125000,1491.64,2126491.64,924775.68,919864.56,481372.46,481372.46,438492.1,481362.31,0,481362.31,438502.25,10.15,43.52,43.49,22.65,22.64,22.65,441.77,"fontesRecursos_3ad13ea2-8985-4680-b6a4-087a4024e3c4.csv","informacaoPlanejamento_4771982f-7042-4b9a-9269-86575298ee23.csv","empenhos_1ce97ab9-d13c-4ad0-a296-8a2dbcccaa6a.csv","suplementacoes_11b42b9b-a994-4d73-a40e-ada86d2c9436.csv","Outros Recursos Vinculados"
"FUNDO MUNICIPAL DE SAUDE DE CRICIUMA",2026,"CRICIÚMA MAIS SAÚDE","Manutenção do Fundo Municipal de Saúde","Garantir a implementação articulada e contínua das ações de promoção, prevenção e atenção curativa no âmbito do sistema municipal de saúde, com ênfase na Atenção Primária por meio da Estratégia Saúde da Família, e no fortalecimento da rede de saúde, assegurando a integralidade, qualidade e eficiência dos serviços para o atendimento integral da população.","FUNDO MUNICIPAL DE SAÚDE","Fundo Mun. de Saúde",Saúde,"Atenção Básica",1045,"Manutenção do Fundo Municipal de Saúde","APLICAÇÕES DIRETAS",5,33900000000000,"APLICAÇÕES DIRETAS","FUNDO MUNICIPAL DE SAUDE DE CRICIUMA","DESPESAS CORRENTES",51000000,-1.637440145E7,3.462559855E7,2.126803625E7,1.593810989E7,1.124423869E7,1.123307805E7,4705031.84,1.108388824E7,11160.64,1.10727276E7,4865382.29,160350.45,41.7,61.42,22.05,32.47,21.73,312.4,"fontesRecursos_d040bbd8-5cc9-4910-8ace-e808f65ba89d.csv","informacaoPlanejamento_a5468ad2-9542-4f39-9c81-2edf4d2500a9.csv","empenhos_c4668174-c413-4e11-ab19-7121acd7f886.csv","suplementacoes_a7b922c5-9a6f-44e2-a371-13e72be29d89.csv","Transf. Fundo a Fundo de Recursos do SUS provenientes do Governo Federal - Bloco de Manutenção das Ações e Serviços Públicos de Saúde"
"FUNDO MUNICIPAL DE SAUDE DE CRICIUMA",2026,"CRICIÚMA MAIS SAÚDE MENTAL","Implantação do Centro de Ref. da Infância e Adolescência Protegida - CRIAP","Ampliar e qualificar os serviços de saúde mental na atenção básica e especializada, promovendo a reabilitação psicossocial e o cuidado comunitário, com ênfase na prevenção e no tratamento humanizado.","FUNDO MUNICIPAL DE SAÚDE","Fundo Mun. de Saúde",Saúde,"Atenção Básica",1058,"Implantação do Centro de Ref. da Infância e Adolescência Protegida - CRIAP","APLICAÇÕES DIRETAS",53,33900000000000,"APLICAÇÕES DIRETAS","FUNDO MUNICIPAL DE SAUDE DE CRICIUMA","DESPESAS CORRENTES",230000,0,230000,116559.87,111242.34,4304.11,4304.11,106938.23,4304.11,0,4304.11,106938.23,0.0,50.68,50.68,1.87,1.87,1.87,5343.73,"fontesRecursos_b1a09b47-1650-48a1-a92c-90d389e80302.csv","informacaoPlanejamento_2096c06a-8374-4855-81cd-d88fcaaaba3f.csv","empenhos_93773093-8d80-4cfe-a84b-2e5cc2bb9522.csv"," ","Recursos não Vinculados de Impostos - Saúde"
"PREFEITURA MUNICIPAL DE CRICIUMA",2026,"CRICIÚMA MAIS DESENVOLVIMENTO","Oficinas e Garagens","Elaborar projetos arquitetônicos, urbanísticos e geométricos (rodoviários) de espaços públicos; Revisar e regulamentar constantemente a legislação urbanística do Plano Diretor; Executar obras de edificações e espaços públicos de interesse da coletividade. Garantir o desenvolvimento econômico do município por meio de execução de obras significativas ao crescimento urbano.Tornar à cidade mais humanizada, bonita e agradável de se viver, sempre em conformidade com o Plano Diretor do Município.","SECRETARIA DE INFRAESTRUTURA E OBRAS","Oficinas e Garagens",Administração,"Administração Geral",1083,"Oficinas e Garagens","APLICAÇÕES DIRETAS",189,33900000000000,"APLICAÇÕES DIRETAS","PREFEITURA MUNICIPAL DE CRICIUMA","DESPESAS CORRENTES",500000,0,500000,279449.7,279449.7,203159.59,203159.59,76290.11,201609.69,0,201609.69,77840.01,1549.9,55.89,55.89,40.63,40.63,40.32,248.0,"fontesRecursos_82ef5332-2b8e-486b-8bb9-3a053f3e9c5e.csv","informacaoPlanejamento_1acc8271-f86b-4174-ab2d-145468da0750.csv","empenhos_a9c42c82-712b-42a2-8168-246119c7f955.csv"," ","Recursos não Vinculados de Impostos"
"PREFEITURA MUNICIPAL DE CRICIUMA",2026,"TRANSPORTE ESCOLAR SEGURO","Transporte Escolar","Assegurar transporte escolar seguro, gratuito e acessível para os estudantes da rede municipal de ensino, garantindo o direito à educação, a frequência regular às aulas e a participação em atividades pedagógicas externas.","SEC. MUN. DE EDUCAÇÃO","Transporte Escolar da Educação Básica",Educação,"Ensino Fundamental",1035,"Transporte Escolar","APLICAÇÕES DIRETAS",127,33900000000000,"APLICAÇÕES DIRETAS","PREFEITURA MUNICIPAL DE CRICIUMA","DESPESAS CORRENTES",12500000,400000,12900000,1.251206246E7,1.228891402E7,7429006.52,7429006.52,4859907.5,6808594.24,0,6808594.24,5480319.78,620412.28,100.1,96.99,59.43,57.59,54.47,189.47,"fontesRecursos_38a51f0e-0438-4a18-8157-c36450983ce4.csv","informacaoPlanejamento_a1dab41b-d2f4-4f1a-890f-44b23d84305d.csv","empenhos_f1986d53-d02f-490b-a197-ee48ed5264e2.csv","suplementacoes_f3297a24-1fe5-4483-943c-0d1b0d81bfd9.csv","Superávit do exercício anterior - Transf. do Estado ref. a Convênios e Instrumentos Congêneres vinculados à Educação"
"FUNDO MUNICIPAL DE SAUDE DE CRICIUMA",2026,"CRICIÚMA MAIS REDE DE URGÊNCIA E EMERGÊNCIA - RUE","Unidades de Pronto Atendimento","Com intuito de atender rapidamente às demandas de saúde com riscos à vida da população, e Garantir a organização eficiente da Rede de Urgência e Emergência, com profissionais capacitados, equipamentos adequados e processos integrados.","FUNDO MUNICIPAL DE SAÚDE","Fundo Mun. de Saúde",Saúde,"Atenção Básica",1048,"Unidades de Pronto Atendimento","TRANSFERÊNCIAS A INSTITUIÇÕES PRIVADAS SEM FINS LUCRATIVOS",73,33500000000000,"TRANSFERÊNCIAS A INSTITUIÇÕES PRIVADAS SEM FINS LUCRATIVOS","FUNDO MUNICIPAL DE SAUDE DE CRICIUMA","DESPESAS CORRENTES",3200000,3895348.66,7095348.66,6560846.59,6140652.31,4601316.8,4181122.52,1959529.79,4060499.63,420194.28,3640305.35,2500346.96,540817.17,205.03,92.47,143.79,64.85,126.89,174.74,"fontesRecursos_f6432ee1-6881-4624-916b-d176db3123fc.csv","informacaoPlanejamento_db43f1bb-28bc-4cb5-a812-f745388da508.csv","empenhos_3044263f-45e1-42ae-9072-95e914f3d8a0.csv","suplementacoes_ea81d04b-90ae-4912-a9dc-83b0df5aceb5.csv","Recursos não Vinculados de Impostos - Saúde"
"FUNDO M.DOS DIR.DA CRIANCA E DO ADOLESC.- CRICIUMA",2026,"CRICIÚMA MAIS INFÂNCIA E JUVENTUDE","Manut. do Fundo da Infancia - FIA, Doação do IR e Recursos Estaduais e Federais.","Garantir atendimento prioritário e contínuo às crianças e adolescentes em situação de vulnerabilidade, conforme previsto no Estatuto da Criança e do Adolescente (ECA), por meio da ampliação de programas socioassistenciais, socioeducativos e de convivência familiar. Fortalecer a articulação entre o município e os órgãos do Judiciário, Ministério Público, Defensoria Pública, Conselho Tutelar, e demais instâncias estaduais e federais, garantindo fluxos interinstitucionais eficazes de encaminhamento e acompanhamento.","FUNDO M. DOS DIR. DA CRIANÇA E DO ADOLESC-CRICIÚMA","Fdo. dos Dir. da Criança e do Adolescente","Assistência Social","Assistência à Criança e ao Adolescente",1069,"Manut. do Fundo da Infancia - FIA, Doação do IR e Recursos Estaduais e Federais.","TRANSFERÊNCIAS A INSTITUIÇÕES PRIVADAS SEM FINS LUCRATIVOS",1,33500000000000,"TRANSFERÊNCIAS A INSTITUIÇÕES PRIVADAS SEM FINS LUCRATIVOS","FUNDO M.DOS DIR.DA CRIANCA E DO ADOLESC.- CRICIUMA","DESPESAS CORRENTES",2700000,118000,2818000,1950683.45,1950683.45,1950683.45,1950683.45,0.0,1950683.45,0,1950683.45,0.0,0.0,72.25,69.22,72.25,69.22,72.25,144.46,"fontesRecursos_d7b9a0cc-2de1-4392-bf6d-32c593e2dfb3.csv","informacaoPlanejamento_46e2ae39-bc6c-490a-8449-365232fb787f.csv","empenhos_1f9bdc2a-6d89-4b40-8120-701fd110c81d.csv","suplementacoes_138a83c5-d7e3-490f-9480-fec50e1a5c21.csv","Recursos Vinculados a Fundos"
"FUNDO MUNICIPAL DE SAUDE DE CRICIUMA",2026,"CRICIÚMA MAIS ATENÇÃO PRIMÁRIA EM SAÚDE - APS","Unidades básicas de saúde - UBS","Ampliar e qualificar o acesso da atenção primária em saúde aos usuários do sistema público de saúde.","FUNDO MUNICIPAL DE SAÚDE","Fundo Mun. de Saúde",Saúde,"Atenção Básica",1050,"Unidades básicas de saúde - UBS","TRANSFERÊNCIAS A INSTITUIÇÕES PRIVADAS SEM FINS LUCRATIVOS",26,33500000000000,"TRANSFERÊNCIAS A INSTITUIÇÕES PRIVADAS SEM FINS LUCRATIVOS","FUNDO MUNICIPAL DE SAUDE DE CRICIUMA","DESPESAS CORRENTES",5400000,5200000,10600000,6337269.43,6093846.27,4721980.87,4478557.71,1615288.56,4183551.35,243423.16,3940128.19,2153718.08,538429.52,117.36,59.79,87.44,44.55,77.47,253.37,"fontesRecursos_870364b5-544e-4886-9f7d-f7474c43f298.csv","informacaoPlanejamento_a75998b6-4dc1-41bc-8724-94a1ed533ae4.csv","empenhos_cd6adbcb-fb8a-46cd-8891-41b6934ad338.csv","suplementacoes_74388dc4-4d55-49c5-9471-347906add1cd.csv","Recursos não Vinculados de Impostos - Saúde"
"PREFEITURA MUNICIPAL DE CRICIUMA",2026,"GESTÃO EFICIENTE COM FOCO NA APRENDIZAGEM","Unidades Escolares - Ensino Fundamental","Garantir o acesso, a permanência e a aprendizagem de qualidade no Ensino Fundamental, com foco na alfabetização na idade certa, na recomposição das aprendizagens e na elevação dos indicadores de desempenho educacional do município.","SEC. MUN. DE EDUCAÇÃO","Unidades Escolares",Educação,"Ensino Fundamental",1032,"Unidades Escolares - Ensino Fundamental","APLICAÇÕES DIRETAS",116,33900000000000,"APLICAÇÕES DIRETAS","PREFEITURA MUNICIPAL DE CRICIUMA","DESPESAS CORRENTES",88580000,-5827618.36,8.275238164E7,3.664484494E7,3.588994866E7,1.778184436E7,1.778184436E7,1.81081043E7,1.625483178E7,0,1.625483178E7,1.963511688E7,1527012.58,41.37,44.28,20.07,21.49,18.35,509.09,"fontesRecursos_a520d543-1ec2-4c3d-a522-5183921f02ec.csv","informacaoPlanejamento_599b3c79-89a9-4b8a-9770-159e6482125b.csv","empenhos_f1f47dc6-9f24-47b3-8a3f-9e0d6caf0f4f.csv","suplementacoes_011ba5a0-e6af-4f6c-8d9c-177a7f502cfe.csv","Transf. do Estado ref. a Convênios e Instrumentos Congêneres vinculados à Educação"
"PREFEITURA MUNICIPAL DE CRICIUMA",2026,"MAIS GESTÃO CRICIÚMA","Manut. da Diretoria de Transito e Transporte","Planejar e modernizar a administração municipal com dados gerenciais, reduzindo custos.","GABINETE DO PREFEITO","Diretoria de Transito e Transporte",Transporte,"Transporte Rodoviário",1013,"Manut. da Diretoria de Transito e Transporte","APLICAÇÕES DIRETAS",30,33900000000000,"APLICAÇÕES DIRETAS","PREFEITURA MUNICIPAL DE CRICIUMA","DESPESAS CORRENTES",16500000,25169000,41669000,2.954825446E7,2.867143111E7,2.117769403E7,2.102486528E7,7646565.83,2.044553099E7,0,2.044553099E7,8225900.12,579334.29,179.08,70.91,128.35,50.82,123.91,203.8,"fontesRecursos_e9f03ba9-67e4-4c63-a400-d57563e3f21b.csv","informacaoPlanejamento_ec832913-9ab6-4a04-b8eb-629a536bbccb.csv","empenhos_8689f0f8-5f36-45c4-8b1c-49855087942f.csv","suplementacoes_ed7e9d0f-2724-4b63-a374-b324ff70daf0.csv","Outros Recursos não Vinculados"
"FUNDO MUN. SANEAMENTO BASICO DE CRICIUMA - FUNSAB",2026,"CRICIÚMA MAIS SANEAMENTO - ÁGUA & ESGOTO","manut. do Sistema de Saneamento Básico - Contrato CASAN/FUNSAB","Criar as condições para que com o Contrato de Programa PMC/CASAN, possa o município ser parceiro na administração dos sistemas de distribuição de água e de coleta do esgoto sanitário e possa usar recursos desse Contrato para melhorar a drenagem urbana e para desassoriar rios da região.
Expandir rede de água, esgoto e drenagem urbana em parceria com CASAN.","FUNDO MUN. DE SANEAMENTO BASICO-FUNSAB","Convênios com o Estado",Saneamento,"Saneamento Básico Urbano",1097,"manut. do Sistema de Saneamento Básico - Contrato CASAN/FUNSAB","APLICAÇÕES DIRETAS",5,33900000000000,"APLICAÇÕES DIRETAS","FUNDO MUN. SANEAMENTO BASICO DE CRICIUMA - FUNSAB","DESPESAS CORRENTES",2000000,0,2000000,510462.86,488265.01,339013.76,339013.76,149251.25,223304.71,0,223304.71,264960.3,115709.05,25.52,25.52,16.95,16.95,11.17,895.64,"fontesRecursos_0e3ab1ac-32e5-40d5-8b77-96b080ba34a6.csv","informacaoPlanejamento_7a5b1ab9-22ff-4b38-894c-c94c6ae520d1.csv","empenhos_aa83e60b-9b18-4587-a5a9-aead39aded7a.csv"," ","Outras Transferências de Convênios ou Instrumentos Congêneres de outras Entidades"
"PREFEITURA MUNICIPAL DE CRICIUMA",2026,"OPERAÇÕES ESPECIAIS","Amortização/juros/Setenças/Ações Judiciais/Aposentados e Pensionistas","Gerir obrigações financeiras, amortizações e folha de pensionistas evitando contratações precipitadas e financiamentos incompatíveis com a capacidade de pagamento do Município, por meio da análise criteriosa da viabilidade financeira de novas obrigações. Acompanhar de forma contínua e sistemática a evolução das dívidas em execução e monitorar, sob a ótica estatística e financeira, a folha de pagamento dos aposentados e pensionistas.","SEC. MUN. DA FAZENDA","Administração Fazendária",Administração,"Administração Geral",1001,"Amortização/juros/Setenças/Ações Judiciais/Aposentados e Pensionistas","APLICAÇÕES DIRETAS",75,33900000000000,"APLICAÇÕES DIRETAS","PREFEITURA MUNICIPAL DE CRICIUMA","DESPESAS CORRENTES",42000000,-11263000,30737000,9249130.21,9246489.07,9217917.56,9215276.42,31212.65,9194588.14,0,9194588.14,51900.93,20688.28,22.02,30.09,21.95,29.99,21.89,334.29,"fontesRecursos_8a60066c-32b7-446d-93a5-549619d6d2fa.csv","informacaoPlanejamento_3243866f-a6d3-4c89-90fa-f34373a0ffbb.csv","empenhos_f4e7d69c-0baf-4d60-9397-78a700f807af.csv","suplementacoes_c161c2a9-fe22-4d27-a6a2-510f8a339076.csv","Outros Recursos não Vinculados"
"PREFEITURA MUNICIPAL DE CRICIUMA",2026,"GESTÃO DO SISTEMA DE ENSINO","Participação Social e Gestão Democrática","Garantir uma gestão educacional eficiente, transparente e orientada por resultados, com foco na equidade, no uso responsável dos recursos públicos e no fortalecimento do sistema municipal de ensino.","SEC. MUN. DE EDUCAÇÃO","Administrativo da Educação",Educação,"Ensino Fundamental",1034,"Participação Social e Gestão Democrática","APLICAÇÕES DIRETAS",147,33900000000000,"APLICAÇÕES DIRETAS","PREFEITURA MUNICIPAL DE CRICIUMA","DESPESAS CORRENTES",25000000,0,25000000,1.188996762E7,1.185012473E7,7938566.02,7927384.1,3922740.63,7864251.38,11181.92,7853069.46,3997055.27,74314.64,47.56,47.56,31.75,31.75,31.46,317.89,"fontesRecursos_1d70ff6b-b99d-4191-b223-136ad76a406f.csv","informacaoPlanejamento_7867c490-5607-4424-a95f-03d00f36c850.csv","empenhos_05ab6bcc-8a44-4e82-9bd9-011c83553508.csv"," ","Recursos não Vinculados de Impostos - Educação"
"PREFEITURA MUNICIPAL DE CRICIUMA",2026,"CRICIÚMA MAIS CONSCIÊNCIA AMBIENTAL","Manut. da Diretoria de Meio Ambiente","Promover educação ambiental e incentivar a conscientização ambiental. Também fortalecer a fiscalização municipal.","COMITÊ DE MEIO AMBIENTE E SANEAMENTO BÁSICO","Diretoria de Meio Ambiente","Gestão Ambiental","Administração Geral",1221,"Manut. da Diretoria de Meio Ambiente","APLICAÇÕES DIRETAS",257,33900000000000,"APLICAÇÕES DIRETAS","PREFEITURA MUNICIPAL DE CRICIUMA","DESPESAS CORRENTES",3600000,0,3600000,777999.58,759767.37,419618.0,411552.01,348215.36,415195.08,8065.99,407129.09,352638.28,4422.92,21.61,21.61,11.66,11.66,11.53,867.06,"fontesRecursos_b92abfca-18c4-4c62-9da2-0bc1516e643f.csv","informacaoPlanejamento_a27f10b7-1b98-48c1-a767-08fcf8e8e9a4.csv","empenhos_87beff5c-6120-437d-bd22-9df876a7bedb.csv"," ","Outras Transferências de Convênios ou Instrumentos Congêneres da União"
"FUNDO MUNICIPAL DE SAUDE DE CRICIUMA",2026,"CRICIÚMA MAIS SAÚDE","Manutenção do Fundo Municipal de Saúde","Garantir a implementação articulada e contínua das ações de promoção, prevenção e atenção curativa no âmbito do sistema municipal de saúde, com ênfase na Atenção Primária por meio da Estratégia Saúde da Família, e no fortalecimento da rede de saúde, assegurando a integralidade, qualidade e eficiência dos serviços para o atendimento integral da população.","FUNDO MUNICIPAL DE SAÚDE","Fundo Mun. de Saúde",Saúde,"Atenção Básica",1045,"Manutenção do Fundo Municipal de Saúde","APLICAÇÕES DIRETAS",1,31900000000000,"APLICAÇÕES DIRETAS","FUNDO MUNICIPAL DE SAUDE DE CRICIUMA","DESPESAS CORRENTES",27000000,-2612039.03,2.438796097E7,1.416652324E7,1.41593498E7,1.180793104E7,1.18007576E7,2358592.2,1.171204399E7,7173.44,1.170487055E7,2454479.25,95887.05,52.47,58.09,43.73,48.42,43.38,208.23,"fontesRecursos_7b688163-c575-42b1-ba80-d09667938d4e.csv","informacaoPlanejamento_13e36e08-b27f-4dc3-9123-025d27c2e55c.csv","empenhos_2c278b10-41a2-47c1-b593-1fb9a94992e5.csv","suplementacoes_933d5ba7-0fb2-400b-9704-905d1cf0c5a8.csv","EMENDAS DE BANCADA DE PARLAMENTARES"
"PREFEITURA MUNICIPAL DE CRICIUMA",2026,"FORMAÇÃO E VALORIZAÇÃO DOS PROFISSIONAIS DA EDUCAÇÃO","Profissionais da Educação Básica","Fortalecer a formação continuada e a valorização dos profissionais da educação, promovendo práticas pedagógicas inovadoras, inclusivas e alinhadas às diretrizes educacionais, com foco na melhoria da aprendizagem.","SEC. MUN. DE EDUCAÇÃO","Valorização da Educação Básica",Educação,"Ensino Fundamental",1033,"Profissionais da Educação Básica","APLICAÇÕES DIRETAS",124,31900000000000,"APLICAÇÕES DIRETAS","PREFEITURA MUNICIPAL DE CRICIUMA","DESPESAS CORRENTES",138250000,-115041.82,1.3813495818E8,9.701531436E7,9.700260657E7,9.213809825E7,9.212553112E7,4877075.45,9.213682859E7,12567.13,9.212426146E7,4878345.11,1269.66,70.17,70.23,66.65,66.7,66.65,149.92,"fontesRecursos_e30cf959-f95d-4a97-8995-07b1f0ddc81b.csv","informacaoPlanejamento_b8a6d0e1-1d5e-41f2-a4ef-581220440349.csv","empenhos_bdf03cd0-39b8-4c28-a7a1-61633ff392de.csv","suplementacoes_38d4c4dd-b29a-4f47-8761-c6069fd662f4.csv","Transferências do FUNDEB - Impostos e Transferências de Impostos - 30%"
"PREFEITURA MUNICIPAL DE CRICIUMA",2026,"CRICIÚMA MAIS DESENVOLVIMENTO","Manut. de Diretoria de Operações de Obras","Elaborar projetos arquitetônicos, urbanísticos e geométricos (rodoviários) de espaços públicos; Revisar e regulamentar constantemente a legislação urbanística do Plano Diretor; Executar obras de edificações e espaços públicos de interesse da coletividade. Garantir o desenvolvimento econômico do município por meio de execução de obras significativas ao crescimento urbano.Tornar à cidade mais humanizada, bonita e agradável de se viver, sempre em conformidade com o Plano Diretor do Município.","SECRETARIA DE INFRAESTRUTURA E OBRAS","Diretoria de Operações de Obras",Urbanismo,"Serviços Urbanos",1073,"Manut. de Diretoria de Operações de Obras","APLICAÇÕES DIRETAS",165,33900000000000,"APLICAÇÕES DIRETAS","PREFEITURA MUNICIPAL DE CRICIUMA","DESPESAS CORRENTES",16510000,7062917.74,2.357291774E7,2.047848729E7,1.990458016E7,1.18711264E7,1.18711264E7,8033453.76,1.021253566E7,0,1.021253566E7,9692044.5,1658590.74,124.04,86.87,71.9,50.36,61.86,230.82,"fontesRecursos_e09932c2-4561-4ae1-8c99-4483b1ddb4de.csv","informacaoPlanejamento_432002fc-c56b-443d-a398-05848f407a31.csv","empenhos_9a5c7db0-ed1c-4c68-b43d-b95100796efb.csv","suplementacoes_c1f87ce1-d954-4ad4-90a1-9df2caeeea95.csv","Transferência da União Referente à Compensação Financeira de Recursos Minerais"
"PREFEITURA MUNICIPAL DE CRICIUMA",2026,"MAIS GESTÃO CRICIÚMA","Manutenção da Diretoria de Atos Oficiais e Gestão de Pessoas","Planejar e modernizar a administração municipal com dados gerenciais, reduzindo custos.","GABINETE DO PREFEITO","Diretoria de Atos de Oficiais e Gestão de Pessoas",Administração,"Administração Geral",1246,"Manutenção da Diretoria de Atos Oficiais e Gestão de Pessoas","APLICAÇÕES DIRETAS",17,31900000000000,"APLICAÇÕES DIRETAS","PREFEITURA MUNICIPAL DE CRICIUMA","DESPESAS CORRENTES",10000000,1349000,11349000,1.133147449E7,1.132665411E7,7753838.77,7753838.77,3572815.34,7730821.05,0,7730821.05,3595833.06,23017.72,113.31,99.85,77.54,68.32,77.31,146.8,"fontesRecursos_068e987f-2151-4a24-83ca-e833c7a93988.csv","informacaoPlanejamento_3d7030cc-4756-4f58-8d5a-8fdd1f079cd7.csv","empenhos_3f4f19a5-a6ec-4291-b3aa-698c8a81197d.csv","suplementacoes_2173697b-b2ca-407a-a561-1e7f18d4f287.csv","Recursos não Vinculados de Impostos"
"PREFEITURA MUNICIPAL DE CRICIUMA",2026,"CRICIÚMA MAIS DESENVOLVIMENTO","Pavimentação/Recup/Revitalização/Mobilidade Urbana/Emprestimo FONPLATA, BNDES/BRDE","Elaborar projetos arquitetônicos, urbanísticos e geométricos (rodoviários) de espaços públicos; Revisar e regulamentar constantemente a legislação urbanística do Plano Diretor; Executar obras de edificações e espaços públicos de interesse da coletividade. Garantir o desenvolvimento econômico do município por meio de execução de obras significativas ao crescimento urbano.Tornar à cidade mais humanizada, bonita e agradável de se viver, sempre em conformidade com o Plano Diretor do Município.","SECRETARIA DE INFRAESTRUTURA E OBRAS","Abertura/Pavimentação/Manut. de Vias Públicas",Urbanismo,"Infra-Estrutura Urbana",1079,"Pavimentação/Recup/Revitalização/Mobilidade Urbana/Emprestimo FONPLATA, BNDES/BRDE","APLICAÇÕES DIRETAS",173,44900000000000,"APLICAÇÕES DIRETAS","PREFEITURA MUNICIPAL DE CRICIUMA","DESPESAS DE CAPITAL",87000000,1.056957215E7,9.756957215E7,1.0409972969E8,8.865309117E7,2.652770054E7,2.652770054E7,6.212539063E7,2.395684795E7,0,2.395684795E7,6.469624322E7,2570852.59,119.65,106.69,30.49,27.19,27.54,407.27,"fontesRecursos_ab67709a-3027-4633-9094-4b93932a1cd4.csv","informacaoPlanejamento_02582a2b-ce98-4fbb-8dd0-5d0272f490b3.csv","empenhos_b4c04d1d-97a7-47ce-9f1d-a0fe14de4b2c.csv","suplementacoes_14c12131-8ebc-4347-b78c-9a14e9cfc606.csv","Outras Transferências de Convênios ou Instrumentos Congêneres da União"
"FUNDO MUNICIPAL DE SAUDE DE CRICIUMA",2026,"CRICIÚMA MAIS ATENÇÃO PRIMÁRIA EM SAÚDE - APS","Unidades básicas de saúde - UBS","Ampliar e qualificar o acesso da atenção primária em saúde aos usuários do sistema público de saúde.","FUNDO MUNICIPAL DE SAÚDE","Fundo Mun. de Saúde",Saúde,"Atenção Básica",1050,"Unidades básicas de saúde - UBS","APLICAÇÕES DIRETAS",29,44900000000000,"APLICAÇÕES DIRETAS","FUNDO MUNICIPAL DE SAUDE DE CRICIUMA","DESPESAS DE CAPITAL",6855000,2.588130096E7,3.273630096E7,2.423599191E7,2.13483803E7,2109773.85,2109773.85,1.923860645E7,2037784.97,0,2037784.97,1.931059533E7,71988.88,353.55,74.03,30.78,6.44,29.73,1606.46,"fontesRecursos_94f94a37-df39-4714-8095-82b5b0ed3c8e.csv","informacaoPlanejamento_addd53e8-6083-4f46-acb3-458bbd2fb902.csv","empenhos_9e7ca517-4a8b-4678-9640-53a5a2564452.csv","suplementacoes_2874c07b-8074-4b08-896f-149af72b5786.csv","Transferência Especial dos Estados - Emendas Parlamentares Impositivas"
"PREFEITURA MUNICIPAL DE CRICIUMA",2026,"PROTEÇÃO INTEGRADA","Manut. do Convênio Policia Militar","Integrar a atuação municipal às forças estaduais de segurança - Polícia Militar, Polícia Civil e Corpo de Bombeiros - por meio da manutenção e ampliação de convênios, intensificando o policiamento ostensivo, mantendo a segurança, qualificando a investigação, reduzindo índices de criminalidade e o tempo médio de resposta a incêndios e outras emergências. Em paralelo, coordenar em com a União os serviços relacionados ao alistamento militar obrigatório; universalizando o  alistamento, sanando pendências, modernizando processos e difundindo o civismo entre a juventude.","SEC. MUN. DA FAZENDA","Convênio Polícia Militar","Segurança Pública",Policiamento,1027,"Manut. do Convênio Policia Militar","APLICAÇÕES DIRETAS",92,33900000000000,"APLICAÇÕES DIRETAS","PREFEITURA MUNICIPAL DE CRICIUMA","DESPESAS CORRENTES",3350000,304000,3654000,3141697.26,2848616.14,1521650.4,1521251.92,1327364.22,1419719.09,4.78,1419714.31,1428901.83,101537.61,93.78,85.98,45.42,41.64,42.38,257.37,"fontesRecursos_5a15ae0b-37b1-4e3b-8d65-b9b2308295ae.csv","informacaoPlanejamento_c663dc28-2d0b-4148-9ad1-432086a7889d.csv","empenhos_18dbc044-fe22-4f0d-b8ef-b78370ca4977.csv","suplementacoes_2a1f4f9e-6baa-4177-9b61-86f5b5ba09ab.csv","Recursos Vinculados ao Trânsito  Polícia Militar"
"PREFEITURA MUNICIPAL DE CRICIUMA",2026,"PROTEÇÃO INTEGRADA","Manut. do Convênio Corpo de Bombeiros","Integrar a atuação municipal às forças estaduais de segurança - Polícia Militar, Polícia Civil e Corpo de Bombeiros - por meio da manutenção e ampliação de convênios, intensificando o policiamento ostensivo, mantendo a segurança, qualificando a investigação, reduzindo índices de criminalidade e o tempo médio de resposta a incêndios e outras emergências. Em paralelo, coordenar em com a União os serviços relacionados ao alistamento militar obrigatório; universalizando o  alistamento, sanando pendências, modernizando processos e difundindo o civismo entre a juventude.","SEC. MUN. DA FAZENDA","Convênio Corpo de Bombeiros","Segurança Pública","Defesa Civil",1029,"Manut. do Convênio Corpo de Bombeiros","APLICAÇÕES DIRETAS",98,33900000000000,"APLICAÇÕES DIRETAS","PREFEITURA MUNICIPAL DE CRICIUMA","DESPESAS CORRENTES",3200000,347896.34,3547896.34,3078339.15,2250151.05,1132266.56,1132266.56,1117884.49,1098882.51,0,1098882.51,1151268.54,33384.05,96.2,86.77,35.38,31.91,34.34,322.86,"fontesRecursos_e1476319-1aea-49dc-bcd0-9dda409f1ac5.csv","informacaoPlanejamento_50888e95-a846-4c9a-a6b3-4710b7e69a1c.csv","empenhos_471ef178-3200-4726-93f0-bc2cf6c1a25b.csv","suplementacoes_891bb723-4790-491d-b469-9a0223a93595.csv","Recursos Provenientes de Taxas, Contribuições e Preços Públicos"
