nomeEntidade,ano,descricaoPrograma,descricao,objetivo,descricaoOrgao,descricaoUnidade,descricaoFuncao,descricaoSubfuncao,idAcao,descricaoAcao,natureza,idDespesa,numeroElemento,descricaoElemento,descricaoLocalizador,categoriaEconomica,valorOrcado,valorOrcadoAlterado,valorOrcadoAtualizado,valorEmpenhado,valorEmpenhadoAtualizado,valorLiquidado,valorLiquidadoAtualizado,valorALiquidar,valorPago,valorPagoAnulado,valorPagoAtualizado,valorAPagarEmpenhado,valorAPagarLiquidado,"percentualEmpenhadoSobreOrcadoInicial","percentualEmpenhadoSobreOrcadoAtualizado","percentualLiquidadoSobreOrcadoInicial","percentualLiquidadoSobreOrcadoAtualizado","percentualPagoSobreOrcadoInicial","percentualPagoSobreOrcadoAtualizado",fontesRecursos,informacaoPlanejamento,empenhos,suplementacoes,descricaoRecurso
"FUNDO MUNICIPAL DE ASSISTENCIA SOCIAL DE CRICIUMA",2025,"GESTÃO DA POLITICA MUNICIPAL DE ASSISTÊNCIA SOCIAL","Manut. da Proteção Social Especial - SUAS","Garantir financiamento para as ações socioassistenciais ofertados através das entidades do município, bem como a estrutura necessária para o funcionamento da gestão de assistência social;- Monitorar e avaliar os serviços socioassistenciais governamentais e não governamentais visando à garantia dos serviços prestados;- Promover a participação de profissionais e conselheiros em eventos afetos à politica de assistência social, com vistas à formação profissional e o exercício do controle social.","FUNDO MUN. DE ASSIST. SOCIAL","Gestão da Assistência Social","Assistência Social","Assistência Comunitária",1068,"Manut. da Proteção Social Especial - SUAS","TRANSFERÊNCIAS A MUNICÍPIOS",20,33400000000000,"TRANSFERÊNCIAS A MUNICÍPIOS","FUNDO MUNICIPAL DE ASSISTENCIA SOCIAL DE CRICIUMA","DESPESAS CORRENTES",0,9353.38,9353.38,9353.38,9353.38,9353.38,9353.38,0.0,9353.38,0,9353.38,0.0,0.0,0.0,100.0,0.0,100.0,0.0,100.0,"fontesRecursos_79a0f975-f0fd-40c7-bb41-be1599425295.csv","informacaoPlanejamento_d3264efd-52c9-447b-b6d4-f412389049e6.csv","empenhos_cc5b0f6d-25a9-42ff-b90c-d2e9db9466f4.csv","suplementacoes_7adb0642-64e7-4c1c-b94c-008a47070050.csv"," "
"FUNDACAO CULTURAL DE CRICIUMA",2025,"CULTURA PARA TODOS","Desenvolvimento Artistico e Cultural","Tem por objetivo incentivar, difundir, fomentar e promover a prática e o desenvolvimento de atividades culturais artísticas e turísticas do Município. Atender melhor as crianças através dos programas disponíveis e os a serem ampliados e melhorados.","FUNDAÇÃO MUN. DE CULTURA","Fundação Mun. de Cultura",Cultura,"Patrimônio Histórico, Artístico e Arqueológico",1089,"Desenvolvimento Artistico e Cultural","TRANSFERÊNCIAS A INSTITUIÇÕES PRIVADAS SEM FINS LUCRATIVOS",7,33500000000000,"TRANSFERÊNCIAS A INSTITUIÇÕES PRIVADAS SEM FINS LUCRATIVOS","FUNDACAO CULTURAL DE CRICIUMA","DESPESAS CORRENTES",700000,0,700000,420000.0,420000.0,135000.0,135000.0,285000.0,135000.0,0,135000.0,285000.0,0.0,60.0,60.0,19.29,19.29,19.29,518.52,"fontesRecursos_e86b716a-3221-4577-b034-b3e1244f2612.csv","informacaoPlanejamento_4f7c90ae-a3a7-477c-a13c-b82a219b8189.csv","empenhos_201e739f-fbbd-4b24-b910-cd2c72503cc2.csv"," "," "
"FUNDACAO CULTURAL DE CRICIUMA",2025,"CULTURA PARA TODOS","Manut. da Fundação Cultural","Tem por objetivo incentivar, difundir, fomentar e promover a prática e o desenvolvimento de atividades culturais artísticas e turísticas do Município. Atender melhor as crianças através dos programas disponíveis e os a serem ampliados e melhorados.","FUNDAÇÃO MUN. DE CULTURA","Fundação Mun. de Cultura",Cultura,"Administração Geral",1088,"Manut. da Fundação Cultural","TRANSFERÊNCIAS A INSTITUIÇÕES PRIVADAS COM FINS LUCRATIVOS",4,33600000000000,"TRANSFERÊNCIAS A INSTITUIÇÕES PRIVADAS COM FINS LUCRATIVOS","FUNDACAO CULTURAL DE CRICIUMA","DESPESAS CORRENTES",100000,0,100000,0,0,0,0,0,0,0,0,0,0,0.0,0.0,0.0,0.0,0.0,0.0,"fontesRecursos_be36d323-84a9-4a09-99d8-1b12c4b984b1.csv","informacaoPlanejamento_d358f84b-d00e-45ad-b689-3d6cb7b588a0.csv"," "," "," "
"FUNDACAO CULTURAL DE CRICIUMA",2025,"CULTURA PARA TODOS","Manut. da Fundação Cultural","Tem por objetivo incentivar, difundir, fomentar e promover a prática e o desenvolvimento de atividades culturais artísticas e turísticas do Município. Atender melhor as crianças através dos programas disponíveis e os a serem ampliados e melhorados.","FUNDAÇÃO MUN. DE CULTURA","Fundação Mun. de Cultura",Cultura,"Administração Geral",1088,"Manut. da Fundação Cultural","TRANSFERÊNCIAS A INSTITUIÇÕES PRIVADAS SEM FINS LUCRATIVOS",3,33500000000000,"TRANSFERÊNCIAS A INSTITUIÇÕES PRIVADAS SEM FINS LUCRATIVOS","FUNDACAO CULTURAL DE CRICIUMA","DESPESAS CORRENTES",400000,0,400000,0,0,0,0,0,0,0,0,0,0,0.0,0.0,0.0,0.0,0.0,0.0,"fontesRecursos_20350a26-010d-4fb9-b140-f4c7194bc6fc.csv","informacaoPlanejamento_094da666-ce69-4e28-b692-4c8b9180ee24.csv"," "," "," "
"FUNDACAO CULTURAL DE CRICIUMA",2025,"CULTURA PARA TODOS","Manut. da Fundação Cultural","Tem por objetivo incentivar, difundir, fomentar e promover a prática e o desenvolvimento de atividades culturais artísticas e turísticas do Município. Atender melhor as crianças através dos programas disponíveis e os a serem ampliados e melhorados.","FUNDAÇÃO MUN. DE CULTURA","Fundação Mun. de Cultura",Cultura,"Administração Geral",1088,"Manut. da Fundação Cultural","APLICAÇÕES DIRETAS",6,44900000000000,"APLICAÇÕES DIRETAS","FUNDACAO CULTURAL DE CRICIUMA","DESPESAS DE CAPITAL",700000,0,700000,0,0,0,0,0,0,0,0,0,0,0.0,0.0,0.0,0.0,0.0,0.0,"fontesRecursos_79bf2ebc-05fb-4e4d-b698-20e0f8f951f9.csv","informacaoPlanejamento_0776331b-bf2b-4740-b434-c244d3db788a.csv"," "," "," "
"FUNDACAO CULTURAL DE CRICIUMA",2025,"GESTÃO ADMINISTRATIVA","Manutenção do Fundo Municipal do Turismo - FUMTUR","Planejar a gestão publica atraves de implementações de dados gerenciais visando a redução de custos, e estrategicas na defesa civil do municipio.","FUNDAÇÃO MUN. DE CULTURA","Fundação Mun. de Cultura","Comércio e Serviços",Turismo,1219,"Manutenção do Fundo Municipal do Turismo - FUMTUR","APLICAÇÕES DIRETAS",2,44900000000000,"APLICAÇÕES DIRETAS","FUNDACAO CULTURAL DE CRICIUMA","DESPESAS DE CAPITAL",150000,0,150000,0,0,0,0,0,0,0,0,0,0,0.0,0.0,0.0,0.0,0.0,0.0,"fontesRecursos_9eaeff2d-ee5f-4b71-a7e5-90ee39add640.csv","informacaoPlanejamento_de9d77b3-6144-4074-997b-e7bd68db4ee0.csv"," "," "," "
"FUNDACAO CULTURAL DE CRICIUMA",2025,"CULTURA PARA TODOS","Praça da PEC","Tem por objetivo incentivar, difundir, fomentar e promover a prática e o desenvolvimento de atividades culturais artísticas e turísticas do Município. Atender melhor as crianças através dos programas disponíveis e os a serem ampliados e melhorados.","FUNDAÇÃO MUN. DE CULTURA","Fundação Mun. de Cultura",Cultura,"Serviços Urbanos",1092,"Praça da PEC","APLICAÇÕES DIRETAS",14,44900000000000,"APLICAÇÕES DIRETAS","FUNDACAO CULTURAL DE CRICIUMA","DESPESAS DE CAPITAL",5000,0,5000,0,0,0,0,0,0,0,0,0,0,0.0,0.0,0.0,0.0,0.0,0.0,"fontesRecursos_25624ab8-4395-40a8-9bfb-905b62561501.csv","informacaoPlanejamento_bf28ce7e-8d57-4202-a43c-7a74fdac5779.csv"," "," "," "
"FUNDACAO CULTURAL DE CRICIUMA",2025,"GESTÃO ADMINISTRATIVA","Manutenção do Fundo Municipal do Turismo - FUMTUR","Planejar a gestão publica atraves de implementações de dados gerenciais visando a redução de custos, e estrategicas na defesa civil do municipio.","FUNDAÇÃO MUN. DE CULTURA","Fundação Mun. de Cultura","Comércio e Serviços",Turismo,1219,"Manutenção do Fundo Municipal do Turismo - FUMTUR","APLICAÇÕES DIRETAS",1,33900000000000,"APLICAÇÕES DIRETAS","FUNDACAO CULTURAL DE CRICIUMA","DESPESAS CORRENTES",150000,0,150000,0,0,0,0,0,0,0,0,0,0,0.0,0.0,0.0,0.0,0.0,0.0,"fontesRecursos_7d9494f6-c98f-46ff-986c-bf7278b62ded.csv","informacaoPlanejamento_95a23814-baa7-40f5-b110-30fbcdcca6f2.csv"," "," "," "
"FUNDACAO CULTURAL DE CRICIUMA",2025,"CULTURA PARA TODOS","Praça da PEC","Tem por objetivo incentivar, difundir, fomentar e promover a prática e o desenvolvimento de atividades culturais artísticas e turísticas do Município. Atender melhor as crianças através dos programas disponíveis e os a serem ampliados e melhorados.","FUNDAÇÃO MUN. DE CULTURA","Fundação Mun. de Cultura",Cultura,"Serviços Urbanos",1092,"Praça da PEC","APLICAÇÕES DIRETAS",13,33900000000000,"APLICAÇÕES DIRETAS","FUNDACAO CULTURAL DE CRICIUMA","DESPESAS CORRENTES",5000,0,5000,0,0,0,0,0,0,0,0,0,0,0.0,0.0,0.0,0.0,0.0,0.0,"fontesRecursos_36033861-a46a-498b-8782-8eb1c5e36f41.csv","informacaoPlanejamento_59781438-1eb9-4a88-a7c5-74288cf1ba22.csv"," "," "," "
"FUNDACAO CULTURAL DE CRICIUMA",2025,"CULTURA PARA TODOS","Unidades Culturais","Tem por objetivo incentivar, difundir, fomentar e promover a prática e o desenvolvimento de atividades culturais artísticas e turísticas do Município. Atender melhor as crianças através dos programas disponíveis e os a serem ampliados e melhorados.","FUNDAÇÃO MUN. DE CULTURA","Fundação Mun. de Cultura",Cultura,"Difusão Cultural",1090,"Unidades Culturais","APLICAÇÕES DIRETAS",12,44900000000000,"APLICAÇÕES DIRETAS","FUNDACAO CULTURAL DE CRICIUMA","DESPESAS DE CAPITAL",40000,0,40000,0,0,0,0,0,0,0,0,0,0,0.0,0.0,0.0,0.0,0.0,0.0,"fontesRecursos_e056ff33-1277-4f92-906b-edc8ef1c269b.csv","informacaoPlanejamento_24babadc-21e7-4f8d-a663-bfa473c5c87f.csv"," "," "," "
"FUNDACAO CULTURAL DE CRICIUMA",2025,"CULTURA PARA TODOS","Unidades Culturais","Tem por objetivo incentivar, difundir, fomentar e promover a prática e o desenvolvimento de atividades culturais artísticas e turísticas do Município. Atender melhor as crianças através dos programas disponíveis e os a serem ampliados e melhorados.","FUNDAÇÃO MUN. DE CULTURA","Fundação Mun. de Cultura",Cultura,"Difusão Cultural",1090,"Unidades Culturais","APLICAÇÕES DIRETAS",11,33900000000000,"APLICAÇÕES DIRETAS","FUNDACAO CULTURAL DE CRICIUMA","DESPESAS CORRENTES",40000,0,40000,0,0,0,0,0,0,0,0,0,0,0.0,0.0,0.0,0.0,0.0,0.0,"fontesRecursos_e88d48a0-10d2-4026-bbd8-0f246e87d7ed.csv","informacaoPlanejamento_fb0f7fa7-8cf8-424c-8750-d33711b13a81.csv"," "," "," "
"FUNDACAO CULTURAL DE CRICIUMA",2025,"CULTURA PARA TODOS","Desenvolvimento Artistico e Cultural","Tem por objetivo incentivar, difundir, fomentar e promover a prática e o desenvolvimento de atividades culturais artísticas e turísticas do Município. Atender melhor as crianças através dos programas disponíveis e os a serem ampliados e melhorados.","FUNDAÇÃO MUN. DE CULTURA","Fundação Mun. de Cultura",Cultura,"Patrimônio Histórico, Artístico e Arqueológico",1089,"Desenvolvimento Artistico e Cultural","TRANSFERÊNCIAS A INSTITUIÇÕES PRIVADAS COM FINS LUCRATIVOS",8,33600000000000,"TRANSFERÊNCIAS A INSTITUIÇÕES PRIVADAS COM FINS LUCRATIVOS","FUNDACAO CULTURAL DE CRICIUMA","DESPESAS CORRENTES",100000,0,100000,0,0,0,0,0,0,0,0,0,0,0.0,0.0,0.0,0.0,0.0,0.0,"fontesRecursos_1f1bd7b1-4117-45e3-ab59-b521859d887a.csv","informacaoPlanejamento_556e7aa1-3a4a-4fa9-b426-21dcad34be53.csv"," "," "," "
"FUNDACAO CULTURAL DE CRICIUMA",2025,"CULTURA PARA TODOS","Desenvolvimento Artistico e Cultural","Tem por objetivo incentivar, difundir, fomentar e promover a prática e o desenvolvimento de atividades culturais artísticas e turísticas do Município. Atender melhor as crianças através dos programas disponíveis e os a serem ampliados e melhorados.","FUNDAÇÃO MUN. DE CULTURA","Fundação Mun. de Cultura",Cultura,"Patrimônio Histórico, Artístico e Arqueológico",1089,"Desenvolvimento Artistico e Cultural","APLICAÇÕES DIRETAS",10,44900000000000,"APLICAÇÕES DIRETAS","FUNDACAO CULTURAL DE CRICIUMA","DESPESAS DE CAPITAL",150000,0,150000,0,0,0,0,0,0,0,0,0,0,0.0,0.0,0.0,0.0,0.0,0.0,"fontesRecursos_5ccfe3e3-c72b-4c95-805a-62d31d41cb9c.csv","informacaoPlanejamento_ed7dabd1-43b5-4ab3-8bf3-23e76c8607e8.csv"," "," "," "
"FUNDACAO CULTURAL DE CRICIUMA",2025,"CULTURA PARA TODOS","Desenvolvimento Artistico e Cultural","Tem por objetivo incentivar, difundir, fomentar e promover a prática e o desenvolvimento de atividades culturais artísticas e turísticas do Município. Atender melhor as crianças através dos programas disponíveis e os a serem ampliados e melhorados.","FUNDAÇÃO MUN. DE CULTURA","Fundação Mun. de Cultura",Cultura,"Patrimônio Histórico, Artístico e Arqueológico",1089,"Desenvolvimento Artistico e Cultural","APLICAÇÕES DIRETAS",9,33900000000000,"APLICAÇÕES DIRETAS","FUNDACAO CULTURAL DE CRICIUMA","DESPESAS CORRENTES",850000,22817.25,872817.25,22817.25,22817.25,8317.2,8317.2,14500.05,6379.3,0,6379.3,16437.95,1937.9,2.68,2.61,0.98,0.95,0.75,13682.02,"fontesRecursos_cbd0c52e-0f72-48bb-bafc-440658b11ff0.csv","informacaoPlanejamento_e67bb3fa-668f-4c16-ae04-46d5b9a1bba5.csv","empenhos_4aaf4070-092a-4408-8e17-18bf9172d5b6.csv","suplementacoes_aced8e12-71d6-4df4-930b-b33b2964a2be.csv"," "
"FUNDACAO CULTURAL DE CRICIUMA",2025,"CULTURA PARA TODOS","Manut. da Fundação Cultural","Tem por objetivo incentivar, difundir, fomentar e promover a prática e o desenvolvimento de atividades culturais artísticas e turísticas do Município. Atender melhor as crianças através dos programas disponíveis e os a serem ampliados e melhorados.","FUNDAÇÃO MUN. DE CULTURA","Fundação Mun. de Cultura",Cultura,"Administração Geral",1088,"Manut. da Fundação Cultural","APLICAÇÕES DIRETAS",5,33900000000000,"APLICAÇÕES DIRETAS","FUNDACAO CULTURAL DE CRICIUMA","DESPESAS CORRENTES",2600000,0,2600000,1895044.81,1796413.95,285009.44,285009.44,1511404.51,273029.9,0,273029.9,1523384.05,11979.54,72.89,72.89,10.96,10.96,10.5,952.28,"fontesRecursos_1bdaf2c3-4ffe-4b65-a61b-9291f9c328f2.csv","informacaoPlanejamento_fa91adee-7622-4a54-ac6b-4d7a2f061b0b.csv","empenhos_045078da-8595-4d1c-aad7-f6303b4ae0f2.csv"," "," "
"FUNDACAO CULTURAL DE CRICIUMA",2025,"GESTÃO ADMINISTRATIVA","Manutenção do Fundo Municipal do Turismo - FUMTUR","Planejar a gestão publica atraves de implementações de dados gerenciais visando a redução de custos, e estrategicas na defesa civil do municipio.","FUNDAÇÃO MUN. DE CULTURA","Fundação Mun. de Cultura","Comércio e Serviços",Turismo,1219,"Manutenção do Fundo Municipal do Turismo - FUMTUR","APLICAÇÕES DIRETAS",2,44900000000000,"APLICAÇÕES DIRETAS","FUNDACAO CULTURAL DE CRICIUMA","DESPESAS DE CAPITAL",150000,0,150000,0,0,0,0,0,0,0,0,0,0,0.0,0.0,0.0,0.0,0.0,0.0,"fontesRecursos_b162ad4d-13d5-42be-88c4-3ee4ead93c88.csv","informacaoPlanejamento_c03edc36-a11b-4ac2-8880-ca89afca6797.csv"," "," "," "
"FUNDACAO CULTURAL DE CRICIUMA",2025,"CULTURA PARA TODOS","Praça da PEC","Tem por objetivo incentivar, difundir, fomentar e promover a prática e o desenvolvimento de atividades culturais artísticas e turísticas do Município. Atender melhor as crianças através dos programas disponíveis e os a serem ampliados e melhorados.","FUNDAÇÃO MUN. DE CULTURA","Fundação Mun. de Cultura",Cultura,"Serviços Urbanos",1092,"Praça da PEC","APLICAÇÕES DIRETAS",14,44900000000000,"APLICAÇÕES DIRETAS","FUNDACAO CULTURAL DE CRICIUMA","DESPESAS DE CAPITAL",5000,0,5000,0,0,0,0,0,0,0,0,0,0,0.0,0.0,0.0,0.0,0.0,0.0,"fontesRecursos_792fee60-832b-46d6-8519-106b5de9f4d9.csv","informacaoPlanejamento_d8b8325d-d63e-43da-a5a7-fb95d47dae21.csv"," "," "," "
"FUNDACAO CULTURAL DE CRICIUMA",2025,"GESTÃO ADMINISTRATIVA","Manutenção do Fundo Municipal do Turismo - FUMTUR","Planejar a gestão publica atraves de implementações de dados gerenciais visando a redução de custos, e estrategicas na defesa civil do municipio.","FUNDAÇÃO MUN. DE CULTURA","Fundação Mun. de Cultura","Comércio e Serviços",Turismo,1219,"Manutenção do Fundo Municipal do Turismo - FUMTUR","APLICAÇÕES DIRETAS",1,33900000000000,"APLICAÇÕES DIRETAS","FUNDACAO CULTURAL DE CRICIUMA","DESPESAS CORRENTES",150000,0,150000,0,0,0,0,0,0,0,0,0,0,0.0,0.0,0.0,0.0,0.0,0.0,"fontesRecursos_22ec8120-6c74-4356-bf0e-206fc7a2a525.csv","informacaoPlanejamento_16b9e9cc-4c7b-42bf-9a8a-5317dedb0286.csv"," "," "," "
"FUNDACAO CULTURAL DE CRICIUMA",2025,"CULTURA PARA TODOS","Praça da PEC","Tem por objetivo incentivar, difundir, fomentar e promover a prática e o desenvolvimento de atividades culturais artísticas e turísticas do Município. Atender melhor as crianças através dos programas disponíveis e os a serem ampliados e melhorados.","FUNDAÇÃO MUN. DE CULTURA","Fundação Mun. de Cultura",Cultura,"Serviços Urbanos",1092,"Praça da PEC","APLICAÇÕES DIRETAS",13,33900000000000,"APLICAÇÕES DIRETAS","FUNDACAO CULTURAL DE CRICIUMA","DESPESAS CORRENTES",5000,0,5000,0,0,0,0,0,0,0,0,0,0,0.0,0.0,0.0,0.0,0.0,0.0,"fontesRecursos_acb7d463-96de-4845-97df-250861f908d4.csv","informacaoPlanejamento_dce49234-3731-48a9-a1a7-adaec92006a0.csv"," "," "," "
"FUNDACAO CULTURAL DE CRICIUMA",2025,"CULTURA PARA TODOS","Unidades Culturais","Tem por objetivo incentivar, difundir, fomentar e promover a prática e o desenvolvimento de atividades culturais artísticas e turísticas do Município. Atender melhor as crianças através dos programas disponíveis e os a serem ampliados e melhorados.","FUNDAÇÃO MUN. DE CULTURA","Fundação Mun. de Cultura",Cultura,"Difusão Cultural",1090,"Unidades Culturais","APLICAÇÕES DIRETAS",12,44900000000000,"APLICAÇÕES DIRETAS","FUNDACAO CULTURAL DE CRICIUMA","DESPESAS DE CAPITAL",40000,0,40000,0,0,0,0,0,0,0,0,0,0,0.0,0.0,0.0,0.0,0.0,0.0,"fontesRecursos_215b2c25-9132-40d9-9aa4-f557fc377255.csv","informacaoPlanejamento_6bd146e8-a757-4401-8fb0-c1b09bd725d1.csv"," "," "," "
"FUNDACAO CULTURAL DE CRICIUMA",2025,"CULTURA PARA TODOS","Unidades Culturais","Tem por objetivo incentivar, difundir, fomentar e promover a prática e o desenvolvimento de atividades culturais artísticas e turísticas do Município. Atender melhor as crianças através dos programas disponíveis e os a serem ampliados e melhorados.","FUNDAÇÃO MUN. DE CULTURA","Fundação Mun. de Cultura",Cultura,"Difusão Cultural",1090,"Unidades Culturais","APLICAÇÕES DIRETAS",11,33900000000000,"APLICAÇÕES DIRETAS","FUNDACAO CULTURAL DE CRICIUMA","DESPESAS CORRENTES",40000,0,40000,0,0,0,0,0,0,0,0,0,0,0.0,0.0,0.0,0.0,0.0,0.0,"fontesRecursos_547207a2-e620-43a3-9f6d-d228f0211d1e.csv","informacaoPlanejamento_f4b66104-4146-4c5a-ab31-7951d2d9ad24.csv"," "," "," "
"FUNDACAO CULTURAL DE CRICIUMA",2025,"CULTURA PARA TODOS","Desenvolvimento Artistico e Cultural","Tem por objetivo incentivar, difundir, fomentar e promover a prática e o desenvolvimento de atividades culturais artísticas e turísticas do Município. Atender melhor as crianças através dos programas disponíveis e os a serem ampliados e melhorados.","FUNDAÇÃO MUN. DE CULTURA","Fundação Mun. de Cultura",Cultura,"Patrimônio Histórico, Artístico e Arqueológico",1089,"Desenvolvimento Artistico e Cultural","TRANSFERÊNCIAS A INSTITUIÇÕES PRIVADAS COM FINS LUCRATIVOS",8,33600000000000,"TRANSFERÊNCIAS A INSTITUIÇÕES PRIVADAS COM FINS LUCRATIVOS","FUNDACAO CULTURAL DE CRICIUMA","DESPESAS CORRENTES",100000,0,100000,0,0,0,0,0,0,0,0,0,0,0.0,0.0,0.0,0.0,0.0,0.0,"fontesRecursos_74ce3dcc-5183-4923-94ed-ba56ec08cf71.csv","informacaoPlanejamento_9dd2a188-5fb5-4124-93cf-9d95ce501b9e.csv"," "," "," "
"FUNDACAO CULTURAL DE CRICIUMA",2025,"CULTURA PARA TODOS","Desenvolvimento Artistico e Cultural","Tem por objetivo incentivar, difundir, fomentar e promover a prática e o desenvolvimento de atividades culturais artísticas e turísticas do Município. Atender melhor as crianças através dos programas disponíveis e os a serem ampliados e melhorados.","FUNDAÇÃO MUN. DE CULTURA","Fundação Mun. de Cultura",Cultura,"Patrimônio Histórico, Artístico e Arqueológico",1089,"Desenvolvimento Artistico e Cultural","APLICAÇÕES DIRETAS",10,44900000000000,"APLICAÇÕES DIRETAS","FUNDACAO CULTURAL DE CRICIUMA","DESPESAS DE CAPITAL",150000,0,150000,0,0,0,0,0,0,0,0,0,0,0.0,0.0,0.0,0.0,0.0,0.0,"fontesRecursos_7ea29243-e458-46d9-be4d-505d838151f2.csv","informacaoPlanejamento_45ccfa8a-53ce-413b-adb7-a4520a5db476.csv"," "," "," "
"FUNDO MUN. HABITACAO INTERESSE SOCIAL CRICIUMA",2025,"HABITAÇÃO SOCIAL","Manut. de Projetos Habitacionais e de Interesse Social","Garantir o acesso à moradia digna à população em situação de vulnerabilidade social;- Garantir a titulação do bem imóvel das áreas públicas ocupadas às pessoas de baixa renda e a recuperação urbano-ambiental, motivando o desenvolvimento sócio-economico e o onseqüente resgate da cidadania.","FUNDO MUN. DE HABITAÇÃO DE INTER. SOCIAL","Fundo de Habitação de Interesse Social",Habitação,"Habitação Urbana",1070,"Manut. de Projetos Habitacionais e de Interesse Social","APLICAÇÕES DIRETAS",4,44900000000000,"APLICAÇÕES DIRETAS","FUNDO MUN. HABITACAO INTERESSE SOCIAL CRICIUMA","DESPESAS DE CAPITAL",110000,920000,1030000,920000.0,920000.0,920000.0,920000.0,0.0,920000.0,0,920000.0,0.0,0.0,836.36,89.32,836.36,89.32,836.36,111.96,"fontesRecursos_9350c8f6-29e6-4c0b-a998-00fac0e7873f.csv","informacaoPlanejamento_1d72a719-8392-4d42-b90f-52d230a4bf0b.csv","empenhos_222cccba-7f62-4d4a-8803-efd92a768167.csv","suplementacoes_712c94de-1789-4f82-8714-abdb45b6aa16.csv"," "
"FUNDACAO CULTURAL DE CRICIUMA",2025,"CULTURA PARA TODOS","Manut. da Fundação Cultural","Tem por objetivo incentivar, difundir, fomentar e promover a prática e o desenvolvimento de atividades culturais artísticas e turísticas do Município. Atender melhor as crianças através dos programas disponíveis e os a serem ampliados e melhorados.","FUNDAÇÃO MUN. DE CULTURA","Fundação Mun. de Cultura",Cultura,"Administração Geral",1088,"Manut. da Fundação Cultural","TRANSFERÊNCIAS A INSTITUIÇÕES PRIVADAS SEM FINS LUCRATIVOS",3,33500000000000,"TRANSFERÊNCIAS A INSTITUIÇÕES PRIVADAS SEM FINS LUCRATIVOS","FUNDACAO CULTURAL DE CRICIUMA","DESPESAS CORRENTES",400000,-200000,200000,0,0,0,0,0,0,0,0,0,0,0.0,0.0,0.0,0.0,0.0,0.0,"fontesRecursos_fb6327fe-8b02-4ee3-a47f-a70a11280e75.csv","informacaoPlanejamento_96625b5f-4e56-4b23-9155-6c582641eaf5.csv"," ","suplementacoes_b53c90a4-2ae9-4cc5-9ece-5a061bc46f1a.csv"," "
"FUNDACAO CULTURAL DE CRICIUMA",2025,"CULTURA PARA TODOS","Manut. da Fundação Cultural","Tem por objetivo incentivar, difundir, fomentar e promover a prática e o desenvolvimento de atividades culturais artísticas e turísticas do Município. Atender melhor as crianças através dos programas disponíveis e os a serem ampliados e melhorados.","FUNDAÇÃO MUN. DE CULTURA","Fundação Mun. de Cultura",Cultura,"Administração Geral",1088,"Manut. da Fundação Cultural","TRANSFERÊNCIAS A INSTITUIÇÕES PRIVADAS COM FINS LUCRATIVOS",4,33600000000000,"TRANSFERÊNCIAS A INSTITUIÇÕES PRIVADAS COM FINS LUCRATIVOS","FUNDACAO CULTURAL DE CRICIUMA","DESPESAS CORRENTES",100000,0,100000,0,0,0,0,0,0,0,0,0,0,0.0,0.0,0.0,0.0,0.0,0.0,"fontesRecursos_f417dc5b-dd77-48ab-999d-8d15eedf8f46.csv","informacaoPlanejamento_8a90e7c3-b1d0-4a0f-be13-10b5140f6679.csv"," "," "," "
"FUNDO MUNICIPAL DE ASSISTENCIA SOCIAL DE CRICIUMA",2025,"GESTÃO DA POLITICA MUNICIPAL DE ASSISTÊNCIA SOCIAL","Manut. da Proteção Social Básica - SUAS","Garantir financiamento para as ações socioassistenciais ofertados através das entidades do município, bem como a estrutura necessária para o funcionamento da gestão de assistência social;- Monitorar e avaliar os serviços socioassistenciais governamentais e não governamentais visando à garantia dos serviços prestados;- Promover a participação de profissionais e conselheiros em eventos afetos à politica de assistência social, com vistas à formação profissional e o exercício do controle social.","FUNDO MUN. DE ASSIST. SOCIAL","Gestão da Assistência Social","Assistência Social","Assistência Comunitária",1067,"Manut. da Proteção Social Básica - SUAS","TRANSFERÊNCIAS A INSTITUIÇÕES PRIVADAS SEM FINS LUCRATIVOS",8,44500000000000,"TRANSFERÊNCIAS A INSTITUIÇÕES PRIVADAS SEM FINS LUCRATIVOS","FUNDO MUNICIPAL DE ASSISTENCIA SOCIAL DE CRICIUMA","DESPESAS DE CAPITAL",850000,-607400,242600,125000.0,125000.0,125000.0,125000.0,0.0,125000.0,0,125000.0,0.0,0.0,14.71,51.53,14.71,51.53,14.71,194.08,"fontesRecursos_77ed9f3f-34cf-4cfc-9867-54fd55eb931f.csv","informacaoPlanejamento_bb469589-cc5a-42d2-a6b6-97ff88c338f5.csv","empenhos_3f8849e2-4ea9-43fd-ad4f-3145447973b7.csv","suplementacoes_d466ea17-d644-41ec-8e42-0a6cf84707b8.csv"," "
"FUNDACAO MUNICIPAL DE ESPORTES DE CRICIUMA",2025,"ESPORTE SOCIAL","Eventos Esportivos","O programa de formação de equipes de rendimento, busca promover o fortalecimento do esporte regional a internacional, estimularem a competência desportiva e administrativa, além de corresponder as expectativas dos atletas, de vivenciar competições de alto nível e assim explorarem todas as suas potencialidades, elevando o nível técnico e ampliando a base para composição de selecionados representativos em competições oficiais nas diversas modalidades, além, de desenvolver o esporte social junto as comunidades.","FUNDAÇÃO MUN. DE ESPORTES","Fundação de Esportes","Desporto e Lazer",Lazer,1234,"Eventos Esportivos","APLICAÇÕES DIRETAS",9,33900000000000,"APLICAÇÕES DIRETAS","FUNDACAO MUNICIPAL DE ESPORTES DE CRICIUMA","DESPESAS CORRENTES",4500000,40000,4540000,3692027.08,3388414.07,3465693.8,3387114.07,1300.0,3454191.05,77879.8,3376311.25,12102.82,10802.82,82.05,81.32,77.02,76.34,76.76,131.43,"fontesRecursos_ca0db934-61d1-45ee-9ea1-2246f9da3325.csv","informacaoPlanejamento_5084f33a-042a-409d-b215-7a6a69fb6ad2.csv","empenhos_8751a874-967b-4516-bc90-58d13daffe79.csv","suplementacoes_849ccc6d-5139-4c13-b5b2-6a50225eb059.csv"," "
"FUNDACAO MUNICIPAL DE ESPORTES DE CRICIUMA",2025,"ESPORTE SOCIAL","Apoio ao Esporte de Alto Rendimento","O programa de formação de equipes de rendimento, busca promover o fortalecimento do esporte regional a internacional, estimularem a competência desportiva e administrativa, além de corresponder as expectativas dos atletas, de vivenciar competições de alto nível e assim explorarem todas as suas potencialidades, elevando o nível técnico e ampliando a base para composição de selecionados representativos em competições oficiais nas diversas modalidades, além, de desenvolver o esporte social junto as comunidades.","FUNDAÇÃO MUN. DE ESPORTES","Fundação de Esportes","Desporto e Lazer","Desporto de Rendimento",1216,"Apoio ao Esporte de Alto Rendimento","APLICAÇÕES DIRETAS",8,33900000000000,"APLICAÇÕES DIRETAS","FUNDACAO MUNICIPAL DE ESPORTES DE CRICIUMA","DESPESAS CORRENTES",200000,1000000,1200000,941300.0,941300.0,941300.0,941300.0,0.0,941300.0,0,941300.0,0.0,0.0,470.65,78.44,470.65,78.44,470.65,127.48,"fontesRecursos_4fc8cf09-1769-402a-aa6a-bdd33518c6a9.csv","informacaoPlanejamento_8f376367-62ca-4bc1-807c-5ce3eeda56bf.csv","empenhos_13c26a4d-c7ac-440c-b035-23dd4ee91fb8.csv","suplementacoes_690b5a9a-2788-44fd-a05c-ca3b10ada766.csv"," "
"FUNDACAO MUNICIPAL DE ESPORTES DE CRICIUMA",2025,"ESPORTE SOCIAL","Manut. da Fundação de Esportes","O programa de formação de equipes de rendimento, busca promover o fortalecimento do esporte regional a internacional, estimularem a competência desportiva e administrativa, além de corresponder as expectativas dos atletas, de vivenciar competições de alto nível e assim explorarem todas as suas potencialidades, elevando o nível técnico e ampliando a base para composição de selecionados representativos em competições oficiais nas diversas modalidades, além, de desenvolver o esporte social junto as comunidades.","FUNDAÇÃO MUN. DE ESPORTES","Fundação de Esportes","Desporto e Lazer","Administração Geral",1093,"Manut. da Fundação de Esportes","TRANSFERÊNCIAS A INSTITUIÇÕES PRIVADAS SEM FINS LUCRATIVOS",1,33500000000000,"TRANSFERÊNCIAS A INSTITUIÇÕES PRIVADAS SEM FINS LUCRATIVOS","FUNDACAO MUNICIPAL DE ESPORTES DE CRICIUMA","DESPESAS CORRENTES",680000,-20000,660000,600000.0,600000.0,600000.0,600000.0,0.0,600000.0,0,600000.0,0.0,0.0,88.24,90.91,88.24,90.91,88.24,110.0,"fontesRecursos_bfac8e6f-4a95-40cc-9952-44d6a2baec8a.csv","informacaoPlanejamento_6bc11f65-e96e-41f6-ac3e-5c7fe275b88f.csv","empenhos_83b44c7b-662b-4f55-ad57-588d38c8377b.csv","suplementacoes_dc59b98b-cf9a-4373-94d5-1854d8d66118.csv"," "
"FUNDACAO CULTURAL DE CRICIUMA",2025,"CULTURA PARA TODOS","Manut. da Fundação Cultural","Tem por objetivo incentivar, difundir, fomentar e promover a prática e o desenvolvimento de atividades culturais artísticas e turísticas do Município. Atender melhor as crianças através dos programas disponíveis e os a serem ampliados e melhorados.","FUNDAÇÃO MUN. DE CULTURA","Fundação Mun. de Cultura",Cultura,"Administração Geral",1088,"Manut. da Fundação Cultural","APLICAÇÕES DIRETAS",6,44900000000000,"APLICAÇÕES DIRETAS","FUNDACAO CULTURAL DE CRICIUMA","DESPESAS DE CAPITAL",700000,-479000,221000,179036.0,179036.0,179036.0,179036.0,0.0,179036.0,0,179036.0,0.0,0.0,25.58,81.01,25.58,81.01,25.58,123.44,"fontesRecursos_d47c0074-a6a2-4341-9cbd-2a53b63b60d7.csv","informacaoPlanejamento_386d759d-b178-46bb-a584-99451232f33b.csv","empenhos_a3669da1-de3d-4844-b501-189040523a6c.csv","suplementacoes_40a4729c-0491-4c83-9ecf-cdbe345fb459.csv"," "
"FUNDO MUNICIPAL DE ASSISTENCIA SOCIAL DE CRICIUMA",2025,"GESTÃO DA POLITICA MUNICIPAL DE ASSISTÊNCIA SOCIAL","Manut. da Gestão da Assistência Social","Garantir financiamento para as ações socioassistenciais ofertados através das entidades do município, bem como a estrutura necessária para o funcionamento da gestão de assistência social;- Monitorar e avaliar os serviços socioassistenciais governamentais e não governamentais visando à garantia dos serviços prestados;- Promover a participação de profissionais e conselheiros em eventos afetos à politica de assistência social, com vistas à formação profissional e o exercício do controle social.","FUNDO MUN. DE ASSIST. SOCIAL","Gestão da Assistência Social","Assistência Social","Administração Geral",1066,"Manut. da Gestão da Assistência Social","APLICAÇÕES DIRETAS",1,31900000000000,"APLICAÇÕES DIRETAS","FUNDO MUNICIPAL DE ASSISTENCIA SOCIAL DE CRICIUMA","DESPESAS CORRENTES",40000,0,40000,0,0,0,0,0,0,0,0,0,0,0.0,0.0,0.0,0.0,0.0,0.0,"fontesRecursos_a278bb8f-5b8d-4486-b117-e3c7c6aac1d8.csv","informacaoPlanejamento_6caac666-f95b-42e3-a9e7-6350a60d3bcf.csv"," "," "," "
"FUNDACAO CULTURAL DE CRICIUMA",2025,"CULTURA PARA TODOS","Desenvolvimento Artistico e Cultural","Tem por objetivo incentivar, difundir, fomentar e promover a prática e o desenvolvimento de atividades culturais artísticas e turísticas do Município. Atender melhor as crianças através dos programas disponíveis e os a serem ampliados e melhorados.","FUNDAÇÃO MUN. DE CULTURA","Fundação Mun. de Cultura",Cultura,"Patrimônio Histórico, Artístico e Arqueológico",1089,"Desenvolvimento Artistico e Cultural","TRANSFERÊNCIAS A INSTITUIÇÕES PRIVADAS SEM FINS LUCRATIVOS",7,33500000000000,"TRANSFERÊNCIAS A INSTITUIÇÕES PRIVADAS SEM FINS LUCRATIVOS","FUNDACAO CULTURAL DE CRICIUMA","DESPESAS CORRENTES",700000,182800,882800,595200.0,595200.0,595200.0,595200.0,0.0,595200.0,0,595200.0,0.0,0.0,85.03,67.42,85.03,67.42,85.03,148.32,"fontesRecursos_caec06d7-4b6d-4039-9498-19a061882d3d.csv","informacaoPlanejamento_b98169c7-aa88-4146-ac1c-35b2e9c05e10.csv","empenhos_8bfe7af8-3de2-4676-aa48-aa841d1806df.csv","suplementacoes_8f01df34-3f39-467c-b5d3-76d082009c52.csv"," "
"FUNDACAO CULTURAL DE CRICIUMA",2025,"GESTÃO ADMINISTRATIVA","Manutenção do Fundo Municipal do Turismo - FUMTUR","Planejar a gestão publica atraves de implementações de dados gerenciais visando a redução de custos, e estrategicas na defesa civil do municipio.","FUNDAÇÃO MUN. DE CULTURA","Fundação Mun. de Cultura","Comércio e Serviços",Turismo,1219,"Manutenção do Fundo Municipal do Turismo - FUMTUR","TRANSFERÊNCIAS A INSTITUIÇÕES PRIVADAS SEM FINS LUCRATIVOS",15,33500000000000,"TRANSFERÊNCIAS A INSTITUIÇÕES PRIVADAS SEM FINS LUCRATIVOS","FUNDACAO CULTURAL DE CRICIUMA","DESPESAS CORRENTES",0,454429.02,454429.02,37854.09,37854.09,37854.09,37854.09,0.0,37854.09,0,37854.09,0.0,0.0,0.0,8.33,0.0,8.33,0.0,1200.48,"fontesRecursos_d0ec1b0e-9871-4747-a2a3-0c51984d7c2a.csv","informacaoPlanejamento_7f7aa803-84ce-449d-8db2-2fbaaa8fdc87.csv","empenhos_56a59cb9-aa10-487b-bb15-57519e0d68a4.csv","suplementacoes_9783e2c0-1e9f-4b45-a601-6cd9c8e6a10d.csv"," "
"FUNDO MUNICIPAL DE ASSISTENCIA SOCIAL DE CRICIUMA",2025,"GESTÃO DA POLITICA MUNICIPAL DE ASSISTÊNCIA SOCIAL","Manut. da Proteção Social Especial - SUAS","Garantir financiamento para as ações socioassistenciais ofertados através das entidades do município, bem como a estrutura necessária para o funcionamento da gestão de assistência social;- Monitorar e avaliar os serviços socioassistenciais governamentais e não governamentais visando à garantia dos serviços prestados;- Promover a participação de profissionais e conselheiros em eventos afetos à politica de assistência social, com vistas à formação profissional e o exercício do controle social.","FUNDO MUN. DE ASSIST. SOCIAL","Gestão da Assistência Social","Assistência Social","Assistência Comunitária",1068,"Manut. da Proteção Social Especial - SUAS","TRANSFERÊNCIAS A INSTITUIÇÕES PRIVADAS SEM FINS LUCRATIVOS",14,44500000000000,"TRANSFERÊNCIAS A INSTITUIÇÕES PRIVADAS SEM FINS LUCRATIVOS","FUNDO MUNICIPAL DE ASSISTENCIA SOCIAL DE CRICIUMA","DESPESAS DE CAPITAL",60000,3186500,3246500,1644999.85,1644594.69,1644999.85,1644594.69,0.0,1644999.85,405.16,1644594.69,0.0,0.0,2741.67,50.67,2741.67,50.67,2741.67,197.36,"fontesRecursos_bbcb9b09-8520-48d9-9d93-ac42041dcb78.csv","informacaoPlanejamento_28edbe09-1c6c-4dd1-b493-4fbf8aa4b93a.csv","empenhos_a1c905f2-8bc8-4719-a5cf-e0548c6371e7.csv","suplementacoes_4ecfee96-beb1-4a7c-9414-5499574bf44c.csv"," "
"FUNDO MUNICIPAL DE ASSISTENCIA SOCIAL DE CRICIUMA",2025,"GESTÃO DA POLITICA MUNICIPAL DE ASSISTÊNCIA SOCIAL","Manut. da Proteção Social Básica - SUAS","Garantir financiamento para as ações socioassistenciais ofertados através das entidades do município, bem como a estrutura necessária para o funcionamento da gestão de assistência social;- Monitorar e avaliar os serviços socioassistenciais governamentais e não governamentais visando à garantia dos serviços prestados;- Promover a participação de profissionais e conselheiros em eventos afetos à politica de assistência social, com vistas à formação profissional e o exercício do controle social.","FUNDO MUN. DE ASSIST. SOCIAL","Gestão da Assistência Social","Assistência Social","Assistência Comunitária",1067,"Manut. da Proteção Social Básica - SUAS","TRANSFERÊNCIAS A INSTITUIÇÕES PRIVADAS SEM FINS LUCRATIVOS",6,33500000000000,"TRANSFERÊNCIAS A INSTITUIÇÕES PRIVADAS SEM FINS LUCRATIVOS","FUNDO MUNICIPAL DE ASSISTENCIA SOCIAL DE CRICIUMA","DESPESAS CORRENTES",12000000,-1341000,10659000,1.05729852E7,1.05729852E7,1.05729852E7,1.05729852E7,0.0,1.05729852E7,0,1.05729852E7,0.0,0.0,88.11,99.19,88.11,99.19,88.11,100.81,"fontesRecursos_972f8216-1e20-461e-a1db-8aa5436557c9.csv","informacaoPlanejamento_87401349-5f25-4fa3-a113-14c3b4732f24.csv","empenhos_79a18379-70be-4c8b-9aeb-e923aefcb456.csv","suplementacoes_11a45c04-86cc-4911-96de-e178316e6ceb.csv"," "
"FUNDO MUNICIPAL DE ASSISTENCIA SOCIAL DE CRICIUMA",2025,"GESTÃO DA POLITICA MUNICIPAL DE ASSISTÊNCIA SOCIAL","Manut. da Proteção Social Especial - SUAS","Garantir financiamento para as ações socioassistenciais ofertados através das entidades do município, bem como a estrutura necessária para o funcionamento da gestão de assistência social;- Monitorar e avaliar os serviços socioassistenciais governamentais e não governamentais visando à garantia dos serviços prestados;- Promover a participação de profissionais e conselheiros em eventos afetos à politica de assistência social, com vistas à formação profissional e o exercício do controle social.","FUNDO MUN. DE ASSIST. SOCIAL","Gestão da Assistência Social","Assistência Social","Assistência Comunitária",1068,"Manut. da Proteção Social Especial - SUAS","TRANSFERÊNCIAS A INSTITUIÇÕES PRIVADAS SEM FINS LUCRATIVOS",12,33500000000000,"TRANSFERÊNCIAS A INSTITUIÇÕES PRIVADAS SEM FINS LUCRATIVOS","FUNDO MUNICIPAL DE ASSISTENCIA SOCIAL DE CRICIUMA","DESPESAS CORRENTES",3300000,2359063.94,5659063.94,5207760.54,5207345.56,5207760.54,5207345.56,0.0,5207760.54,414.98,5207345.56,0.0,0.0,157.81,92.03,157.81,92.03,157.81,108.67,"fontesRecursos_d977757d-74a2-4eaa-be85-fef700e67b3d.csv","informacaoPlanejamento_96571552-84b7-4de6-a917-dd1d9afa7ba0.csv","empenhos_2a95d11c-f441-41ed-9bf9-6584833b830b.csv","suplementacoes_711361fe-dafc-4e91-8798-c0870cb96c65.csv"," "
"FUNDO MUNICIPAL DE ASSISTENCIA SOCIAL DE CRICIUMA",2025,"GESTÃO DA POLITICA MUNICIPAL DE ASSISTÊNCIA SOCIAL","Manut. da Proteção Social Especial - SUAS","Garantir financiamento para as ações socioassistenciais ofertados através das entidades do município, bem como a estrutura necessária para o funcionamento da gestão de assistência social;- Monitorar e avaliar os serviços socioassistenciais governamentais e não governamentais visando à garantia dos serviços prestados;- Promover a participação de profissionais e conselheiros em eventos afetos à politica de assistência social, com vistas à formação profissional e o exercício do controle social.","FUNDO MUN. DE ASSIST. SOCIAL","Gestão da Assistência Social","Assistência Social","Assistência Comunitária",1068,"Manut. da Proteção Social Especial - SUAS","APLICAÇÃO DIRETA DECORRENTE DE OPERAÇÃO ENTRE ÓRGÃOS, FUNDOS E ENTIDADES INTEGRANTES DOS ORÇAMENTOS FISCAL E DA SEGURIDADE SOCIAL",11,31910000000000,"APLICAÇÃO DIRETA DECORRENTE DE OPERAÇÃO ENTRE ÓRGÃOS, FUNDOS E ENTIDADES INTEGRANTES DOS ORÇAMENTOS FISCAL E DA SEGURIDADE SOCIAL","FUNDO MUNICIPAL DE ASSISTENCIA SOCIAL DE CRICIUMA","DESPESAS CORRENTES",500000,180000,680000,600000.0,552240.99,508322.26,508322.26,43918.73,508322.26,0,508322.26,43918.73,0.0,120.0,88.24,101.66,74.75,101.66,133.77,"fontesRecursos_8bd99f9c-3be5-4dc6-8bf5-6bf53743a96f.csv","informacaoPlanejamento_33619c9b-d81d-455f-bdf9-a15361474375.csv","empenhos_80c6ff2e-e26a-430d-bd09-c535e55e75ce.csv","suplementacoes_c424bac0-08ca-4817-b3ec-9a91bfb550c2.csv"," "
"FUNDO MUNICIPAL DE ASSISTENCIA SOCIAL DE CRICIUMA",2025,"GESTÃO DA POLITICA MUNICIPAL DE ASSISTÊNCIA SOCIAL","Manut. da Proteção Social Básica - SUAS","Garantir financiamento para as ações socioassistenciais ofertados através das entidades do município, bem como a estrutura necessária para o funcionamento da gestão de assistência social;- Monitorar e avaliar os serviços socioassistenciais governamentais e não governamentais visando à garantia dos serviços prestados;- Promover a participação de profissionais e conselheiros em eventos afetos à politica de assistência social, com vistas à formação profissional e o exercício do controle social.","FUNDO MUN. DE ASSIST. SOCIAL","Gestão da Assistência Social","Assistência Social","Assistência Comunitária",1067,"Manut. da Proteção Social Básica - SUAS","APLICAÇÃO DIRETA DECORRENTE DE OPERAÇÃO ENTRE ÓRGÃOS, FUNDOS E ENTIDADES INTEGRANTES DOS ORÇAMENTOS FISCAL E DA SEGURIDADE SOCIAL",5,31910000000000,"APLICAÇÃO DIRETA DECORRENTE DE OPERAÇÃO ENTRE ÓRGÃOS, FUNDOS E ENTIDADES INTEGRANTES DOS ORÇAMENTOS FISCAL E DA SEGURIDADE SOCIAL","FUNDO MUNICIPAL DE ASSISTENCIA SOCIAL DE CRICIUMA","DESPESAS CORRENTES",500000,143000,643000,630000.0,611085.53,557319.37,557319.37,53766.16,557319.37,0,557319.37,53766.16,0.0,126.0,97.98,111.46,86.67,111.46,115.37,"fontesRecursos_1ffb3cb7-ee0c-4dab-81f5-028238e12a63.csv","informacaoPlanejamento_bd8fc158-6ae9-40df-8c54-7b48aa1099f3.csv","empenhos_dd861eac-7a5d-4262-8f03-fbdaf420d445.csv","suplementacoes_861fb064-8c53-44d5-9f56-992132212c0b.csv"," "
"FUNDO MUNICIPAL DE ASSISTENCIA SOCIAL DE CRICIUMA",2025,"GESTÃO DA POLITICA MUNICIPAL DE ASSISTÊNCIA SOCIAL","Manut. da Proteção Social Básica - SUAS","Garantir financiamento para as ações socioassistenciais ofertados através das entidades do município, bem como a estrutura necessária para o funcionamento da gestão de assistência social;- Monitorar e avaliar os serviços socioassistenciais governamentais e não governamentais visando à garantia dos serviços prestados;- Promover a participação de profissionais e conselheiros em eventos afetos à politica de assistência social, com vistas à formação profissional e o exercício do controle social.","FUNDO MUN. DE ASSIST. SOCIAL","Gestão da Assistência Social","Assistência Social","Assistência Comunitária",1067,"Manut. da Proteção Social Básica - SUAS","APLICAÇÕES DIRETAS",9,44900000000000,"APLICAÇÕES DIRETAS","FUNDO MUNICIPAL DE ASSISTENCIA SOCIAL DE CRICIUMA","DESPESAS DE CAPITAL",260000,-98100.0,161900.0,160518.57,159900.94,159900.94,159900.94,0.0,159900.94,0,159900.94,0.0,0.0,61.74,99.15,61.5,98.77,61.5,101.25,"fontesRecursos_e6751bf3-6ed0-4a0b-8fd5-340b0c9e905d.csv","informacaoPlanejamento_78672254-037e-461a-a13f-4f0decb6a18f.csv","empenhos_ccd788d3-21dd-47c2-bbd3-8a14c2da6ad1.csv","suplementacoes_61c65d12-aa10-4f20-9bb4-5bcb6bafbea9.csv"," "
"FUNDO MUN. HABITACAO INTERESSE SOCIAL CRICIUMA",2025,"HABITAÇÃO SOCIAL","Manut. da Gestão da Habitação","Garantir o acesso à moradia digna à população em situação de vulnerabilidade social;- Garantir a titulação do bem imóvel das áreas públicas ocupadas às pessoas de baixa renda e a recuperação urbano-ambiental, motivando o desenvolvimento sócio-economico e o onseqüente resgate da cidadania.","FUNDO MUN. DE HABITAÇÃO DE INTER. SOCIAL","Fundo de Habitação de Interesse Social",Habitação,"Habitação Urbana",1071,"Manut. da Gestão da Habitação","APLICAÇÕES DIRETAS",7,33900000000000,"APLICAÇÕES DIRETAS","FUNDO MUN. HABITACAO INTERESSE SOCIAL CRICIUMA","DESPESAS CORRENTES",90000,37000,127000,42940.29,42596.15,42596.15,42596.15,0.0,42596.15,0,42596.15,0.0,0.0,47.71,33.81,47.33,33.54,47.33,298.15,"fontesRecursos_b56a3f51-eba6-452d-aee9-29a996a995da.csv","informacaoPlanejamento_9469374a-a1bc-49a1-b54e-676b2b00d944.csv","empenhos_b603cf24-7862-4ef2-b686-b5d9d2a25363.csv","suplementacoes_63c6b966-370e-456d-ab97-ddd77215c70d.csv"," "
"FUNDACAO MUNICIPAL DE ESPORTES DE CRICIUMA",2025,"ESPORTE SOCIAL","Manut. da Fundação de Esportes","O programa de formação de equipes de rendimento, busca promover o fortalecimento do esporte regional a internacional, estimularem a competência desportiva e administrativa, além de corresponder as expectativas dos atletas, de vivenciar competições de alto nível e assim explorarem todas as suas potencialidades, elevando o nível técnico e ampliando a base para composição de selecionados representativos em competições oficiais nas diversas modalidades, além, de desenvolver o esporte social junto as comunidades.","FUNDAÇÃO MUN. DE ESPORTES","Fundação de Esportes","Desporto e Lazer","Administração Geral",1093,"Manut. da Fundação de Esportes","APLICAÇÕES DIRETAS",4,44900000000000,"APLICAÇÕES DIRETAS","FUNDACAO MUNICIPAL DE ESPORTES DE CRICIUMA","DESPESAS DE CAPITAL",70000,-45000,25000,14698.75,13004.75,13004.75,13004.75,0.0,11310.75,0,11310.75,1694.0,1694.0,21.0,58.8,18.58,52.02,16.16,221.03,"fontesRecursos_ffeb98f4-e484-4eae-898d-eb8ccd0d7399.csv","informacaoPlanejamento_b81678a2-af9e-42e4-9c30-1d48e704a732.csv","empenhos_fca15740-f388-4e1d-a795-4e13b9a6ebe8.csv","suplementacoes_1f17f1db-79d9-4ffb-bba6-f18e87d7b400.csv"," "
"FUNDACAO MUNICIPAL DE ESPORTES DE CRICIUMA",2025,"ESPORTE SOCIAL","Eventos Esportivos","O programa de formação de equipes de rendimento, busca promover o fortalecimento do esporte regional a internacional, estimularem a competência desportiva e administrativa, além de corresponder as expectativas dos atletas, de vivenciar competições de alto nível e assim explorarem todas as suas potencialidades, elevando o nível técnico e ampliando a base para composição de selecionados representativos em competições oficiais nas diversas modalidades, além, de desenvolver o esporte social junto as comunidades.","FUNDAÇÃO MUN. DE ESPORTES","Fundação de Esportes","Desporto e Lazer",Lazer,1234,"Eventos Esportivos","APLICAÇÕES DIRETAS",10,44900000000000,"APLICAÇÕES DIRETAS","FUNDACAO MUNICIPAL DE ESPORTES DE CRICIUMA","DESPESAS DE CAPITAL",110000,-40000,70000,18800.0,0.0,0,0,0.0,0,0,0,0.0,0,17.09,26.86,0.0,0.0,0.0,0.0,"fontesRecursos_589e5876-64e9-4bfa-a3c8-801d938d88e8.csv","informacaoPlanejamento_21acc25e-3805-45a2-9840-b278af89e8a4.csv","empenhos_5697aba9-3523-4482-b08f-3e5259a5fb7c.csv","suplementacoes_928bd9c4-f736-4de0-a0f9-50595376dc46.csv"," "
"FUNDO MUNICIPAL DE ASSISTENCIA SOCIAL DE CRICIUMA",2025,"GESTÃO DA POLITICA MUNICIPAL DE ASSISTÊNCIA SOCIAL","Manut. da Gestão da Assistência Social","Garantir financiamento para as ações socioassistenciais ofertados através das entidades do município, bem como a estrutura necessária para o funcionamento da gestão de assistência social;- Monitorar e avaliar os serviços socioassistenciais governamentais e não governamentais visando à garantia dos serviços prestados;- Promover a participação de profissionais e conselheiros em eventos afetos à politica de assistência social, com vistas à formação profissional e o exercício do controle social.","FUNDO MUN. DE ASSIST. SOCIAL","Gestão da Assistência Social","Assistência Social","Administração Geral",1066,"Manut. da Gestão da Assistência Social","APLICAÇÕES DIRETAS",2,33900000000000,"APLICAÇÕES DIRETAS","FUNDO MUNICIPAL DE ASSISTENCIA SOCIAL DE CRICIUMA","DESPESAS CORRENTES",40000,2000,42000,24826.0,17912.27,17278.55,17278.55,633.72,17278.55,0,17278.55,633.72,0.0,62.07,59.11,43.2,41.14,43.2,243.08,"fontesRecursos_12008acd-b169-4a3b-ad0a-98185dc0622b.csv","informacaoPlanejamento_88e7caf0-1749-45b7-aebb-1e9082143534.csv","empenhos_96e4e082-8c56-42fd-90b2-74f52ecb568c.csv","suplementacoes_76dd6142-9638-4ded-9457-aefd5d2508b9.csv"," "
"FUNDACAO CULTURAL DE CRICIUMA",2025,"CULTURA PARA TODOS","Manut. da Fundação Cultural","Tem por objetivo incentivar, difundir, fomentar e promover a prática e o desenvolvimento de atividades culturais artísticas e turísticas do Município. Atender melhor as crianças através dos programas disponíveis e os a serem ampliados e melhorados.","FUNDAÇÃO MUN. DE CULTURA","Fundação Mun. de Cultura",Cultura,"Administração Geral",1088,"Manut. da Fundação Cultural","APLICAÇÕES DIRETAS",5,33900000000000,"APLICAÇÕES DIRETAS","FUNDACAO CULTURAL DE CRICIUMA","DESPESAS CORRENTES",2600000,2023196.06,4623196.06,4056269.8,3113662.44,2762376.94,2762376.94,351285.5,2048163.65,0,2048163.65,1065498.79,714213.29,156.01,87.74,106.25,59.75,78.78,225.72,"fontesRecursos_331c2b28-714b-4cec-a024-aa4fa4eb00da.csv","informacaoPlanejamento_760033b0-8a7b-45cc-a419-c525e91602e2.csv","empenhos_2017515a-9bc5-48d7-a0a6-22ad543db71e.csv","suplementacoes_79f2d203-329e-45a6-bc07-67d5ef949323.csv"," "
"FUNDO MUN. HABITACAO INTERESSE SOCIAL CRICIUMA",2025,"HABITAÇÃO SOCIAL","Manut. de Projetos Habitacionais e de Interesse Social","Garantir o acesso à moradia digna à população em situação de vulnerabilidade social;- Garantir a titulação do bem imóvel das áreas públicas ocupadas às pessoas de baixa renda e a recuperação urbano-ambiental, motivando o desenvolvimento sócio-economico e o onseqüente resgate da cidadania.","FUNDO MUN. DE HABITAÇÃO DE INTER. SOCIAL","Fundo de Habitação de Interesse Social",Habitação,"Habitação Urbana",1070,"Manut. de Projetos Habitacionais e de Interesse Social","APLICAÇÕES DIRETAS",3,33900000000000,"APLICAÇÕES DIRETAS","FUNDO MUN. HABITACAO INTERESSE SOCIAL CRICIUMA","DESPESAS CORRENTES",500000,0,500000,216507.58,186892.97,183576.27,183076.27,3816.7,179519.1,0,179519.1,7373.87,3557.17,43.3,43.3,36.72,36.72,35.9,278.52,"fontesRecursos_2737e9ac-5365-45be-9a8d-67818f7935e6.csv","informacaoPlanejamento_e19b867c-dafc-4d4d-bae3-e29eb6a94802.csv","empenhos_40b6cfe3-92bc-4810-a2d9-69b82c7d40ab.csv"," "," "
"FUNDO MUNICIPAL DE ASSISTENCIA SOCIAL DE CRICIUMA",2025,"GESTÃO DA POLITICA MUNICIPAL DE ASSISTÊNCIA SOCIAL","Manut. da Proteção Social Especial - SUAS","Garantir financiamento para as ações socioassistenciais ofertados através das entidades do município, bem como a estrutura necessária para o funcionamento da gestão de assistência social;- Monitorar e avaliar os serviços socioassistenciais governamentais e não governamentais visando à garantia dos serviços prestados;- Promover a participação de profissionais e conselheiros em eventos afetos à politica de assistência social, com vistas à formação profissional e o exercício do controle social.","FUNDO MUN. DE ASSIST. SOCIAL","Gestão da Assistência Social","Assistência Social","Assistência Comunitária",1068,"Manut. da Proteção Social Especial - SUAS","APLICAÇÕES DIRETAS",10,31900000000000,"APLICAÇÕES DIRETAS","FUNDO MUNICIPAL DE ASSISTENCIA SOCIAL DE CRICIUMA","DESPESAS CORRENTES",3550000,-289000,3261000,3226466.65,3154190.94,3143791.0,3143791.0,10399.94,3143791.0,0,3143791.0,10399.94,0.0,90.89,98.94,88.56,96.41,88.56,103.73,"fontesRecursos_d755eee4-346b-400f-8c9e-ca017a8a024e.csv","informacaoPlanejamento_00d063e5-9b8e-4a45-9aed-cf9a39fdd656.csv","empenhos_104f0edb-1880-45f8-a73a-006dfc554792.csv","suplementacoes_0ec22db8-c6ed-45e9-886d-be77649622a7.csv"," "
"FUNDO MUNICIPAL DE ASSISTENCIA SOCIAL DE CRICIUMA",2025,"GESTÃO DA POLITICA MUNICIPAL DE ASSISTÊNCIA SOCIAL","Manut. da Proteção Social Básica - SUAS","Garantir financiamento para as ações socioassistenciais ofertados através das entidades do município, bem como a estrutura necessária para o funcionamento da gestão de assistência social;- Monitorar e avaliar os serviços socioassistenciais governamentais e não governamentais visando à garantia dos serviços prestados;- Promover a participação de profissionais e conselheiros em eventos afetos à politica de assistência social, com vistas à formação profissional e o exercício do controle social.","FUNDO MUN. DE ASSIST. SOCIAL","Gestão da Assistência Social","Assistência Social","Assistência Comunitária",1067,"Manut. da Proteção Social Básica - SUAS","APLICAÇÕES DIRETAS",4,31900000000000,"APLICAÇÕES DIRETAS","FUNDO MUNICIPAL DE ASSISTENCIA SOCIAL DE CRICIUMA","DESPESAS CORRENTES",2765000,1733340.92,4498340.92,4478293.01,4472245.62,4444333.75,4444333.75,27911.87,4444333.75,0,4444333.75,27911.87,0.0,161.96,99.55,160.74,98.8,160.74,101.22,"fontesRecursos_e458068f-08bb-45c5-871e-66c6a2481574.csv","informacaoPlanejamento_e3fb4441-363a-4766-949a-6b39d39b4b35.csv","empenhos_1da8acbe-db25-4412-b6d3-15724c322200.csv","suplementacoes_14543474-d4c4-4c0e-90a8-10be9dddf5e5.csv"," "
"FUNDO MUNICIPAL DE ASSISTENCIA SOCIAL DE CRICIUMA",2025,"GESTÃO DA POLITICA MUNICIPAL DE ASSISTÊNCIA SOCIAL","Manut. da Proteção Social Básica - SUAS","Garantir financiamento para as ações socioassistenciais ofertados através das entidades do município, bem como a estrutura necessária para o funcionamento da gestão de assistência social;- Monitorar e avaliar os serviços socioassistenciais governamentais e não governamentais visando à garantia dos serviços prestados;- Promover a participação de profissionais e conselheiros em eventos afetos à politica de assistência social, com vistas à formação profissional e o exercício do controle social.","FUNDO MUN. DE ASSIST. SOCIAL","Gestão da Assistência Social","Assistência Social","Assistência Comunitária",1067,"Manut. da Proteção Social Básica - SUAS","APLICAÇÕES DIRETAS",7,33900000000000,"APLICAÇÕES DIRETAS","FUNDO MUNICIPAL DE ASSISTENCIA SOCIAL DE CRICIUMA","DESPESAS CORRENTES",4355000,1707759.08,6062759.08,6071628.69,4330687.33,3580387.01,3514489.52,816197.81,3263261.22,3405.5,3259855.72,1070831.61,254633.8,139.42,100.15,82.21,59.06,74.93,185.79,"fontesRecursos_ce8145ea-6e92-43c0-9e40-39085a7969af.csv","informacaoPlanejamento_61c114fa-0c40-406c-9286-ad2d3296e786.csv","empenhos_e5d2c513-0027-4fd3-aa9d-ba245bab34fb.csv","suplementacoes_5de6b729-3487-4397-8669-961211b0b1a5.csv"," "
"FUNDACAO MUNICIPAL DE ESPORTES DE CRICIUMA",2025,"ESPORTE SOCIAL","Manut. da Fundação de Esportes","O programa de formação de equipes de rendimento, busca promover o fortalecimento do esporte regional a internacional, estimularem a competência desportiva e administrativa, além de corresponder as expectativas dos atletas, de vivenciar competições de alto nível e assim explorarem todas as suas potencialidades, elevando o nível técnico e ampliando a base para composição de selecionados representativos em competições oficiais nas diversas modalidades, além, de desenvolver o esporte social junto as comunidades.","FUNDAÇÃO MUN. DE ESPORTES","Fundação de Esportes","Desporto e Lazer","Administração Geral",1093,"Manut. da Fundação de Esportes","APLICAÇÕES DIRETAS",3,33900000000000,"APLICAÇÕES DIRETAS","FUNDACAO MUNICIPAL DE ESPORTES DE CRICIUMA","DESPESAS CORRENTES",6400000,1065000,7465000,7197874.79,5933938.69,5986838.66,5916803.51,17135.18,5757229.25,120.0,5757109.25,176829.44,159694.26,112.47,96.42,93.54,80.2,89.96,129.66,"fontesRecursos_5a36118c-7d8c-4c70-8119-2be81ecc424f.csv","informacaoPlanejamento_8a9a7bd0-eaf2-4641-87fc-b5869a6e14c2.csv","empenhos_8a53f61e-9844-4d63-b02c-112af98ce2bb.csv","suplementacoes_e7527d69-874b-4d08-9c9c-bbdbf34e9121.csv"," "
"FUNDO MUNICIPAL DE INCENTIVO CULTURAL DE CRICIUMA",2025,"CULTURA PARA TODOS","Fundo de Incentivo a Cultura","Tem por objetivo incentivar, difundir, fomentar e promover a prática e o desenvolvimento de atividades culturais artísticas e turísticas do Município. Atender melhor as crianças através dos programas disponíveis e os a serem ampliados e melhorados.","FUNDO MUNICIPAL DE INCENTIVO CULTURAL DE CRICIÚMA","Fundo Municipal de Incentivo Cultural",Cultura,"Difusão Cultural",1091,"Fundo de Incentivo a Cultura","APLICAÇÕES DIRETAS",3,33900000000000,"APLICAÇÕES DIRETAS","FUNDO MUNICIPAL DE INCENTIVO CULTURAL DE CRICIUMA","DESPESAS CORRENTES",390000,71000,461000,55374.38,43327.03,39510.33,39510.33,3816.7,35953.16,0,35953.16,7373.87,3557.17,14.2,12.01,10.13,8.57,9.22,1282.22,"fontesRecursos_83d10ec2-4b3e-4e6f-b06c-687cdd84fe19.csv","informacaoPlanejamento_bccfe482-81ae-435c-ad7b-3787df63716f.csv","empenhos_c0ad8893-2e78-465e-bb2e-bb642c95ae18.csv","suplementacoes_90af6294-8f4f-4902-90f4-7b697e79bda7.csv"," "
"FUNDO MUNICIPAL DE ASSISTENCIA SOCIAL DE CRICIUMA",2025,"GESTÃO DA POLITICA MUNICIPAL DE ASSISTÊNCIA SOCIAL","Manut. da Proteção Social Especial - SUAS","Garantir financiamento para as ações socioassistenciais ofertados através das entidades do município, bem como a estrutura necessária para o funcionamento da gestão de assistência social;- Monitorar e avaliar os serviços socioassistenciais governamentais e não governamentais visando à garantia dos serviços prestados;- Promover a participação de profissionais e conselheiros em eventos afetos à politica de assistência social, com vistas à formação profissional e o exercício do controle social.","FUNDO MUN. DE ASSIST. SOCIAL","Gestão da Assistência Social","Assistência Social","Assistência Comunitária",1068,"Manut. da Proteção Social Especial - SUAS","APLICAÇÕES DIRETAS",13,33900000000000,"APLICAÇÕES DIRETAS","FUNDO MUNICIPAL DE ASSISTENCIA SOCIAL DE CRICIUMA","DESPESAS CORRENTES",3240000,2283760.62,5523760.62,5567024.95,4680530.63,4342742.7,4259583.7,420946.93,4249077.02,2579.61,4246497.41,434033.22,13086.29,171.82,100.78,134.04,78.62,131.14,130.0,"fontesRecursos_7e369ab6-3c5c-41ab-88b0-1b7f49c42b36.csv","informacaoPlanejamento_9a42c52c-ba0a-4010-a690-d64a1ffed68f.csv","empenhos_160d82b2-50c3-409e-94bc-f65e80b50452.csv","suplementacoes_97810b00-41c0-44d7-8fc4-3dd71838838d.csv"," "
"FUNDACAO CULTURAL DE CRICIUMA",2025,"CULTURA PARA TODOS","Desenvolvimento Artistico e Cultural","Tem por objetivo incentivar, difundir, fomentar e promover a prática e o desenvolvimento de atividades culturais artísticas e turísticas do Município. Atender melhor as crianças através dos programas disponíveis e os a serem ampliados e melhorados.","FUNDAÇÃO MUN. DE CULTURA","Fundação Mun. de Cultura",Cultura,"Patrimônio Histórico, Artístico e Arqueológico",1089,"Desenvolvimento Artistico e Cultural","APLICAÇÕES DIRETAS",9,33900000000000,"APLICAÇÕES DIRETAS","FUNDACAO CULTURAL DE CRICIUMA","DESPESAS CORRENTES",850000,1476406.94,2326406.94,1396968.43,1365973.98,1352498.98,1352498.98,13475.0,1285095.29,0,1285095.29,80878.69,67403.69,164.35,60.05,159.12,58.14,151.19,181.03,"fontesRecursos_3b5b3995-0218-473a-8025-764d6b00806d.csv","informacaoPlanejamento_1b582c62-3080-446b-89f0-3b0999823fd9.csv","empenhos_c3a4a4a3-52d5-4552-8a5b-51e73f22db65.csv","suplementacoes_6b9b6327-f109-43bd-9c5a-c0837bf27fa4.csv","Recursos Ordinários"
"PREFEITURA MUNICIPAL DE CRICIUMA",2025,"GESTÃO FISCAL E FINANCEIRA","Manut. do Controle Interno","Que as receitas possam crescer o suficiente para podermos cobrir as despesas fixas, e ainda obtermos sobra para os investimentos.","SEC. MUN. DA FAZENDA","Arrecadação e Fiscalização",Administração,"Controle Interno",1021,"Manut. do Controle Interno","APLICAÇÕES DIRETAS",83,33900000000000,"APLICAÇÕES DIRETAS","PREFEITURA MUNICIPAL DE CRICIUMA","DESPESAS CORRENTES",30000,-27680.73,2319.27,2152.06,116.46,116.46,116.46,0.0,116.46,0,116.46,0.0,0.0,7.17,92.79,0.39,5.02,0.39,1991.47,"fontesRecursos_a6f8b827-a7d3-46d3-9b96-f54a68f6fbba.csv","informacaoPlanejamento_32e314c9-01a9-484e-996a-8e455b792eab.csv","empenhos_7631fde6-6a2d-4a44-8c10-6853f135b4b1.csv","suplementacoes_798263f1-bce3-46c4-b7ea-00760e3d1e18.csv"," "
"FUNDO MUN. SANEAMENTO BASICO DE CRICIUMA - FUNSAB",2025,"SANEAMENTO BÁSICO MUNICIPAL (AGUA E ESGOTO)","Recuperação de pavimentação asfáltica de Obras de Infraestrutura - Convênio/Casan","Criar as condições para que com o Contrato de Programa PMC/CASAN, possa o município ser parceiro na administração dos sistemas de distribuição de água e de coleta do esgoto sanitário e possa usar recursos desse Contrato para melhorar a drenagem urbana e para desassoriar rios da região.","FUNDO MUN. DE SANEAMENTO BASICO-FUNSAB","Convênios com o Estado",Saneamento,"Infra-Estrutura Urbana",1214,"Recuperação de pavimentação asfáltica de Obras de Infraestrutura - Convênio/Casan","APLICAÇÕES DIRETAS",8,44900000000000,"APLICAÇÕES DIRETAS","FUNDO MUN. SANEAMENTO BASICO DE CRICIUMA - FUNSAB","DESPESAS DE CAPITAL",27100000,0,27100000,0,0,0,0,0,0,0,0,0,0,0.0,0.0,0.0,0.0,0.0,0.0,"fontesRecursos_47315e61-4234-45c5-8d4a-b69c8dfecb75.csv","informacaoPlanejamento_c3424845-30f4-4443-9de8-34aacf9a126d.csv"," "," "," "
"FUNDO MUN. SANEAMENTO BASICO DE CRICIUMA - FUNSAB",2025,"SANEAMENTO BÁSICO MUNICIPAL (AGUA E ESGOTO)","manut. do Sistema de Saneamento Básico - Contrato CASAN/FUNSAB","Criar as condições para que com o Contrato de Programa PMC/CASAN, possa o município ser parceiro na administração dos sistemas de distribuição de água e de coleta do esgoto sanitário e possa usar recursos desse Contrato para melhorar a drenagem urbana e para desassoriar rios da região.","FUNDO MUN. DE SANEAMENTO BASICO-FUNSAB","Convênios com o Estado",Saneamento,"Saneamento Básico Urbano",1097,"manut. do Sistema de Saneamento Básico - Contrato CASAN/FUNSAB","APLICAÇÕES DIRETAS",6,44900000000000,"APLICAÇÕES DIRETAS","FUNDO MUN. SANEAMENTO BASICO DE CRICIUMA - FUNSAB","DESPESAS DE CAPITAL",100000,0,100000,0,0,0,0,0,0,0,0,0,0,0.0,0.0,0.0,0.0,0.0,0.0,"fontesRecursos_e0447cb9-5948-4388-b88c-e98830116958.csv","informacaoPlanejamento_02759c61-0482-45cd-8f77-5cb02058e585.csv"," "," "," "
"PREFEITURA MUNICIPAL DE CRICIUMA",2025,"AVANÇAR CRICIUMA","Fundo 169","Elaborar projetos arquitetônicos, urbanísticos e geométricos (rodoviários) de espaços públicos; Revisar e regulamentar constantemente a legislação urbanística do Plano Diretor; Executar obras de edificações e espaços públicos de interesse da coletividade. Garantir o desenvolvimento econômico do município por meio de execução de obras significativas ao crescimento urbano.Tornar à cidade mais humanizada, bonita e agradável de se viver, sempre em conformidade com o novo Plano Diretor do Municipio.","SEC. M. DE INFRAEST.,PLANEJ. E MOBILIDADE URBANA","Manut. Fdo. de Desenvolvimento Municipal/FUNDEM",Administração,"Administração Geral",1231,"Fundo 169","APLICAÇÕES DIRETAS",217,44900000000000,"APLICAÇÕES DIRETAS","PREFEITURA MUNICIPAL DE CRICIUMA","DESPESAS DE CAPITAL",1500000,0,1500000,0,0,0,0,0,0,0,0,0,0,0.0,0.0,0.0,0.0,0.0,0.0,"fontesRecursos_de7f9c8e-47e8-4844-b4a0-a4f2b71c09e7.csv","informacaoPlanejamento_548600fd-e19f-4942-b013-e1191b69abb8.csv"," "," "," "
"PREFEITURA MUNICIPAL DE CRICIUMA",2025,"AVANÇAR CRICIUMA","Manutenção/Parque Turístico/Ecológico/Mina de Visitação Octávio Fontana","Elaborar projetos arquitetônicos, urbanísticos e geométricos (rodoviários) de espaços públicos; Revisar e regulamentar constantemente a legislação urbanística do Plano Diretor; Executar obras de edificações e espaços públicos de interesse da coletividade. Garantir o desenvolvimento econômico do município por meio de execução de obras significativas ao crescimento urbano.Tornar à cidade mais humanizada, bonita e agradável de se viver, sempre em conformidade com o novo Plano Diretor do Municipio.","SEC. M. DE INFRAEST.,PLANEJ. E MOBILIDADE URBANA",Obras,Urbanismo,Turismo,1230,"Manutenção/Parque Turístico/Ecológico/Mina de Visitação Octávio Fontana","APLICAÇÕES DIRETAS",181,44900000000000,"APLICAÇÕES DIRETAS","PREFEITURA MUNICIPAL DE CRICIUMA","DESPESAS DE CAPITAL",6000000,-2000000,4000000,0,0,0,0,0,0,0,0,0,0,0.0,0.0,0.0,0.0,0.0,0.0,"fontesRecursos_08f44403-f75f-475f-8942-22c230c9060a.csv","informacaoPlanejamento_0cd1e974-5e34-4fed-a4b4-a6721d755034.csv"," ","suplementacoes_5c121b7d-4887-4030-957a-f51984bfe5be.csv"," "
"PREFEITURA MUNICIPAL DE CRICIUMA",2025,"CONSCIENTIZAÇÃO AMBIENTAL","Manut. de Horto Florestal / Parque Ecológico ""José Milanese""","Incentivar a conscientização ambiental entre os cidadãos e promover a conservação do meio ambiente para a melhoria da qualidade de vida.","SEC. M. DE INFRAEST.,PLANEJ. E MOBILIDADE URBANA","Diretoria Municipal de Meio Ambiente de Criciúma","Gestão Ambiental","Preservação e Conservação Ambiental",1222,"Manut. de Horto Florestal / Parque Ecológico ""José Milanese""","APLICAÇÕES DIRETAS",223,44900000000000,"APLICAÇÕES DIRETAS","PREFEITURA MUNICIPAL DE CRICIUMA","DESPESAS DE CAPITAL",740000,0,740000,0,0,0,0,0,0,0,0,0,0,0.0,0.0,0.0,0.0,0.0,0.0,"fontesRecursos_318f369c-1560-43ea-be83-1c90da697153.csv","informacaoPlanejamento_1310be8a-c5f2-40e1-bdd0-df82c45d389a.csv"," "," "," "
"PREFEITURA MUNICIPAL DE CRICIUMA",2025,"AVANÇAR CRICIUMA","Fundo 169","Elaborar projetos arquitetônicos, urbanísticos e geométricos (rodoviários) de espaços públicos; Revisar e regulamentar constantemente a legislação urbanística do Plano Diretor; Executar obras de edificações e espaços públicos de interesse da coletividade. Garantir o desenvolvimento econômico do município por meio de execução de obras significativas ao crescimento urbano.Tornar à cidade mais humanizada, bonita e agradável de se viver, sempre em conformidade com o novo Plano Diretor do Municipio.","SEC. M. DE INFRAEST.,PLANEJ. E MOBILIDADE URBANA","Manut. Fdo. de Desenvolvimento Municipal/FUNDEM",Administração,"Administração Geral",1231,"Fundo 169","APLICAÇÕES DIRETAS",216,33900000000000,"APLICAÇÕES DIRETAS","PREFEITURA MUNICIPAL DE CRICIUMA","DESPESAS CORRENTES",1500000,0,1500000,0,0,0,0,0,0,0,0,0,0,0.0,0.0,0.0,0.0,0.0,0.0,"fontesRecursos_c71a7095-7a8e-489e-a8ff-c3b856b21146.csv","informacaoPlanejamento_9c7e9947-319e-469b-bb61-642fd0bfdef4.csv"," "," "," "
"PREFEITURA MUNICIPAL DE CRICIUMA",2025,"GESTÃO ADMINISTRATIVA","Manut. da Diretoria de Transito e Transporte","Planejar a gestão publica atraves de implementações de dados gerenciais visando a redução de custos, e estrategicas na defesa civil do municipio.","GABINETE DO PREFEITO","Diretoria de Transito e Transporte",Urbanismo,"Infra-Estrutura Urbana",1013,"Manut. da Diretoria de Transito e Transporte","TRANSFERÊNCIAS A ESTADOS E AO DISTRITO FEDERAL",41,33300000000000,"TRANSFERÊNCIAS A ESTADOS E AO DISTRITO FEDERAL","PREFEITURA MUNICIPAL DE CRICIUMA","DESPESAS CORRENTES",500000,0,500000,0,0,0,0,0,0,0,0,0,0,0.0,0.0,0.0,0.0,0.0,0.0,"fontesRecursos_5bde2a04-9ad5-4df3-b0a8-9d1107f91913.csv","informacaoPlanejamento_306e680a-423b-45e2-9e96-6ffff73abc51.csv"," "," "," "
"PREFEITURA MUNICIPAL DE CRICIUMA",2025,"GESTÃO ADMINISTRATIVA","FUNDO MUN. DE COMBATE SUBST. ENTORPECENTES - FUCOM","Planejar a gestão publica atraves de implementações de dados gerenciais visando a redução de custos, e estrategicas na defesa civil do municipio.","GABINETE DO PREFEITO","FDO. MUN. COMBATE SUBST. ENTORPECENTES - FUCOM","Assistência Social","Assistência à Criança e ao Adolescente",1242,"FUNDO MUN. DE COMBATE SUBST. ENTORPECENTES - FUCOM","APLICAÇÕES DIRETAS",37,44900000000000,"APLICAÇÕES DIRETAS","PREFEITURA MUNICIPAL DE CRICIUMA","DESPESAS DE CAPITAL",3000000,0,3000000,0,0,0,0,0,0,0,0,0,0,0.0,0.0,0.0,0.0,0.0,0.0,"fontesRecursos_47f96ebb-8afe-4550-9dbf-88f45e478a4a.csv","informacaoPlanejamento_0ef84442-076a-498c-9e32-773c0015af14.csv"," "," "," "
"PREFEITURA MUNICIPAL DE CRICIUMA",2025,"GESTÃO ADMINISTRATIVA","Manut. da Direitoria de Tecnologia da Informação","Planejar a gestão publica atraves de implementações de dados gerenciais visando a redução de custos, e estrategicas na defesa civil do municipio.","GABINETE DO PREFEITO","Diretoria Executiva de Tecnologia de Informação",Administração,"Tecnologia da Informatização",1010,"Manut. da Direitoria de Tecnologia da Informação","APLICAÇÕES DIRETAS",33,31900000000000,"APLICAÇÕES DIRETAS","PREFEITURA MUNICIPAL DE CRICIUMA","DESPESAS CORRENTES",1000000,-940457.1,59542.9,59542.9,59542.9,59542.9,59542.9,0.0,59542.9,0,59542.9,0.0,0.0,5.95,100.0,5.95,100.0,5.95,100.0,"fontesRecursos_035e71fb-3e1d-41bf-b831-2dd1f5f32e5c.csv","informacaoPlanejamento_53d89264-58c2-4be1-9e98-f6a373209836.csv","empenhos_9d3c4b07-8292-4c74-a0c2-7579a55b10ff.csv","suplementacoes_54999de1-dfd6-484f-a116-c87404a12a1d.csv"," "
"PREFEITURA MUNICIPAL DE CRICIUMA",2025,"DEFENSORIA PUBLICA","Manut. da Casa da Cidadania","Para que os processos e ações movidas contra ou a favor o municipio, possam ser estudado e receberem o tratamento necessario.","PROCURADORIA GERAL DO MUNICIPIO","Casa da Cidadania","Direitos da Cidadania","Direitos Individuais, Coletivos e Difusos",1017,"Manut. da Casa da Cidadania","APLICAÇÕES DIRETAS",55,44900000000000,"APLICAÇÕES DIRETAS","PREFEITURA MUNICIPAL DE CRICIUMA","DESPESAS DE CAPITAL",50000,-50000,0,0,0,0,0,0,0,0,0,0,0,0.0,0.0,0.0,0.0,0.0,0.0,"fontesRecursos_102fc555-3683-4fd1-8d0e-a7ca8c188af6.csv","informacaoPlanejamento_9bc076d5-6793-436c-89f0-b4426a252b6c.csv"," ","suplementacoes_fb66c481-5500-4c5a-a398-3603feec601d.csv"," "
"PREFEITURA MUNICIPAL DE CRICIUMA",2025,"DEFENSORIA PUBLICA","Manut. da Casa da Cidadania","Para que os processos e ações movidas contra ou a favor o municipio, possam ser estudado e receberem o tratamento necessario.","PROCURADORIA GERAL DO MUNICIPIO","Casa da Cidadania","Direitos da Cidadania","Direitos Individuais, Coletivos e Difusos",1017,"Manut. da Casa da Cidadania","APLICAÇÕES DIRETAS",53,31900000000000,"APLICAÇÕES DIRETAS","PREFEITURA MUNICIPAL DE CRICIUMA","DESPESAS CORRENTES",50000,0,50000,0,0,0,0,0,0,0,0,0,0,0.0,0.0,0.0,0.0,0.0,0.0,"fontesRecursos_42e73329-12dd-4ebe-bf56-c024881ffe2e.csv","informacaoPlanejamento_4a6d8c31-bbd0-46ac-9861-060ff45a047f.csv"," "," "," "
"PREFEITURA MUNICIPAL DE CRICIUMA",2025,"GESTÃO ADMINISTRATIVA","FUNDO MUN. DE COMBATE SUBST. ENTORPECENTES - FUCOM","Planejar a gestão publica atraves de implementações de dados gerenciais visando a redução de custos, e estrategicas na defesa civil do municipio.","GABINETE DO PREFEITO","FDO. MUN. COMBATE SUBST. ENTORPECENTES - FUCOM","Assistência Social","Assistência à Criança e ao Adolescente",1242,"FUNDO MUN. DE COMBATE SUBST. ENTORPECENTES - FUCOM","APLICAÇÕES DIRETAS",36,33900000000000,"APLICAÇÕES DIRETAS","PREFEITURA MUNICIPAL DE CRICIUMA","DESPESAS CORRENTES",1100000,0,1100000,0,0,0,0,0,0,0,0,0,0,0.0,0.0,0.0,0.0,0.0,0.0,"fontesRecursos_d5ca2e99-2ce5-4a51-affc-31b42e4ecfee.csv","informacaoPlanejamento_13da8166-696a-4e18-8b90-cbf8b50f53e5.csv"," "," "," "
"PREFEITURA MUNICIPAL DE CRICIUMA",2025,"GESTÃO ADMINISTRATIVA","Manut. da Junta do Serviço Militar","Planejar a gestão publica atraves de implementações de dados gerenciais visando a redução de custos, e estrategicas na defesa civil do municipio.","GABINETE DO PREFEITO","Junta do Serviço Militar",Administração,"Administração Geral",1005,"Manut. da Junta do Serviço Militar","APLICAÇÕES DIRETAS",24,31900000000000,"APLICAÇÕES DIRETAS","PREFEITURA MUNICIPAL DE CRICIUMA","DESPESAS CORRENTES",70000,0,70000,0,0,0,0,0,0,0,0,0,0,0.0,0.0,0.0,0.0,0.0,0.0,"fontesRecursos_abcb7da6-0ac3-4f19-935b-50adfe28f0ae.csv","informacaoPlanejamento_273a6ccd-60ea-4a6e-88d4-9019ed234786.csv"," "," "," "
"PREFEITURA MUNICIPAL DE CRICIUMA",2025,"GESTÃO ADMINISTRATIVA","Manut. da Secretaria Geral","Planejar a gestão publica atraves de implementações de dados gerenciais visando a redução de custos, e estrategicas na defesa civil do municipio.","GABINETE DO PREFEITO","Gabinete do Prefeito",Administração,"Administração Geral",1003,"Manut. da Secretaria Geral","APLICAÇÕES DIRETAS",4,31900000000000,"APLICAÇÕES DIRETAS","PREFEITURA MUNICIPAL DE CRICIUMA","DESPESAS CORRENTES",250000,0,250000,0,0,0,0,0,0,0,0,0,0,0.0,0.0,0.0,0.0,0.0,0.0,"fontesRecursos_78b909e7-9b48-4260-9511-4ec0a9707a3c.csv","informacaoPlanejamento_d3046090-a4c9-4d6c-a61e-0193df4aaa1c.csv"," "," "," "
"PREFEITURA MUNICIPAL DE CRICIUMA",2025,"GESTÃO ADMINISTRATIVA","Manut. Fdo de Proteção e Defesa Civil","Planejar a gestão publica atraves de implementações de dados gerenciais visando a redução de custos, e estrategicas na defesa civil do municipio.","SEC. M. DE INFRAEST.,PLANEJ. E MOBILIDADE URBANA",Obras,"Segurança Pública","Defesa Civil",1008,"Manut. Fdo de Proteção e Defesa Civil","APLICAÇÕES DIRETAS",170,31900000000000,"APLICAÇÕES DIRETAS","PREFEITURA MUNICIPAL DE CRICIUMA","DESPESAS CORRENTES",1600000,-1436682.92,163317.08,163317.08,163317.08,163317.08,163317.08,0.0,163317.08,0,163317.08,0.0,0.0,10.21,100.0,10.21,100.0,10.21,100.0,"fontesRecursos_1efb30a4-8b64-4aac-a217-ca5f11ce4942.csv","informacaoPlanejamento_f63ad0b3-5570-4bab-b555-617d24fe8d61.csv","empenhos_15501546-44a0-489f-9f5d-905decd56005.csv","suplementacoes_6b32dcae-9ebd-45a6-aee5-ebe8e61930d0.csv"," "
"PREFEITURA MUNICIPAL DE CRICIUMA",2025,"GESTÃO ADMINISTRATIVA","Manut. da Junta do Serviço Militar","Planejar a gestão publica atraves de implementações de dados gerenciais visando a redução de custos, e estrategicas na defesa civil do municipio.","GABINETE DO PREFEITO","Junta do Serviço Militar",Administração,"Administração Geral",1005,"Manut. da Junta do Serviço Militar","APLICAÇÕES DIRETAS",26,44900000000000,"APLICAÇÕES DIRETAS","PREFEITURA MUNICIPAL DE CRICIUMA","DESPESAS DE CAPITAL",10000,0,10000,0,0,0,0,0,0,0,0,0,0,0.0,0.0,0.0,0.0,0.0,0.0,"fontesRecursos_4b6ca038-bc29-455b-a1b8-a40327cf9c64.csv","informacaoPlanejamento_13ecf250-273e-461f-9720-1dae7aa78293.csv"," "," "," "
"PREFEITURA MUNICIPAL DE CRICIUMA",2025,"DIVERSIDADE ETNICO-RACIAL/PERSPECTIVA INCLUSIVA","Diversidade Etnica Racial","Reduzir as desigualdades raciais existentes nas estruturas de poder e que perpassam o sistema sócio/educacional/econômico no município, atendendo o ensino da educação básica e seus profissionais no processo das relações sociais de diversidade étnico-racial. Adquirir livros de literatura infanto-juvenil, brinquedos ejogos. Promover o I Seminário de Africanidades.","SEC. MUN. DE EDUCAÇÃO","Diversidade Étnica Racial",Educação,"Ensino Fundamental",1044,"Diversidade Etnica Racial","APLICAÇÕES DIRETAS",157,44900000000000,"APLICAÇÕES DIRETAS","PREFEITURA MUNICIPAL DE CRICIUMA","DESPESAS DE CAPITAL",20000,-20000,0,0,0,0,0,0,0,0,0,0,0,0.0,0.0,0.0,0.0,0.0,0.0,"fontesRecursos_a2428ec3-9eda-4590-802f-c34425e152b5.csv","informacaoPlanejamento_d6936d50-30e8-43f1-8da6-9bea1fb7490d.csv"," ","suplementacoes_7adce7dc-c6fc-4327-8747-71e6747c0c31.csv"," "
"PREFEITURA MUNICIPAL DE CRICIUMA",2025,"GESTÃO DE QUALIDADE - PROEJA - PROGRAMA DE EDUCAÇÃO DE EDUCAÇÃO DE JOVENS E ADULTOS","Alfabetização de Jovens e Adultos","Ampliar o acesso e permanencia dos jovens e adultos sem escolaridade no PROEJA; Qualificar profissionalmente os jovens e adultos atencidos pelo Programa, por meio de parcerias; Criar uma unidade Polo do Programa (NEJAC - Nucleo Educacional de Jovens e Adultos de Criciuma).","SEC. MUN. DE EDUCAÇÃO","Alfabetização de Jovens e Adultos - PROEJA",Educação,"Ensino Fundamental",1040,"Alfabetização de Jovens e Adultos","APLICAÇÕES DIRETAS",125,44900000000000,"APLICAÇÕES DIRETAS","PREFEITURA MUNICIPAL DE CRICIUMA","DESPESAS DE CAPITAL",200000,-100000,100000,0,0,0,0,0,0,0,0,0,0,0.0,0.0,0.0,0.0,0.0,0.0,"fontesRecursos_5cb22102-b9b5-4616-92b7-99e2159fdb94.csv","informacaoPlanejamento_3dd32c23-343b-4e64-9d1f-4ace115e0b3f.csv"," ","suplementacoes_2ac867ef-21d9-4966-8ee7-4579069b04c1.csv"," "
"PREFEITURA MUNICIPAL DE CRICIUMA",2025,"GESTÃO FISCAL E FINANCEIRA","Manut. do Controle Interno","Que as receitas possam crescer o suficiente para podermos cobrir as despesas fixas, e ainda obtermos sobra para os investimentos.","SEC. MUN. DA FAZENDA","Arrecadação e Fiscalização",Administração,"Controle Interno",1021,"Manut. do Controle Interno","APLICAÇÕES DIRETAS",82,31900000000000,"APLICAÇÕES DIRETAS","PREFEITURA MUNICIPAL DE CRICIUMA","DESPESAS CORRENTES",1000000,-933305.76,66694.24,66694.24,66694.24,66694.24,66694.24,0.0,66694.24,0,66694.24,0.0,0.0,6.67,100.0,6.67,100.0,6.67,100.0,"fontesRecursos_f98cd9f1-6545-4c86-a7be-d1adf4863ab4.csv","informacaoPlanejamento_614884c1-65b2-4bc9-9602-e2a49781266f.csv","empenhos_65ae2305-45d3-48f6-84d1-d1dd93439379.csv","suplementacoes_46e36055-14e6-45b9-84cf-db3b504c552c.csv"," "
"PREFEITURA MUNICIPAL DE CRICIUMA",2025,"GESTÃO FISCAL E FINANCEIRA","Manut. da Arrecadação, Fiscalização, Cadastro Imobiliario","Que as receitas possam crescer o suficiente para podermos cobrir as despesas fixas, e ainda obtermos sobra para os investimentos.","SEC. MUN. DA FAZENDA","Arrecadação e Fiscalização",Administração,"Administração Geral",1022,"Manut. da Arrecadação, Fiscalização, Cadastro Imobiliario","APLICAÇÃO DIRETA DECORRENTE DE OPERAÇÃO DE ÓRGÃOS, FUNDOS E ENTIDADES INTEGRANTES DOS ORÇAMENTOS FISCAL E DA SEGURIDADE SOCIAL COM CONSÓRCIO PÚBLICO D",87,33930000000000,"APLICAÇÃO DIRETA DECORRENTE DE OPERAÇÃO DE ÓRGÃOS, FUNDOS E ENTIDADES INTEGRANTES DOS ORÇAMENTOS FISCAL E DA SEGURIDADE SOCIAL COM CONSÓRCIO PÚBLICO D","PREFEITURA MUNICIPAL DE CRICIUMA","DESPESAS CORRENTES",50000,0,50000,0,0,0,0,0,0,0,0,0,0,0.0,0.0,0.0,0.0,0.0,0.0,"fontesRecursos_223a44fa-5ee4-4d91-ad80-ec11a25b74b4.csv","informacaoPlanejamento_fbe2fc91-70e6-4f7d-808c-629498ba371c.csv"," "," "," "
"PREFEITURA MUNICIPAL DE CRICIUMA",2025,"GESTÃO FISCAL E FINANCEIRA","Manut. do Recurso Humanos, Admissões por Concursos, Capacitação Profis.","Que as receitas possam crescer o suficiente para podermos cobrir as despesas fixas, e ainda obtermos sobra para os investimentos.","SEC. MUN. DA FAZENDA","Gab. Secretaria da Fazenda",Administração,"Administração Geral",1020,"Manut. do Recurso Humanos, Admissões por Concursos, Capacitação Profis.","APLICAÇÕES DIRETAS",68,44900000000000,"APLICAÇÕES DIRETAS","PREFEITURA MUNICIPAL DE CRICIUMA","DESPESAS DE CAPITAL",300000,-300000,0,0,0,0,0,0,0,0,0,0,0,0.0,0.0,0.0,0.0,0.0,0.0,"fontesRecursos_25b4d011-3878-4a4a-abf0-fa72dc31ee95.csv","informacaoPlanejamento_e90d67ad-63bf-4b9b-8d04-e5caaed344cf.csv"," ","suplementacoes_ee7f908a-c90a-4f65-800f-30e4e7b58c7c.csv"," "
"PREFEITURA MUNICIPAL DE CRICIUMA",2025,"GESTÃO FISCAL E FINANCEIRA","Manut. do Gabinete do Secretario da Fazenda","Que as receitas possam crescer o suficiente para podermos cobrir as despesas fixas, e ainda obtermos sobra para os investimentos.","SEC. MUN. DA FAZENDA","Gab. Secretaria da Fazenda",Administração,"Administração Geral",1019,"Manut. do Gabinete do Secretario da Fazenda","APLICAÇÕES DIRETAS",64,44900000000000,"APLICAÇÕES DIRETAS","PREFEITURA MUNICIPAL DE CRICIUMA","DESPESAS DE CAPITAL",50000,0,50000,0,0,0,0,0,0,0,0,0,0,0.0,0.0,0.0,0.0,0.0,0.0,"fontesRecursos_13ef007a-a868-4d23-9a3d-83746c7c063e.csv","informacaoPlanejamento_cf43b520-6722-4fba-b585-0d455d93496b.csv"," "," "," "
"PREFEITURA MUNICIPAL DE CRICIUMA",2025,"GESTÃO DE QUALIDADE NO ENSINO","Parque Astronômico","Garantir espaço educativo adequado para a promoção da formação humana; fornecer materiais de consumo e didático, generos alimenticios, limpeza e outros paa as escolas e CEIMs; Acompanhar e das suporte administrativo e financeiro as Unidades Escolares; Manter e ampliar os espaços fisicos internos e externos das escolas e CEIMs.","SEC. MUN. DE EDUCAÇÃO","Parque Astronômico",Educação,"Ensino Fundamental",1226,"Parque Astronômico","APLICAÇÕES DIRETAS",159,44900000000000,"APLICAÇÕES DIRETAS","PREFEITURA MUNICIPAL DE CRICIUMA","DESPESAS DE CAPITAL",6500000,-500000,6000000,0,0,0,0,0,0,0,0,0,0,0.0,0.0,0.0,0.0,0.0,0.0,"fontesRecursos_089cf0d6-9483-4308-922f-9715e0794555.csv","informacaoPlanejamento_4571cd00-e10b-4c2c-8a62-afe735de7297.csv"," ","suplementacoes_6b14d636-29c6-43d1-9df6-9711e2ef1ca1.csv"," "
"PREFEITURA MUNICIPAL DE CRICIUMA",2025,"GESTÃO DE QUALIDADE NO ENSINO","Transporte Escolar","Garantir espaço educativo adequado para a promoção da formação humana; fornecer materiais de consumo e didático, generos alimenticios, limpeza e outros paa as escolas e CEIMs; Acompanhar e das suporte administrativo e financeiro as Unidades Escolares; Manter e ampliar os espaços fisicos internos e externos das escolas e CEIMs.","SEC. MUN. DE EDUCAÇÃO","Aquisição de Veículos/Transp. de Alunos",Educação,"Ensino Fundamental",1035,"Transporte Escolar","APLICAÇÕES DIRETAS",141,44900000000000,"APLICAÇÕES DIRETAS","PREFEITURA MUNICIPAL DE CRICIUMA","DESPESAS DE CAPITAL",1150000,-1096000,54000,0,0,0,0,0,0,0,0,0,0,0.0,0.0,0.0,0.0,0.0,0.0,"fontesRecursos_e001d9a4-d476-4e51-83f0-f31fa85cca2e.csv","informacaoPlanejamento_6c1142a0-73aa-4900-9517-1ea0603f208b.csv"," ","suplementacoes_6fa90481-781d-40fa-9600-f629d8b17b88.csv"," "
"PREFEITURA MUNICIPAL DE CRICIUMA",2025,"GESTÃO FISCAL E FINANCEIRA","Manut. Fdo. Gerência de Agricultura e Agronegócio","Que as receitas possam crescer o suficiente para podermos cobrir as despesas fixas, e ainda obtermos sobra para os investimentos.","SEC. MUN. DA FAZENDA",Agricultura,Agricultura,"Extensão Rural",1026,"Manut. Fdo. Gerência de Agricultura e Agronegócio","APLICAÇÕES DIRETAS",90,31900000000000,"APLICAÇÕES DIRETAS","PREFEITURA MUNICIPAL DE CRICIUMA","DESPESAS CORRENTES",880000,-801310.22,78689.78,78689.78,78689.78,78689.78,78689.78,0.0,78689.78,0,78689.78,0.0,0.0,8.94,100.0,8.94,100.0,8.94,100.0,"fontesRecursos_c4efdc89-9d3b-40e6-8c58-09adb59c281f.csv","informacaoPlanejamento_7758f1b9-7090-4fc9-9e72-ef9adafd49ee.csv","empenhos_91d723b8-b98a-406a-8abf-743e63ef7133.csv","suplementacoes_019c9b07-6838-4925-92c7-42b1e609b27d.csv"," "
"PREFEITURA MUNICIPAL DE CRICIUMA",2025,"GESTÃO FISCAL E FINANCEIRA","Manut. Fdo. Gerência de Agricultura e Agronegócio","Que as receitas possam crescer o suficiente para podermos cobrir as despesas fixas, e ainda obtermos sobra para os investimentos.","SEC. MUN. DA FAZENDA",Agricultura,Agricultura,"Extensão Rural",1026,"Manut. Fdo. Gerência de Agricultura e Agronegócio","TRANSFERÊNCIAS A INSTITUIÇÕES PRIVADAS SEM FINS LUCRATIVOS",91,33500000000000,"TRANSFERÊNCIAS A INSTITUIÇÕES PRIVADAS SEM FINS LUCRATIVOS","PREFEITURA MUNICIPAL DE CRICIUMA","DESPESAS CORRENTES",20000,-20000,0,0,0,0,0,0,0,0,0,0,0,0.0,0.0,0.0,0.0,0.0,0.0,"fontesRecursos_4fe47c7d-4a4d-46c7-8e6a-d24730296aa3.csv","informacaoPlanejamento_1e11dcd2-7c67-4bbc-9e7f-661e134e3f3c.csv"," ","suplementacoes_2eba0881-b576-4b4b-9bc8-1399b10cb57b.csv"," "
"PREFEITURA MUNICIPAL DE CRICIUMA",2025,"GESTÃO FISCAL E FINANCEIRA","Manut. Fdo. Gerência de Agricultura e Agronegócio","Que as receitas possam crescer o suficiente para podermos cobrir as despesas fixas, e ainda obtermos sobra para os investimentos.","SEC. MUN. DA FAZENDA",Agricultura,Agricultura,"Extensão Rural",1026,"Manut. Fdo. Gerência de Agricultura e Agronegócio","APLICAÇÕES DIRETAS",95,44900000000000,"APLICAÇÕES DIRETAS","PREFEITURA MUNICIPAL DE CRICIUMA","DESPESAS DE CAPITAL",720000,-720000,0,0,0,0,0,0,0,0,0,0,0,0.0,0.0,0.0,0.0,0.0,0.0,"fontesRecursos_f35ad5ae-c785-4673-a936-b51aca303d26.csv","informacaoPlanejamento_e1a9979f-19ab-4f5e-b28e-4a655a91e7e8.csv"," ","suplementacoes_235cd941-a8b0-4350-a628-2ef04f03304e.csv"," "
"PREFEITURA MUNICIPAL DE CRICIUMA",2025,"ESPAÇO DE FORMAÇÃO E PESQUISA ""THEREZA DÁRIO MILANEZZI""","Centro de Formação Municipal Thereza Dário Milanezzi","Promover a cultura de formação continuada de profissionais que atuam na rede municipal de educação. Proporcionar um espaço adequado para pesquisas e leituras dos profissionais da rede municipal de educação; Aquisição de espaço próprio ou construção de um espaço físico;","SEC. MUN. DE EDUCAÇÃO","Centro de Formação Mun. Thereza Dário Milanezzi",Educação,"Ensino Fundamental",1042,"Centro de Formação Municipal Thereza Dário Milanezzi","APLICAÇÕES DIRETAS",147,44900000000000,"APLICAÇÕES DIRETAS","PREFEITURA MUNICIPAL DE CRICIUMA","DESPESAS DE CAPITAL",100000,-50000,50000,0,0,0,0,0,0,0,0,0,0,0.0,0.0,0.0,0.0,0.0,0.0,"fontesRecursos_971d0c55-c2be-4e98-b455-f4b753f62668.csv","informacaoPlanejamento_8a83d7ee-df58-481d-9ede-2504974db160.csv"," ","suplementacoes_679529f5-8b8f-4b0d-b81a-ec25198f3462.csv"," "
"PREFEITURA MUNICIPAL DE CRICIUMA",2025,"ESPAÇO DE FORMAÇÃO E PESQUISA ""THEREZA DÁRIO MILANEZZI""","Centro de Formação Municipal Thereza Dário Milanezzi","Promover a cultura de formação continuada de profissionais que atuam na rede municipal de educação. Proporcionar um espaço adequado para pesquisas e leituras dos profissionais da rede municipal de educação; Aquisição de espaço próprio ou construção de um espaço físico;","SEC. MUN. DE EDUCAÇÃO","Centro de Formação Mun. Thereza Dário Milanezzi",Educação,"Ensino Fundamental",1042,"Centro de Formação Municipal Thereza Dário Milanezzi","APLICAÇÕES DIRETAS",146,33900000000000,"APLICAÇÕES DIRETAS","PREFEITURA MUNICIPAL DE CRICIUMA","DESPESAS CORRENTES",100000,-50000,50000,0,0,0,0,0,0,0,0,0,0,0.0,0.0,0.0,0.0,0.0,0.0,"fontesRecursos_f46a1e7d-6027-4eb6-897a-e3d89f7e5655.csv","informacaoPlanejamento_a6201878-3019-4b15-9af4-ebd293938213.csv"," ","suplementacoes_17435f74-6e7d-4875-9800-5b560792e290.csv"," "
"PREFEITURA MUNICIPAL DE CRICIUMA",2025,"AVANÇAR CRICIUMA","Manut. das Intendencias do Rio Maina/Santa Luzia/Prospera/Quarta Linha","Elaborar projetos arquitetônicos, urbanísticos e geométricos (rodoviários) de espaços públicos; Revisar e regulamentar constantemente a legislação urbanística do Plano Diretor; Executar obras de edificações e espaços públicos de interesse da coletividade. Garantir o desenvolvimento econômico do município por meio de execução de obras significativas ao crescimento urbano.Tornar à cidade mais humanizada, bonita e agradável de se viver, sempre em conformidade com o novo Plano Diretor do Municipio.","SEC. M. DE INFRAEST.,PLANEJ. E MOBILIDADE URBANA","Edificações Públicas",Urbanismo,"Serviços Urbanos",1086,"Manut. das Intendencias do Rio Maina/Santa Luzia/Prospera/Quarta Linha","APLICAÇÕES DIRETAS",188,44900000000000,"APLICAÇÕES DIRETAS","PREFEITURA MUNICIPAL DE CRICIUMA","DESPESAS DE CAPITAL",200000,0,200000,0,0,0,0,0,0,0,0,0,0,0.0,0.0,0.0,0.0,0.0,0.0,"fontesRecursos_a8e0a92d-7790-47f7-8067-0d5b1581d061.csv","informacaoPlanejamento_a8eed7c0-3fa7-44f8-9248-27301e9648c2.csv"," "," "," "
"PREFEITURA MUNICIPAL DE CRICIUMA",2025,"AVANÇAR CRICIUMA","Frota Municipal","Elaborar projetos arquitetônicos, urbanísticos e geométricos (rodoviários) de espaços públicos; Revisar e regulamentar constantemente a legislação urbanística do Plano Diretor; Executar obras de edificações e espaços públicos de interesse da coletividade. Garantir o desenvolvimento econômico do município por meio de execução de obras significativas ao crescimento urbano.Tornar à cidade mais humanizada, bonita e agradável de se viver, sempre em conformidade com o novo Plano Diretor do Municipio.","SEC. M. DE INFRAEST.,PLANEJ. E MOBILIDADE URBANA","Frota Municipal",Administração,"Administração Geral",1084,"Frota Municipal","APLICAÇÕES DIRETAS",213,45900000000000,"APLICAÇÕES DIRETAS","PREFEITURA MUNICIPAL DE CRICIUMA","DESPESAS DE CAPITAL",1000000,0,1000000,0,0,0,0,0,0,0,0,0,0,0.0,0.0,0.0,0.0,0.0,0.0,"fontesRecursos_0df12c76-58a0-4cbd-a1b1-617ec9ccdaa3.csv","informacaoPlanejamento_b469f667-520b-498d-a1cb-43ca8a05b9c5.csv"," "," "," "
"PREFEITURA MUNICIPAL DE CRICIUMA",2025,"AVANÇAR CRICIUMA","Manut. Depto Fisico e Territotial - DPFT","Elaborar projetos arquitetônicos, urbanísticos e geométricos (rodoviários) de espaços públicos; Revisar e regulamentar constantemente a legislação urbanística do Plano Diretor; Executar obras de edificações e espaços públicos de interesse da coletividade. Garantir o desenvolvimento econômico do município por meio de execução de obras significativas ao crescimento urbano.Tornar à cidade mais humanizada, bonita e agradável de se viver, sempre em conformidade com o novo Plano Diretor do Municipio.","SEC. M. DE INFRAEST.,PLANEJ. E MOBILIDADE URBANA","Gab. Secretaria de Infraest. e Mob. Urbana",Administração,"Ordenamento Territorial",1087,"Manut. Depto Fisico e Territotial - DPFT","APLICAÇÕES DIRETAS",167,31900000000000,"APLICAÇÕES DIRETAS","PREFEITURA MUNICIPAL DE CRICIUMA","DESPESAS CORRENTES",3700000,-3420968.1,279031.9,279031.9,279031.9,279031.9,279031.9,0.0,279031.9,0,279031.9,0.0,0.0,7.54,100.0,7.54,100.0,7.54,100.0,"fontesRecursos_94e19a9a-260d-4611-b786-363adf8f4a88.csv","informacaoPlanejamento_dcf81df9-438b-4cff-846d-855c917104bd.csv","empenhos_3c5e0073-fbbc-46f3-9fb7-cfe58b136aa5.csv","suplementacoes_b5417e3a-37d1-462b-92c4-70a4b194eb11.csv"," "
"PREFEITURA MUNICIPAL DE CRICIUMA",2025,"AVANÇAR CRICIUMA","Manut. Depto Fisico e Territotial - DPFT","Elaborar projetos arquitetônicos, urbanísticos e geométricos (rodoviários) de espaços públicos; Revisar e regulamentar constantemente a legislação urbanística do Plano Diretor; Executar obras de edificações e espaços públicos de interesse da coletividade. Garantir o desenvolvimento econômico do município por meio de execução de obras significativas ao crescimento urbano.Tornar à cidade mais humanizada, bonita e agradável de se viver, sempre em conformidade com o novo Plano Diretor do Municipio.","SEC. M. DE INFRAEST.,PLANEJ. E MOBILIDADE URBANA","Gab. Secretaria de Infraest. e Mob. Urbana",Administração,"Ordenamento Territorial",1087,"Manut. Depto Fisico e Territotial - DPFT","APLICAÇÕES DIRETAS",168,33900000000000,"APLICAÇÕES DIRETAS","PREFEITURA MUNICIPAL DE CRICIUMA","DESPESAS CORRENTES",300000,-298606.14,1393.86,1393.86,1393.86,1393.86,1393.86,0.0,1393.86,0,1393.86,0.0,0.0,0.46,100.0,0.46,100.0,0.46,100.0,"fontesRecursos_83e55873-bae6-41e5-a910-f7250a54040d.csv","informacaoPlanejamento_3053e8e3-eae9-4a48-b50a-47c2a061f8c9.csv","empenhos_a430dd37-90df-495f-9375-3ba5fbcc4f07.csv","suplementacoes_3c75c94d-4c77-44bc-a614-70d6a0ac38a4.csv"," "
"PREFEITURA MUNICIPAL DE CRICIUMA",2025,"AVANÇAR CRICIUMA","Manut. Gabinete do Secretario.","Elaborar projetos arquitetônicos, urbanísticos e geométricos (rodoviários) de espaços públicos; Revisar e regulamentar constantemente a legislação urbanística do Plano Diretor; Executar obras de edificações e espaços públicos de interesse da coletividade. Garantir o desenvolvimento econômico do município por meio de execução de obras significativas ao crescimento urbano.Tornar à cidade mais humanizada, bonita e agradável de se viver, sempre em conformidade com o novo Plano Diretor do Municipio.","SEC. M. DE INFRAEST.,PLANEJ. E MOBILIDADE URBANA","Gab. Secretaria de Infraest. e Mob. Urbana",Administração,"Administração Geral",1072,"Manut. Gabinete do Secretario.","APLICAÇÕES DIRETAS",165,33900000000000,"APLICAÇÕES DIRETAS","PREFEITURA MUNICIPAL DE CRICIUMA","DESPESAS CORRENTES",50000,0,50000,0,0,0,0,0,0,0,0,0,0,0.0,0.0,0.0,0.0,0.0,0.0,"fontesRecursos_c417b6dd-5db5-4341-91ea-200d85a09c3f.csv","informacaoPlanejamento_a26a538f-9679-45b8-a2a9-dac93260f81f.csv"," "," "," "
"PREFEITURA MUNICIPAL DE CRICIUMA",2025,"AVANÇAR CRICIUMA","Manut. Gabinete do Secretario.","Elaborar projetos arquitetônicos, urbanísticos e geométricos (rodoviários) de espaços públicos; Revisar e regulamentar constantemente a legislação urbanística do Plano Diretor; Executar obras de edificações e espaços públicos de interesse da coletividade. Garantir o desenvolvimento econômico do município por meio de execução de obras significativas ao crescimento urbano.Tornar à cidade mais humanizada, bonita e agradável de se viver, sempre em conformidade com o novo Plano Diretor do Municipio.","SEC. M. DE INFRAEST.,PLANEJ. E MOBILIDADE URBANA","Gab. Secretaria de Infraest. e Mob. Urbana",Administração,"Administração Geral",1072,"Manut. Gabinete do Secretario.","APLICAÇÕES DIRETAS",166,44900000000000,"APLICAÇÕES DIRETAS","PREFEITURA MUNICIPAL DE CRICIUMA","DESPESAS DE CAPITAL",100000,0,100000,0,0,0,0,0,0,0,0,0,0,0.0,0.0,0.0,0.0,0.0,0.0,"fontesRecursos_7f15c203-1afd-4149-a33b-c366dc039283.csv","informacaoPlanejamento_68b2664d-3d3b-4f37-9881-b34629a0b510.csv"," "," "," "
"PREFEITURA MUNICIPAL DE CRICIUMA",2025,"AVANÇAR CRICIUMA","Centros Comunitarios","Elaborar projetos arquitetônicos, urbanísticos e geométricos (rodoviários) de espaços públicos; Revisar e regulamentar constantemente a legislação urbanística do Plano Diretor; Executar obras de edificações e espaços públicos de interesse da coletividade. Garantir o desenvolvimento econômico do município por meio de execução de obras significativas ao crescimento urbano.Tornar à cidade mais humanizada, bonita e agradável de se viver, sempre em conformidade com o novo Plano Diretor do Municipio.","SEC. M. DE INFRAEST.,PLANEJ. E MOBILIDADE URBANA","Centros Comunitários","Desporto e Lazer",Lazer,1075,"Centros Comunitarios","TRANSFERÊNCIAS A INSTITUIÇÕES PRIVADAS SEM FINS LUCRATIVOS",191,44500000000000,"TRANSFERÊNCIAS A INSTITUIÇÕES PRIVADAS SEM FINS LUCRATIVOS","PREFEITURA MUNICIPAL DE CRICIUMA","DESPESAS DE CAPITAL",20000,0,20000,0,0,0,0,0,0,0,0,0,0,0.0,0.0,0.0,0.0,0.0,0.0,"fontesRecursos_6477a052-4341-4f43-ade7-8bc9d6353386.csv","informacaoPlanejamento_9d62a66f-8fe1-49fa-b007-3279dccac8bd.csv"," "," "," "
"PREFEITURA MUNICIPAL DE CRICIUMA",2025,"AVANÇAR CRICIUMA","Centros Comunitarios","Elaborar projetos arquitetônicos, urbanísticos e geométricos (rodoviários) de espaços públicos; Revisar e regulamentar constantemente a legislação urbanística do Plano Diretor; Executar obras de edificações e espaços públicos de interesse da coletividade. Garantir o desenvolvimento econômico do município por meio de execução de obras significativas ao crescimento urbano.Tornar à cidade mais humanizada, bonita e agradável de se viver, sempre em conformidade com o novo Plano Diretor do Municipio.","SEC. M. DE INFRAEST.,PLANEJ. E MOBILIDADE URBANA","Centros Comunitários","Desporto e Lazer",Lazer,1075,"Centros Comunitarios","TRANSFERÊNCIAS A INSTITUIÇÕES PRIVADAS SEM FINS LUCRATIVOS",189,33500000000000,"TRANSFERÊNCIAS A INSTITUIÇÕES PRIVADAS SEM FINS LUCRATIVOS","PREFEITURA MUNICIPAL DE CRICIUMA","DESPESAS CORRENTES",20000,0,20000,0,0,0,0,0,0,0,0,0,0,0.0,0.0,0.0,0.0,0.0,0.0,"fontesRecursos_81e77ee4-1ad0-4014-991a-1f6de155fd42.csv","informacaoPlanejamento_9f55c38e-2bfe-443c-a47b-3a223c92a38f.csv"," "," "," "
"PREFEITURA MUNICIPAL DE CRICIUMA",2025,"GESTÃO ADMINISTRATIVA","Manut. da Direitoria de Tecnologia da Informação","Planejar a gestão publica atraves de implementações de dados gerenciais visando a redução de custos, e estrategicas na defesa civil do municipio.","GABINETE DO PREFEITO","Diretoria Executiva de Tecnologia de Informação",Administração,"Tecnologia da Informatização",1010,"Manut. da Direitoria de Tecnologia da Informação","APLICAÇÕES DIRETAS",35,44900000000000,"APLICAÇÕES DIRETAS","PREFEITURA MUNICIPAL DE CRICIUMA","DESPESAS DE CAPITAL",600000,-591909,8091,8091.0,8091.0,8091.0,8091.0,0.0,8091.0,0,8091.0,0.0,0.0,1.35,100.0,1.35,100.0,1.35,100.0,"fontesRecursos_288f792e-e00e-4766-8e40-41a5722a76c2.csv","informacaoPlanejamento_e77c452e-3870-4741-a34c-8553bd5faa12.csv","empenhos_4893fe09-6967-45ea-9694-fe1ee0a6f6fe.csv","suplementacoes_c65f14b3-506b-4efb-9fdf-0c597cdad5d0.csv"," "
"PREFEITURA MUNICIPAL DE CRICIUMA",2025,"GESTÃO ADMINISTRATIVA","Manut. da Ouvidoria","Planejar a gestão publica atraves de implementações de dados gerenciais visando a redução de custos, e estrategicas na defesa civil do municipio.","GABINETE DO PREFEITO",Ouvidoria,Administração,"Administração Geral",1006,"Manut. da Ouvidoria","APLICAÇÕES DIRETAS",22,33900000000000,"APLICAÇÕES DIRETAS","PREFEITURA MUNICIPAL DE CRICIUMA","DESPESAS CORRENTES",20000,-20000,0,0,0,0,0,0,0,0,0,0,0,0.0,0.0,0.0,0.0,0.0,0.0,"fontesRecursos_ba10a8da-7754-4899-8576-2f60c9520957.csv","informacaoPlanejamento_06cda35b-d7db-4799-9620-6923a0449803.csv"," ","suplementacoes_4b749f8d-37c7-4a56-bdcc-ce001044f835.csv"," "
"PREFEITURA MUNICIPAL DE CRICIUMA",2025,"GESTÃO ADMINISTRATIVA","Manut. da Ouvidoria","Planejar a gestão publica atraves de implementações de dados gerenciais visando a redução de custos, e estrategicas na defesa civil do municipio.","GABINETE DO PREFEITO",Ouvidoria,Administração,"Administração Geral",1006,"Manut. da Ouvidoria","APLICAÇÕES DIRETAS",21,31900000000000,"APLICAÇÕES DIRETAS","PREFEITURA MUNICIPAL DE CRICIUMA","DESPESAS CORRENTES",60000,-60000,0,0,0,0,0,0,0,0,0,0,0,0.0,0.0,0.0,0.0,0.0,0.0,"fontesRecursos_3a1acc65-e15d-4129-afe7-3b53c7208c92.csv","informacaoPlanejamento_5f20457a-8ebf-4fee-b215-3788c2fd6801.csv"," ","suplementacoes_79e59548-455f-4c1a-9447-de4b07ca32ad.csv"," "
"PREFEITURA MUNICIPAL DE CRICIUMA",2025,"AVANÇAR CRICIUMA","Manut. Depto Fisico e Territotial - DPFT","Elaborar projetos arquitetônicos, urbanísticos e geométricos (rodoviários) de espaços públicos; Revisar e regulamentar constantemente a legislação urbanística do Plano Diretor; Executar obras de edificações e espaços públicos de interesse da coletividade. Garantir o desenvolvimento econômico do município por meio de execução de obras significativas ao crescimento urbano.Tornar à cidade mais humanizada, bonita e agradável de se viver, sempre em conformidade com o novo Plano Diretor do Municipio.","SEC. M. DE INFRAEST.,PLANEJ. E MOBILIDADE URBANA","Gab. Secretaria de Infraest. e Mob. Urbana",Administração,"Ordenamento Territorial",1087,"Manut. Depto Fisico e Territotial - DPFT","APLICAÇÕES DIRETAS",169,44900000000000,"APLICAÇÕES DIRETAS","PREFEITURA MUNICIPAL DE CRICIUMA","DESPESAS DE CAPITAL",300000,-300000,0,0,0,0,0,0,0,0,0,0,0,0.0,0.0,0.0,0.0,0.0,0.0,"fontesRecursos_566c3df4-2fd5-4582-8d1c-6cf801da24c5.csv","informacaoPlanejamento_e743b2ce-5771-4bef-9fbf-4a939e2cd91e.csv"," ","suplementacoes_b09dcc1e-0cde-4a76-802d-f0af6010d31e.csv"," "
"PREFEITURA MUNICIPAL DE CRICIUMA",2025,"GESTÃO ADMINISTRATIVA","Manut. do Fundo do Idoso - Proteção ao Idoso","Planejar a gestão publica atraves de implementações de dados gerenciais visando a redução de custos, e estrategicas na defesa civil do municipio.","GABINETE DO PREFEITO","Proteção ao Idoso","Assistência Social","Assistência ao Idoso",1014,"Manut. do Fundo do Idoso - Proteção ao Idoso","APLICAÇÕES DIRETAS",16,31900000000000,"APLICAÇÕES DIRETAS","PREFEITURA MUNICIPAL DE CRICIUMA","DESPESAS CORRENTES",50000,0,50000,0,0,0,0,0,0,0,0,0,0,0.0,0.0,0.0,0.0,0.0,0.0,"fontesRecursos_2d4f3609-b8a5-4c7e-8d36-3103f125a553.csv","informacaoPlanejamento_52814536-c123-4bf6-82a3-8af2dce4a5b9.csv"," "," "," "
"PREFEITURA MUNICIPAL DE CRICIUMA",2025,"CONSCIENTIZAÇÃO AMBIENTAL","Manut. da Diretoria de Meio Ambiente","Incentivar a conscientização ambiental entre os cidadãos e promover a conservação do meio ambiente para a melhoria da qualidade de vida.","SEC. M. DE INFRAEST.,PLANEJ. E MOBILIDADE URBANA","Diretoria Municipal de Meio Ambiente de Criciúma","Gestão Ambiental","Administração Geral",1221,"Manut. da Diretoria de Meio Ambiente","APLICAÇÃO DIRETA DECORRENTE DE OPERAÇÃO ENTRE ÓRGÃOS, FUNDOS E ENTIDADES INTEGRANTES DOS ORÇAMENTOS FISCAL E DA SEGURIDADE SOCIAL",219,31910000000000,"APLICAÇÃO DIRETA DECORRENTE DE OPERAÇÃO ENTRE ÓRGÃOS, FUNDOS E ENTIDADES INTEGRANTES DOS ORÇAMENTOS FISCAL E DA SEGURIDADE SOCIAL","PREFEITURA MUNICIPAL DE CRICIUMA","DESPESAS CORRENTES",300000,-300000,0,0,0,0,0,0,0,0,0,0,0,0.0,0.0,0.0,0.0,0.0,0.0,"fontesRecursos_caa6b11c-1a1d-4e2d-8eb4-20dab758e4f5.csv","informacaoPlanejamento_efad6b1c-bc0f-40d3-9cc7-73320a1a0030.csv"," ","suplementacoes_9a590b57-6ab4-41f4-932f-d523764f3901.csv"," "
"PREFEITURA MUNICIPAL DE CRICIUMA",2025,"CONSCIENTIZAÇÃO AMBIENTAL","Manut. da Diretoria de Meio Ambiente","Incentivar a conscientização ambiental entre os cidadãos e promover a conservação do meio ambiente para a melhoria da qualidade de vida.","SEC. M. DE INFRAEST.,PLANEJ. E MOBILIDADE URBANA","Diretoria Municipal de Meio Ambiente de Criciúma","Gestão Ambiental","Administração Geral",1221,"Manut. da Diretoria de Meio Ambiente","APLICAÇÕES DIRETAS",218,31900000000000,"APLICAÇÕES DIRETAS","PREFEITURA MUNICIPAL DE CRICIUMA","DESPESAS CORRENTES",2500000,-2293199.03,206800.97,206800.97,206800.97,206800.97,206800.97,0.0,206800.97,0,206800.97,0.0,0.0,8.27,100.0,8.27,100.0,8.27,100.0,"fontesRecursos_2d2f1a27-e9da-420a-ab2c-fb1c844119e5.csv","informacaoPlanejamento_3a40baf6-efbc-4477-ba0e-8f0cdd0b31bb.csv","empenhos_17db41ca-bb1e-49ea-99ac-ff1be48273e3.csv","suplementacoes_36137a95-569b-4598-9404-e847b966a306.csv"," "
"PREFEITURA MUNICIPAL DE CRICIUMA",2025,"CONSCIENTIZAÇÃO AMBIENTAL","Manut. da Diretoria de Meio Ambiente","Incentivar a conscientização ambiental entre os cidadãos e promover a conservação do meio ambiente para a melhoria da qualidade de vida.","SEC. M. DE INFRAEST.,PLANEJ. E MOBILIDADE URBANA","Diretoria Municipal de Meio Ambiente de Criciúma","Gestão Ambiental","Administração Geral",1221,"Manut. da Diretoria de Meio Ambiente","APLICAÇÕES DIRETAS",221,44900000000000,"APLICAÇÕES DIRETAS","PREFEITURA MUNICIPAL DE CRICIUMA","DESPESAS DE CAPITAL",800000,-800000,0,0,0,0,0,0,0,0,0,0,0,0.0,0.0,0.0,0.0,0.0,0.0,"fontesRecursos_b5d13936-bbaf-4116-bec2-103cd4423291.csv","informacaoPlanejamento_f839ee19-effe-4ec0-8048-7be9c4bfeb89.csv"," ","suplementacoes_3ce7a8f3-c8d4-4027-8dda-4ebb0b3ea7a8.csv"," "
"PREFEITURA MUNICIPAL DE CRICIUMA",2025,"GESTÃO FISCAL E FINANCEIRA","Manutenção do Apoio Administrativo, Contribuição a Entidades Associativas","Que as receitas possam crescer o suficiente para podermos cobrir as despesas fixas, e ainda obtermos sobra para os investimentos.","SEC. MUN. DA FAZENDA",Financeiro,Administração,"Administração Geral",1237,"Manutenção do Apoio Administrativo, Contribuição a Entidades Associativas","APLICAÇÃO DIRETA DECORRENTE DE OPERAÇÃO ENTRE ÓRGÃOS, FUNDOS E ENTIDADES INTEGRANTES DOS ORÇAMENTOS FISCAL E DA SEGURIDADE SOCIAL",77,31910000000000,"APLICAÇÃO DIRETA DECORRENTE DE OPERAÇÃO ENTRE ÓRGÃOS, FUNDOS E ENTIDADES INTEGRANTES DOS ORÇAMENTOS FISCAL E DA SEGURIDADE SOCIAL","PREFEITURA MUNICIPAL DE CRICIUMA","DESPESAS CORRENTES",200000,0,200000,0,0,0,0,0,0,0,0,0,0,0.0,0.0,0.0,0.0,0.0,0.0,"fontesRecursos_b37ab562-95bf-4e44-ae60-07048421e61c.csv","informacaoPlanejamento_7c5b8405-cec1-4ae1-80a2-6cd7253791f2.csv"," "," "," "
"PREFEITURA MUNICIPAL DE CRICIUMA",2025,"GESTÃO FISCAL E FINANCEIRA","Manutenção do Apoio Administrativo, Contribuição a Entidades Associativas","Que as receitas possam crescer o suficiente para podermos cobrir as despesas fixas, e ainda obtermos sobra para os investimentos.","SEC. MUN. DA FAZENDA",Financeiro,Administração,"Administração Geral",1237,"Manutenção do Apoio Administrativo, Contribuição a Entidades Associativas","TRANSFERÊNCIAS A INSTITUIÇÕES PRIVADAS SEM FINS LUCRATIVOS",80,44500000000000,"TRANSFERÊNCIAS A INSTITUIÇÕES PRIVADAS SEM FINS LUCRATIVOS","PREFEITURA MUNICIPAL DE CRICIUMA","DESPESAS DE CAPITAL",300000,-300000,0,0,0,0,0,0,0,0,0,0,0,0.0,0.0,0.0,0.0,0.0,0.0,"fontesRecursos_ac9ae9d4-9f6a-4be7-aea8-2cd3e220d298.csv","informacaoPlanejamento_14a440e0-98bb-4648-8350-9b8bf8f58eab.csv"," ","suplementacoes_ebbfdc16-3850-4004-aff2-71ae8ccff30f.csv"," "
"PREFEITURA MUNICIPAL DE CRICIUMA",2025,"GESTÃO FISCAL E FINANCEIRA","Programa MÃO NA RODA","Que as receitas possam crescer o suficiente para podermos cobrir as despesas fixas, e ainda obtermos sobra para os investimentos.","SEC. MUN. DA FAZENDA","Diretoria de Desenvolvimento Econômico","Comércio e Serviços","Serviços Financeiros",1239,"Programa MÃO NA RODA","TRANSFERÊNCIAS A INSTITUIÇÕES PRIVADAS COM FINS LUCRATIVOS",113,33600000000000,"TRANSFERÊNCIAS A INSTITUIÇÕES PRIVADAS COM FINS LUCRATIVOS","PREFEITURA MUNICIPAL DE CRICIUMA","DESPESAS CORRENTES",200000,0,200000,0,0,0,0,0,0,0,0,0,0,0.0,0.0,0.0,0.0,0.0,0.0,"fontesRecursos_52986178-de9b-4079-9d42-ec0a03cafb40.csv","informacaoPlanejamento_60e79061-2455-4f5d-bd55-b9f7fd9739d3.csv"," "," "," "
"PREFEITURA MUNICIPAL DE CRICIUMA",2025,"GESTÃO FISCAL E FINANCEIRA","Programa MÃO NA RODA","Que as receitas possam crescer o suficiente para podermos cobrir as despesas fixas, e ainda obtermos sobra para os investimentos.","SEC. MUN. DA FAZENDA","Diretoria de Desenvolvimento Econômico","Comércio e Serviços","Serviços Financeiros",1239,"Programa MÃO NA RODA","APLICAÇÕES DIRETAS",114,33900000000000,"APLICAÇÕES DIRETAS","PREFEITURA MUNICIPAL DE CRICIUMA","DESPESAS CORRENTES",200000,0,200000,0,0,0,0,0,0,0,0,0,0,0.0,0.0,0.0,0.0,0.0,0.0,"fontesRecursos_f647849b-a9b5-4fe2-b9ed-fb377728c6f9.csv","informacaoPlanejamento_43164878-c964-47de-8433-e158fd4d4063.csv"," "," "," "
"PREFEITURA MUNICIPAL DE CRICIUMA",2025,"GESTÃO FISCAL E FINANCEIRA","Manutenção do Fundo Municipal de Inovação","Que as receitas possam crescer o suficiente para podermos cobrir as despesas fixas, e ainda obtermos sobra para os investimentos.","SEC. MUN. DA FAZENDA","Diretoria de Desenvolvimento Econômico","Ciência e Tecnologia","Difusão do Conhecimento Científico e Tecnológico",1208,"Manutenção do Fundo Municipal de Inovação","TRANSFERÊNCIAS A INSTITUIÇÕES PRIVADAS SEM FINS LUCRATIVOS",110,44500000000000,"TRANSFERÊNCIAS A INSTITUIÇÕES PRIVADAS SEM FINS LUCRATIVOS","PREFEITURA MUNICIPAL DE CRICIUMA","DESPESAS DE CAPITAL",1500000,0,1500000,0,0,0,0,0,0,0,0,0,0,0.0,0.0,0.0,0.0,0.0,0.0,"fontesRecursos_8c08ae38-b242-4c7a-988d-f6d19de3ced0.csv","informacaoPlanejamento_adf70fd8-18d3-491b-b93a-2c673a0a9b83.csv"," "," "," "
"PREFEITURA MUNICIPAL DE CRICIUMA",2025,"GESTÃO FISCAL E FINANCEIRA","Manutenção do Fundo Municipal de Inovação","Que as receitas possam crescer o suficiente para podermos cobrir as despesas fixas, e ainda obtermos sobra para os investimentos.","SEC. MUN. DA FAZENDA","Diretoria de Desenvolvimento Econômico","Ciência e Tecnologia","Difusão do Conhecimento Científico e Tecnológico",1208,"Manutenção do Fundo Municipal de Inovação","TRANSFERÊNCIAS A INSTITUIÇÕES PRIVADAS SEM FINS LUCRATIVOS",107,33500000000000,"TRANSFERÊNCIAS A INSTITUIÇÕES PRIVADAS SEM FINS LUCRATIVOS","PREFEITURA MUNICIPAL DE CRICIUMA","DESPESAS CORRENTES",700000,0,700000,0,0,0,0,0,0,0,0,0,0,0.0,0.0,0.0,0.0,0.0,0.0,"fontesRecursos_4cfa7ea6-ba96-476b-8afb-4de1bc712045.csv","informacaoPlanejamento_8bceb729-7bd5-4887-8f42-9542c9460190.csv"," "," "," "
"PREFEITURA MUNICIPAL DE CRICIUMA",2025,"GESTÃO FISCAL E FINANCEIRA","Manutenção do Fundo Municipal de Inovação","Que as receitas possam crescer o suficiente para podermos cobrir as despesas fixas, e ainda obtermos sobra para os investimentos.","SEC. MUN. DA FAZENDA","Diretoria de Desenvolvimento Econômico","Ciência e Tecnologia","Difusão do Conhecimento Científico e Tecnológico",1208,"Manutenção do Fundo Municipal de Inovação","APLICAÇÕES DIRETAS",111,44900000000000,"APLICAÇÕES DIRETAS","PREFEITURA MUNICIPAL DE CRICIUMA","DESPESAS DE CAPITAL",100000,0,100000,0,0,0,0,0,0,0,0,0,0,0.0,0.0,0.0,0.0,0.0,0.0,"fontesRecursos_ba3cb50c-f591-4019-b4f0-80000ded7cac.csv","informacaoPlanejamento_7254b08a-9e52-40d3-adb2-3c0313035e42.csv"," "," "," "
"PREFEITURA MUNICIPAL DE CRICIUMA",2025,"GESTÃO FISCAL E FINANCEIRA","Manutenção do Fundo Municipal de Inovação","Que as receitas possam crescer o suficiente para podermos cobrir as despesas fixas, e ainda obtermos sobra para os investimentos.","SEC. MUN. DA FAZENDA","Diretoria de Desenvolvimento Econômico","Ciência e Tecnologia","Difusão do Conhecimento Científico e Tecnológico",1208,"Manutenção do Fundo Municipal de Inovação","TRANSFERÊNCIAS A INSTITUIÇÕES PRIVADAS COM FINS LUCRATIVOS",108,33600000000000,"TRANSFERÊNCIAS A INSTITUIÇÕES PRIVADAS COM FINS LUCRATIVOS","PREFEITURA MUNICIPAL DE CRICIUMA","DESPESAS CORRENTES",550000,0,550000,0,0,0,0,0,0,0,0,0,0,0.0,0.0,0.0,0.0,0.0,0.0,"fontesRecursos_a474fd31-05f1-4f7a-b420-50e4ce7ec873.csv","informacaoPlanejamento_aa2a9ecf-3315-44b2-95b9-327fcb8576f5.csv"," "," "," "
"PREFEITURA MUNICIPAL DE CRICIUMA",2025,"GESTÃO ADMINISTRATIVA","Manut. da Coordenadoria de Organizações Comunitarias","Planejar a gestão publica atraves de implementações de dados gerenciais visando a redução de custos, e estrategicas na defesa civil do municipio.","GABINETE DO PREFEITO","Coord. Mun. de Integração Comunitária",Administração,"Administração Geral",1007,"Manut. da Coordenadoria de Organizações Comunitarias","APLICAÇÕES DIRETAS",27,31900000000000,"APLICAÇÕES DIRETAS","PREFEITURA MUNICIPAL DE CRICIUMA","DESPESAS CORRENTES",60000,-60000,0,0,0,0,0,0,0,0,0,0,0,0.0,0.0,0.0,0.0,0.0,0.0,"fontesRecursos_a4909952-cc89-4820-9fc4-90282cec2af7.csv","informacaoPlanejamento_79932e69-b1f0-4557-a795-b67f80304c86.csv"," ","suplementacoes_c34b9f80-3d85-45e4-8dd0-260de1eb8f65.csv"," "
"PREFEITURA MUNICIPAL DE CRICIUMA",2025,"GESTÃO ADMINISTRATIVA","Manut. da Coordenadoria de Organizações Comunitarias","Planejar a gestão publica atraves de implementações de dados gerenciais visando a redução de custos, e estrategicas na defesa civil do municipio.","GABINETE DO PREFEITO","Coord. Mun. de Integração Comunitária",Administração,"Administração Geral",1007,"Manut. da Coordenadoria de Organizações Comunitarias","APLICAÇÕES DIRETAS",29,44900000000000,"APLICAÇÕES DIRETAS","PREFEITURA MUNICIPAL DE CRICIUMA","DESPESAS DE CAPITAL",20000,-20000,0,0,0,0,0,0,0,0,0,0,0,0.0,0.0,0.0,0.0,0.0,0.0,"fontesRecursos_90b890d3-837b-4911-925f-547855c7de2e.csv","informacaoPlanejamento_2dec7eef-e632-4b11-a6d5-588e2b99f4b7.csv"," ","suplementacoes_3a6e1751-9b09-440c-832a-815e6bf1ac94.csv"," "
"PREFEITURA MUNICIPAL DE CRICIUMA",2025,"GESTÃO ADMINISTRATIVA","Manut. da Coordenadoria de Organizações Comunitarias","Planejar a gestão publica atraves de implementações de dados gerenciais visando a redução de custos, e estrategicas na defesa civil do municipio.","GABINETE DO PREFEITO","Coord. Mun. de Integração Comunitária",Administração,"Administração Geral",1007,"Manut. da Coordenadoria de Organizações Comunitarias","APLICAÇÕES DIRETAS",28,33900000000000,"APLICAÇÕES DIRETAS","PREFEITURA MUNICIPAL DE CRICIUMA","DESPESAS CORRENTES",20000,-20000,0,0,0,0,0,0,0,0,0,0,0,0.0,0.0,0.0,0.0,0.0,0.0,"fontesRecursos_5d3c5799-08ac-45a3-ba2c-f2e4c2b85c7e.csv","informacaoPlanejamento_60a4ea26-05a2-40f7-a0b6-06b0f72aeb7b.csv"," ","suplementacoes_9ba6d755-6843-46fe-8551-80a71d438657.csv"," "
"PREFEITURA MUNICIPAL DE CRICIUMA",2025,"GESTÃO ADMINISTRATIVA","Manut. da Ouvidoria","Planejar a gestão publica atraves de implementações de dados gerenciais visando a redução de custos, e estrategicas na defesa civil do municipio.","GABINETE DO PREFEITO",Ouvidoria,Administração,"Administração Geral",1006,"Manut. da Ouvidoria","APLICAÇÕES DIRETAS",23,44900000000000,"APLICAÇÕES DIRETAS","PREFEITURA MUNICIPAL DE CRICIUMA","DESPESAS DE CAPITAL",20000,-20000,0,0,0,0,0,0,0,0,0,0,0,0.0,0.0,0.0,0.0,0.0,0.0,"fontesRecursos_2b4fa26d-d8f6-4968-83ed-5969192f1443.csv","informacaoPlanejamento_725eda62-dd83-442a-b383-b3f7cd61313c.csv"," ","suplementacoes_84371802-2ce5-4585-974b-12cad2706bc5.csv"," "
"PREFEITURA MUNICIPAL DE CRICIUMA",2025,"GESTÃO ADMINISTRATIVA","Manut. da Diretoria de Comunicação","Planejar a gestão publica atraves de implementações de dados gerenciais visando a redução de custos, e estrategicas na defesa civil do municipio.","GABINETE DO PREFEITO","Diretoria Executiva de Comunicação",Administração,"Administração Geral",1011,"Manut. da Diretoria de Comunicação","APLICAÇÕES DIRETAS",32,44900000000000,"APLICAÇÕES DIRETAS","PREFEITURA MUNICIPAL DE CRICIUMA","DESPESAS DE CAPITAL",20000,0,20000,0,0,0,0,0,0,0,0,0,0,0.0,0.0,0.0,0.0,0.0,0.0,"fontesRecursos_6ac5d09e-4a80-4c17-80e4-47afda4ec798.csv","informacaoPlanejamento_2dc0c2e7-5816-47d2-b683-915cd2c394ab.csv"," "," "," "
"PREFEITURA MUNICIPAL DE CRICIUMA",2025,"AVANÇAR CRICIUMA","Manut. depto de Obras","Elaborar projetos arquitetônicos, urbanísticos e geométricos (rodoviários) de espaços públicos; Revisar e regulamentar constantemente a legislação urbanística do Plano Diretor; Executar obras de edificações e espaços públicos de interesse da coletividade. Garantir o desenvolvimento econômico do município por meio de execução de obras significativas ao crescimento urbano.Tornar à cidade mais humanizada, bonita e agradável de se viver, sempre em conformidade com o novo Plano Diretor do Municipio.","SEC. M. DE INFRAEST.,PLANEJ. E MOBILIDADE URBANA",Obras,Urbanismo,"Serviços Urbanos",1073,"Manut. depto de Obras","TRANSFERÊNCIAS A CONSÓRCIOS PÚBLICOS MEDIANTE CONTRATO DE RATEIO",173,31710000000000,"TRANSFERÊNCIAS A CONSÓRCIOS PÚBLICOS MEDIANTE CONTRATO DE RATEIO","PREFEITURA MUNICIPAL DE CRICIUMA","DESPESAS CORRENTES",90000,0,90000,0,0,0,0,0,0,0,0,0,0,0.0,0.0,0.0,0.0,0.0,0.0,"fontesRecursos_94b9ef9e-1508-4087-b68f-c02ee359921a.csv","informacaoPlanejamento_b636a84c-7e65-4587-8c4c-a55d40973c90.csv"," "," "," "
"PREFEITURA MUNICIPAL DE CRICIUMA",2025,"AVANÇAR CRICIUMA","Manut. depto de Obras","Elaborar projetos arquitetônicos, urbanísticos e geométricos (rodoviários) de espaços públicos; Revisar e regulamentar constantemente a legislação urbanística do Plano Diretor; Executar obras de edificações e espaços públicos de interesse da coletividade. Garantir o desenvolvimento econômico do município por meio de execução de obras significativas ao crescimento urbano.Tornar à cidade mais humanizada, bonita e agradável de se viver, sempre em conformidade com o novo Plano Diretor do Municipio.","SEC. M. DE INFRAEST.,PLANEJ. E MOBILIDADE URBANA",Obras,Urbanismo,"Serviços Urbanos",1073,"Manut. depto de Obras","TRANSFERÊNCIAS A CONSÓRCIOS PÚBLICOS MEDIANTE CONTRATO DE RATEIO",176,33710000000000,"TRANSFERÊNCIAS A CONSÓRCIOS PÚBLICOS MEDIANTE CONTRATO DE RATEIO","PREFEITURA MUNICIPAL DE CRICIUMA","DESPESAS CORRENTES",100000,0,100000,0,0,0,0,0,0,0,0,0,0,0.0,0.0,0.0,0.0,0.0,0.0,"fontesRecursos_0ad93317-5525-41b2-87e8-010214d4fe75.csv","informacaoPlanejamento_449abcdc-10e2-4afe-8054-7ef6d5c19d6c.csv"," "," "," "
"PREFEITURA MUNICIPAL DE CRICIUMA",2025,"AVANÇAR CRICIUMA","Manut. depto de Obras","Elaborar projetos arquitetônicos, urbanísticos e geométricos (rodoviários) de espaços públicos; Revisar e regulamentar constantemente a legislação urbanística do Plano Diretor; Executar obras de edificações e espaços públicos de interesse da coletividade. Garantir o desenvolvimento econômico do município por meio de execução de obras significativas ao crescimento urbano.Tornar à cidade mais humanizada, bonita e agradável de se viver, sempre em conformidade com o novo Plano Diretor do Municipio.","SEC. M. DE INFRAEST.,PLANEJ. E MOBILIDADE URBANA",Obras,Urbanismo,"Serviços Urbanos",1073,"Manut. depto de Obras","TRANSFERÊNCIAS A INSTITUIÇÕES PRIVADAS SEM FINS LUCRATIVOS",178,44500000000000,"TRANSFERÊNCIAS A INSTITUIÇÕES PRIVADAS SEM FINS LUCRATIVOS","PREFEITURA MUNICIPAL DE CRICIUMA","DESPESAS DE CAPITAL",50000,0,50000,0,0,0,0,0,0,0,0,0,0,0.0,0.0,0.0,0.0,0.0,0.0,"fontesRecursos_d8f12895-ce8f-4fd5-b531-dc75574b5e2e.csv","informacaoPlanejamento_ebda0a4e-7796-41b8-a2b1-bf5ffd190a7f.csv"," "," "," "
"PREFEITURA MUNICIPAL DE CRICIUMA",2025,"CENTRAL DE ALIMENTOS","Manut. Merenda Escolar","Elaborar cardapio de qualidade para um bom desenvolvimento e crescimento doa slunos; Oportunizar Formação Continuada as serventes, apra qualificar o atendimento; Fornecer generos alimenticios, gas e outros, para garantir as necessidades basicas das unidades.","SEC. MUN. DE EDUCAÇÃO","Merenda Escolar",Educação,"Ensino Fundamental",1240,"Manut. Merenda Escolar","APLICAÇÕES DIRETAS",163,44900000000000,"APLICAÇÕES DIRETAS","PREFEITURA MUNICIPAL DE CRICIUMA","DESPESAS DE CAPITAL",300000,-180000,120000,0,0,0,0,0,0,0,0,0,0,0.0,0.0,0.0,0.0,0.0,0.0,"fontesRecursos_b1363355-dba7-4869-bc89-ea3ff7de5f7f.csv","informacaoPlanejamento_680322fa-1b3a-4c19-858b-cae6d9cc2ce7.csv"," ","suplementacoes_2094b95f-ddfd-4864-b82c-4faebcb691c5.csv"," "
"PREFEITURA MUNICIPAL DE CRICIUMA",2025,"CENTRAL DE ALIMENTOS","Manut. Merenda Escolar","Elaborar cardapio de qualidade para um bom desenvolvimento e crescimento doa slunos; Oportunizar Formação Continuada as serventes, apra qualificar o atendimento; Fornecer generos alimenticios, gas e outros, para garantir as necessidades basicas das unidades.","SEC. MUN. DE EDUCAÇÃO","Merenda Escolar",Educação,"Ensino Fundamental",1240,"Manut. Merenda Escolar","APLICAÇÕES DIRETAS",161,31900000000000,"APLICAÇÕES DIRETAS","PREFEITURA MUNICIPAL DE CRICIUMA","DESPESAS CORRENTES",3000000,-1080000,1920000,0,0,0,0,0,0,0,0,0,0,0.0,0.0,0.0,0.0,0.0,0.0,"fontesRecursos_b36e45e2-05a6-445b-8ac8-5bca8423caf0.csv","informacaoPlanejamento_a1c9514f-50bd-410e-8370-ffad69f82fdd.csv"," ","suplementacoes_5193f29f-7263-424e-a948-646965069d8c.csv"," "
"PREFEITURA MUNICIPAL DE CRICIUMA",2025,"DEFENSORIA PUBLICA","Manut. da Procuradoria Geral","Para que os processos e ações movidas contra ou a favor o municipio, possam ser estudado e receberem o tratamento necessario.","PROCURADORIA GERAL DO MUNICIPIO","Defensoria Publica",Judiciária,"Ação Judiciária",1016,"Manut. da Procuradoria Geral","APLICAÇÕES DIRETAS",49,44900000000000,"APLICAÇÕES DIRETAS","PREFEITURA MUNICIPAL DE CRICIUMA","DESPESAS DE CAPITAL",140000,-15000,125000,0,0,0,0,0,0,0,0,0,0,0.0,0.0,0.0,0.0,0.0,0.0,"fontesRecursos_cff3e7d1-6a27-4eaa-b688-7249b6e1ab90.csv","informacaoPlanejamento_158e34fd-255b-437d-840e-d8d986a857fe.csv"," ","suplementacoes_de0ebd87-c1bc-474a-ac5f-8c4f3dfaa6e8.csv"," "
"PREFEITURA MUNICIPAL DE CRICIUMA",2025,"GESTÃO ADMINISTRATIVA","Manut. do Comitê Gestor e da Assessoria de Gabinete","Planejar a gestão publica atraves de implementações de dados gerenciais visando a redução de custos, e estrategicas na defesa civil do municipio.","GABINETE DO PREFEITO","Gabinete do Prefeito",Administração,"Administração Geral",1004,"Manut. do Comitê Gestor e da Assessoria de Gabinete","APLICAÇÕES DIRETAS",9,44900000000000,"APLICAÇÕES DIRETAS","PREFEITURA MUNICIPAL DE CRICIUMA","DESPESAS DE CAPITAL",20000,0,20000,0,0,0,0,0,0,0,0,0,0,0.0,0.0,0.0,0.0,0.0,0.0,"fontesRecursos_b750ff25-b3f6-4d56-ad15-b536891ae3f1.csv","informacaoPlanejamento_860707eb-c511-490e-8ac4-904c64de9e56.csv"," "," "," "
"PREFEITURA MUNICIPAL DE CRICIUMA",2025,"GESTÃO DE QUALIDADE NO ENSINO","Manut. do Gabinete da Secretaria de Educação","Garantir espaço educativo adequado para a promoção da formação humana; fornecer materiais de consumo e didático, generos alimenticios, limpeza e outros paa as escolas e CEIMs; Acompanhar e das suporte administrativo e financeiro as Unidades Escolares; Manter e ampliar os espaços fisicos internos e externos das escolas e CEIMs.","SEC. MUN. DE EDUCAÇÃO","Gab. Secretaria de Educação",Educação,"Ensino Fundamental",1030,"Manut. do Gabinete da Secretaria de Educação","APLICAÇÕES DIRETAS",115,31900000000000,"APLICAÇÕES DIRETAS","PREFEITURA MUNICIPAL DE CRICIUMA","DESPESAS CORRENTES",2000000,0,2000000,0,0,0,0,0,0,0,0,0,0,0.0,0.0,0.0,0.0,0.0,0.0,"fontesRecursos_e177aab2-29d4-4315-bd72-9c5ff0192894.csv","informacaoPlanejamento_7252adac-f438-4ca4-ae6b-87992a2c2e34.csv"," "," "," "
"PREFEITURA MUNICIPAL DE CRICIUMA",2025,"GESTÃO DE QUALIDADE NA PERSPECTIVA DA EDUCAÇÃO INCLUSIVA","Educação Inclusiva","Implementara Politica Nacional de Educação Especial na perspectiva da Educação Inclusiva e o atendimento educacional especializado a toda rede; Garantir a oferta de Formação Bilingue em Lingua Brasileira de Sinais (LIBRAS); Articular o Convenio com Associação ADVISUL; Criar uma escola Polo de atencimento Bilingue; Adquirir materiais pedagogicos  para o atendimento dos alunos cegos.","SEC. MUN. DE EDUCAÇÃO","Educação Inclusiva",Educação,"Ensino Fundamental",1041,"Educação Inclusiva","APLICAÇÕES DIRETAS",150,44900000000000,"APLICAÇÕES DIRETAS","PREFEITURA MUNICIPAL DE CRICIUMA","DESPESAS DE CAPITAL",150000,-100000,50000,0,0,0,0,0,0,0,0,0,0,0.0,0.0,0.0,0.0,0.0,0.0,"fontesRecursos_43b4f41b-1ae5-4b55-851c-5e8d2d2fd8c9.csv","informacaoPlanejamento_e4c4ac6e-b0e9-467c-bb49-a4932e5bae33.csv"," ","suplementacoes_db6d9e4e-4b3d-4bb1-91ca-fbdb155f195c.csv"," "
"PREFEITURA MUNICIPAL DE CRICIUMA",2025,"GESTÃO DE QUALIDADE NO ENSINO","Manut. do Depto. Administrativo da Educação, formação continuada","Garantir espaço educativo adequado para a promoção da formação humana; fornecer materiais de consumo e didático, generos alimenticios, limpeza e outros paa as escolas e CEIMs; Acompanhar e das suporte administrativo e financeiro as Unidades Escolares; Manter e ampliar os espaços fisicos internos e externos das escolas e CEIMs.","SEC. MUN. DE EDUCAÇÃO","Administrativo da Educação",Educação,"Ensino Fundamental",1034,"Manut. do Depto. Administrativo da Educação, formação continuada","APLICAÇÕES DIRETAS",154,44900000000000,"APLICAÇÕES DIRETAS","PREFEITURA MUNICIPAL DE CRICIUMA","DESPESAS DE CAPITAL",5000000,-3735000,1265000,0,0,0,0,0,0,0,0,0,0,0.0,0.0,0.0,0.0,0.0,0.0,"fontesRecursos_e9e58921-d400-45dc-9e1d-19338c4c5d41.csv","informacaoPlanejamento_83c161e5-130f-4f36-80df-0b60b8f87690.csv"," ","suplementacoes_f70b1f01-6cb5-4c6e-8b32-42367dc98fc1.csv"," "
"PREFEITURA MUNICIPAL DE CRICIUMA",2025,"GESTÃO DE QUALIDADE NO ENSINO","Manut. do Depto. Administrativo da Educação, formação continuada","Garantir espaço educativo adequado para a promoção da formação humana; fornecer materiais de consumo e didático, generos alimenticios, limpeza e outros paa as escolas e CEIMs; Acompanhar e das suporte administrativo e financeiro as Unidades Escolares; Manter e ampliar os espaços fisicos internos e externos das escolas e CEIMs.","SEC. MUN. DE EDUCAÇÃO","Administrativo da Educação",Educação,"Ensino Fundamental",1034,"Manut. do Depto. Administrativo da Educação, formação continuada","APLICAÇÃO DIRETA DECORRENTE DE OPERAÇÃO ENTRE ÓRGÃOS, FUNDOS E ENTIDADES INTEGRANTES DOS ORÇAMENTOS FISCAL E DA SEGURIDADE SOCIAL",152,31910000000000,"APLICAÇÃO DIRETA DECORRENTE DE OPERAÇÃO ENTRE ÓRGÃOS, FUNDOS E ENTIDADES INTEGRANTES DOS ORÇAMENTOS FISCAL E DA SEGURIDADE SOCIAL","PREFEITURA MUNICIPAL DE CRICIUMA","DESPESAS CORRENTES",20000000,0,20000000,0,0,0,0,0,0,0,0,0,0,0.0,0.0,0.0,0.0,0.0,0.0,"fontesRecursos_a31881a9-3aa0-4c39-afa1-833b0e962b56.csv","informacaoPlanejamento_55a9d2b9-90d7-49e5-965e-b4599fde3f81.csv"," "," "," "
"PREFEITURA MUNICIPAL DE CRICIUMA",2025,"AVANÇAR CRICIUMA","Pontes/Passarelas/Viadutos/Elevados","Elaborar projetos arquitetônicos, urbanísticos e geométricos (rodoviários) de espaços públicos; Revisar e regulamentar constantemente a legislação urbanística do Plano Diretor; Executar obras de edificações e espaços públicos de interesse da coletividade. Garantir o desenvolvimento econômico do município por meio de execução de obras significativas ao crescimento urbano.Tornar à cidade mais humanizada, bonita e agradável de se viver, sempre em conformidade com o novo Plano Diretor do Municipio.","SEC. M. DE INFRAEST.,PLANEJ. E MOBILIDADE URBANA","Pontes/Passarelas/Viadutos/Elevados",Urbanismo,"Infra-Estrutura Urbana",1078,"Pontes/Passarelas/Viadutos/Elevados","APLICAÇÕES DIRETAS",198,44900000000000,"APLICAÇÕES DIRETAS","PREFEITURA MUNICIPAL DE CRICIUMA","DESPESAS DE CAPITAL",2500000,0,2500000,0,0,0,0,0,0,0,0,0,0,0.0,0.0,0.0,0.0,0.0,0.0,"fontesRecursos_d930aef5-8526-4bfc-95e8-f25badffe9f2.csv","informacaoPlanejamento_6447a38b-894f-47ae-af91-8692331667a3.csv"," "," "," "
"PREFEITURA MUNICIPAL DE CRICIUMA",2025,"GESTÃO DE QUALIDADE NO ENSINO","Unidades Escolares - Ensino Fundamental","Garantir espaço educativo adequado para a promoção da formação humana; fornecer materiais de consumo e didático, generos alimenticios, limpeza e outros paa as escolas e CEIMs; Acompanhar e das suporte administrativo e financeiro as Unidades Escolares; Manter e ampliar os espaços fisicos internos e externos das escolas e CEIMs.","SEC. MUN. DE EDUCAÇÃO","Unidades Escolares",Educação,"Ensino Fundamental",1032,"Unidades Escolares - Ensino Fundamental","APLICAÇÃO DIRETA DECORRENTE DE OPERAÇÃO ENTRE ÓRGÃOS, FUNDOS E ENTIDADES INTEGRANTES DOS ORÇAMENTOS FISCAL E DA SEGURIDADE SOCIAL",127,31910000000000,"APLICAÇÃO DIRETA DECORRENTE DE OPERAÇÃO ENTRE ÓRGÃOS, FUNDOS E ENTIDADES INTEGRANTES DOS ORÇAMENTOS FISCAL E DA SEGURIDADE SOCIAL","PREFEITURA MUNICIPAL DE CRICIUMA","DESPESAS CORRENTES",100000,0,100000,0,0,0,0,0,0,0,0,0,0,0.0,0.0,0.0,0.0,0.0,0.0,"fontesRecursos_5621982a-e549-4ad5-a8de-951e4e2ca7d9.csv","informacaoPlanejamento_3f110fcf-0eeb-4df3-8953-806fca1358a6.csv"," "," "," "
"PREFEITURA MUNICIPAL DE CRICIUMA",2025,"GESTÃO DE QUALIDADE NO ENSINO","Unidades Escolares - Ensino Fundamental","Garantir espaço educativo adequado para a promoção da formação humana; fornecer materiais de consumo e didático, generos alimenticios, limpeza e outros paa as escolas e CEIMs; Acompanhar e das suporte administrativo e financeiro as Unidades Escolares; Manter e ampliar os espaços fisicos internos e externos das escolas e CEIMs.","SEC. MUN. DE EDUCAÇÃO","Unidades Escolares",Educação,"Ensino Fundamental",1032,"Unidades Escolares - Ensino Fundamental","TRANSFERÊNCIAS A INSTITUIÇÕES PRIVADAS SEM FINS LUCRATIVOS",130,44500000000000,"TRANSFERÊNCIAS A INSTITUIÇÕES PRIVADAS SEM FINS LUCRATIVOS","PREFEITURA MUNICIPAL DE CRICIUMA","DESPESAS DE CAPITAL",130000,-80000,50000,0,0,0,0,0,0,0,0,0,0,0.0,0.0,0.0,0.0,0.0,0.0,"fontesRecursos_f4e76470-66b5-40ac-877c-17864f89c3b0.csv","informacaoPlanejamento_b7ff3b53-1e15-4847-a334-1bbf74870ce2.csv"," ","suplementacoes_cf8601fc-594e-4298-b164-ea595018b93b.csv"," "
"PREFEITURA MUNICIPAL DE CRICIUMA",2025,"GESTÃO ADMINISTRATIVA","Manut. da Diretoria de Transito e Transporte","Planejar a gestão publica atraves de implementações de dados gerenciais visando a redução de custos, e estrategicas na defesa civil do municipio.","GABINETE DO PREFEITO","Diretoria de Transito e Transporte",Urbanismo,"Infra-Estrutura Urbana",1013,"Manut. da Diretoria de Transito e Transporte","TRANSFERÊNCIAS À UNIÃO",40,33200000000000,"TRANSFERÊNCIAS À UNIÃO","PREFEITURA MUNICIPAL DE CRICIUMA","DESPESAS CORRENTES",40000,0,40000,0,0,0,0,0,0,0,0,0,0,0.0,0.0,0.0,0.0,0.0,0.0,"fontesRecursos_11fd3de7-0aa5-4859-b0ad-11d57d5bc55c.csv","informacaoPlanejamento_36ab5f16-5c0c-4cd2-a995-030eef072471.csv"," "," "," "
"PREFEITURA MUNICIPAL DE CRICIUMA",2025,"AVANÇAR CRICIUMA","Manut. do Fdo de Desenvolvimento Municipal/FUNDEM","Elaborar projetos arquitetônicos, urbanísticos e geométricos (rodoviários) de espaços públicos; Revisar e regulamentar constantemente a legislação urbanística do Plano Diretor; Executar obras de edificações e espaços públicos de interesse da coletividade. Garantir o desenvolvimento econômico do município por meio de execução de obras significativas ao crescimento urbano.Tornar à cidade mais humanizada, bonita e agradável de se viver, sempre em conformidade com o novo Plano Diretor do Municipio.","SEC. M. DE INFRAEST.,PLANEJ. E MOBILIDADE URBANA","Manut. Fdo. de Desenvolvimento Municipal/FUNDEM",Administração,"Administração Geral",1220,"Manut. do Fdo de Desenvolvimento Municipal/FUNDEM","APLICAÇÕES DIRETAS",215,44900000000000,"APLICAÇÕES DIRETAS","PREFEITURA MUNICIPAL DE CRICIUMA","DESPESAS DE CAPITAL",1500000,0,1500000,0,0,0,0,0,0,0,0,0,0,0.0,0.0,0.0,0.0,0.0,0.0,"fontesRecursos_b3a7ba2d-70ba-4fa7-ab95-67911c725149.csv","informacaoPlanejamento_1f8b8c59-902b-417c-9dee-337f838f7417.csv"," "," "," "
"PREFEITURA MUNICIPAL DE CRICIUMA",2025,"AVANÇAR CRICIUMA","Manut. do Fdo de Desenvolvimento Municipal/FUNDEM","Elaborar projetos arquitetônicos, urbanísticos e geométricos (rodoviários) de espaços públicos; Revisar e regulamentar constantemente a legislação urbanística do Plano Diretor; Executar obras de edificações e espaços públicos de interesse da coletividade. Garantir o desenvolvimento econômico do município por meio de execução de obras significativas ao crescimento urbano.Tornar à cidade mais humanizada, bonita e agradável de se viver, sempre em conformidade com o novo Plano Diretor do Municipio.","SEC. M. DE INFRAEST.,PLANEJ. E MOBILIDADE URBANA","Manut. Fdo. de Desenvolvimento Municipal/FUNDEM",Administração,"Administração Geral",1220,"Manut. do Fdo de Desenvolvimento Municipal/FUNDEM","APLICAÇÕES DIRETAS",214,33900000000000,"APLICAÇÕES DIRETAS","PREFEITURA MUNICIPAL DE CRICIUMA","DESPESAS CORRENTES",1500000,0,1500000,0,0,0,0,0,0,0,0,0,0,0.0,0.0,0.0,0.0,0.0,0.0,"fontesRecursos_680d0779-2a11-4eac-9737-d847806d9642.csv","informacaoPlanejamento_273268c5-cc3e-4149-ae3c-1c997665571f.csv"," "," "," "
"PREFEITURA MUNICIPAL DE CRICIUMA",2025,"GESTÃO ADMINISTRATIVA","Manut. da Diretoria de Transito e Transporte","Planejar a gestão publica atraves de implementações de dados gerenciais visando a redução de custos, e estrategicas na defesa civil do municipio.","GABINETE DO PREFEITO","Diretoria de Transito e Transporte",Urbanismo,"Infra-Estrutura Urbana",1013,"Manut. da Diretoria de Transito e Transporte","APLICAÇÃO DIRETA DECORRENTE DE OPERAÇÃO ENTRE ÓRGÃOS, FUNDOS E ENTIDADES INTEGRANTES DOS ORÇAMENTOS FISCAL E DA SEGURIDADE SOCIAL",39,31910000000000,"APLICAÇÃO DIRETA DECORRENTE DE OPERAÇÃO ENTRE ÓRGÃOS, FUNDOS E ENTIDADES INTEGRANTES DOS ORÇAMENTOS FISCAL E DA SEGURIDADE SOCIAL","PREFEITURA MUNICIPAL DE CRICIUMA","DESPESAS CORRENTES",50000,0,50000,0,0,0,0,0,0,0,0,0,0,0.0,0.0,0.0,0.0,0.0,0.0,"fontesRecursos_037449c5-cadf-484a-8dbc-c699921ba860.csv","informacaoPlanejamento_7db4f4c5-31c1-46b9-b387-d662b3cc0d16.csv"," "," "," "
"PREFEITURA MUNICIPAL DE CRICIUMA",2025,"GESTÃO ADMINISTRATIVA","Manutenção da Diretoria de Convênios e Captação de Recursos","Planejar a gestão publica atraves de implementações de dados gerenciais visando a redução de custos, e estrategicas na defesa civil do municipio.","SECRETARIA DE GOVERNANÇA","Diretoria de Convênios e Captação de Recursos",Administração,"Administração Geral",1252,"Manutenção da Diretoria de Convênios e Captação de Recursos","APLICAÇÕES DIRETAS",246,44900000000000,"APLICAÇÕES DIRETAS","PREFEITURA MUNICIPAL DE CRICIUMA","DESPESAS DE CAPITAL",0,15000,15000,0,0,0,0,0,0,0,0,0,0,0.0,0.0,0.0,0.0,0.0,0.0,"fontesRecursos_5ffceddb-212e-4da0-9f18-1df6657bade4.csv","informacaoPlanejamento_02c9e5de-348f-422a-8703-1c388be5105a.csv"," ","suplementacoes_a47ad0cc-ac26-4553-bb2b-3d12000c813d.csv"," "
"PREFEITURA MUNICIPAL DE CRICIUMA",2025,"GESTÃO ADMINISTRATIVA","Manutenção da Diretoria de Planejamento e Estratégia","Planejar a gestão publica atraves de implementações de dados gerenciais visando a redução de custos, e estrategicas na defesa civil do municipio.","SECRETARIA DE GOVERNANÇA","Diretoria de Planejamento e Estratégia",Administração,"Administração Geral",1253,"Manutenção da Diretoria de Planejamento e Estratégia","APLICAÇÕES DIRETAS",249,44900000000000,"APLICAÇÕES DIRETAS","PREFEITURA MUNICIPAL DE CRICIUMA","DESPESAS DE CAPITAL",0,13600,13600,0,0,0,0,0,0,0,0,0,0,0.0,0.0,0.0,0.0,0.0,0.0,"fontesRecursos_c9593d26-0357-479f-8b87-6aaab2bfbe11.csv","informacaoPlanejamento_2c8bbebc-b5e2-49f1-bfa6-a4c7ad80f458.csv"," ","suplementacoes_48ff4de2-81b6-450e-a481-07baceb97793.csv"," "
"PREFEITURA MUNICIPAL DE CRICIUMA",2025,"GESTÃO ADMINISTRATIVA","Manutenção da Diretoria de Transparência e Acesso à Informação","Planejar a gestão publica atraves de implementações de dados gerenciais visando a redução de custos, e estrategicas na defesa civil do municipio.","SECRETARIA DE GOVERNANÇA","Diretoria de Transparência e Acesso à Informação",Administração,"Tecnologia da Informatização",1254,"Manutenção da Diretoria de Transparência e Acesso à Informação","APLICAÇÕES DIRETAS",252,44900000000000,"APLICAÇÕES DIRETAS","PREFEITURA MUNICIPAL DE CRICIUMA","DESPESAS DE CAPITAL",0,15000,15000,0,0,0,0,0,0,0,0,0,0,0.0,0.0,0.0,0.0,0.0,0.0,"fontesRecursos_14b8958c-cf03-4df2-a389-1ea9d6494fa5.csv","informacaoPlanejamento_759c8ff7-13ab-46f1-bd65-f32a57c9a4fd.csv"," ","suplementacoes_be911011-9773-4a0c-a1a8-9a744f6e65fa.csv"," "
"PREFEITURA MUNICIPAL DE CRICIUMA",2025,"GESTÃO ADMINISTRATIVA","Manutenção do Comitê de Gestão e Compliance","Planejar a gestão publica atraves de implementações de dados gerenciais visando a redução de custos, e estrategicas na defesa civil do municipio.","COMITÊ DE GESTÃO E COMPLIANCE","Comitê de Gestão e Compliance",Administração,"Administração Geral",1256,"Manutenção do Comitê de Gestão e Compliance","APLICAÇÕES DIRETAS",258,44900000000000,"APLICAÇÕES DIRETAS","PREFEITURA MUNICIPAL DE CRICIUMA","DESPESAS DE CAPITAL",0,25000,25000,0,0,0,0,0,0,0,0,0,0,0.0,0.0,0.0,0.0,0.0,0.0,"fontesRecursos_fbd79b07-feed-41b3-8f24-d43458743efb.csv","informacaoPlanejamento_43c421fa-d54a-4bf3-8749-4b5aa26b8035.csv"," ","suplementacoes_1bc60f7c-80ac-4a37-a247-6c485ef98794.csv"," "
"PREFEITURA MUNICIPAL DE CRICIUMA",2025,"GESTÃO ADMINISTRATIVA","Manutenção da Ouvidoria","Planejar a gestão publica atraves de implementações de dados gerenciais visando a redução de custos, e estrategicas na defesa civil do municipio.","SECRETARIA DE GOVERNANÇA",Ouvidoria,Administração,"Administração Geral",1255,"Manutenção da Ouvidoria","APLICAÇÕES DIRETAS",255,44900000000000,"APLICAÇÕES DIRETAS","PREFEITURA MUNICIPAL DE CRICIUMA","DESPESAS DE CAPITAL",0,20000,20000,0,0,0,0,0,0,0,0,0,0,0.0,0.0,0.0,0.0,0.0,0.0,"fontesRecursos_82ce0f1b-d1bc-4747-b1a3-ed6fd93e051b.csv","informacaoPlanejamento_e3f509ff-eb7d-4e32-a15e-8ce08977bf69.csv"," ","suplementacoes_c5755d58-8bfa-44c2-a400-2850e8d0f085.csv"," "
"PREFEITURA MUNICIPAL DE CRICIUMA",2025,"GESTÃO ADMINISTRATIVA","Manutenção da Ouvidoria","Planejar a gestão publica atraves de implementações de dados gerenciais visando a redução de custos, e estrategicas na defesa civil do municipio.","SECRETARIA DE GOVERNANÇA",Ouvidoria,Administração,"Administração Geral",1255,"Manutenção da Ouvidoria","APLICAÇÕES DIRETAS",254,33900000000000,"APLICAÇÕES DIRETAS","PREFEITURA MUNICIPAL DE CRICIUMA","DESPESAS CORRENTES",0,20000,20000,0,0,0,0,0,0,0,0,0,0,0.0,0.0,0.0,0.0,0.0,0.0,"fontesRecursos_cf854f3a-a5c6-43e7-aa84-84eaf39d6f79.csv","informacaoPlanejamento_c30c9b1d-20fe-4e6b-af04-a58cf9cc5900.csv"," ","suplementacoes_c07d10a7-f170-44c1-b469-792f5a21c616.csv"," "
"PREFEITURA MUNICIPAL DE CRICIUMA",2025,"AVANÇAR CRICIUMA","Manutenção da Diretoria de Turismo","Elaborar projetos arquitetônicos, urbanísticos e geométricos (rodoviários) de espaços públicos; Revisar e regulamentar constantemente a legislação urbanística do Plano Diretor; Executar obras de edificações e espaços públicos de interesse da coletividade. Garantir o desenvolvimento econômico do município por meio de execução de obras significativas ao crescimento urbano.Tornar à cidade mais humanizada, bonita e agradável de se viver, sempre em conformidade com o novo Plano Diretor do Municipio.","SEC. DES. ECONÔMICO, INDÚSTRIA, COMÉRCIO E SERVIÇO","Diretoria de Turismo",Urbanismo,Turismo,1258,"Manutenção da Diretoria de Turismo","APLICAÇÕES DIRETAS",264,44900000000000,"APLICAÇÕES DIRETAS","PREFEITURA MUNICIPAL DE CRICIUMA","DESPESAS DE CAPITAL",0,60000,60000,0,0,0,0,0,0,0,0,0,0,0.0,0.0,0.0,0.0,0.0,0.0,"fontesRecursos_0e83c3bf-aca0-4bea-8e92-fe356d2e9947.csv","informacaoPlanejamento_15bc9c3f-60f5-4e84-9174-2091761d673a.csv"," ","suplementacoes_02f5fbae-3948-4617-bfe2-c2229097e574.csv"," "
"PREFEITURA MUNICIPAL DE CRICIUMA",2025,"AVANÇAR CRICIUMA","Manutenção da Diretoria de Planejamento Urbanístico","Elaborar projetos arquitetônicos, urbanísticos e geométricos (rodoviários) de espaços públicos; Revisar e regulamentar constantemente a legislação urbanística do Plano Diretor; Executar obras de edificações e espaços públicos de interesse da coletividade. Garantir o desenvolvimento econômico do município por meio de execução de obras significativas ao crescimento urbano.Tornar à cidade mais humanizada, bonita e agradável de se viver, sempre em conformidade com o novo Plano Diretor do Municipio.","SEC. DES. ECONÔMICO, INDÚSTRIA, COMÉRCIO E SERVIÇO","Diretoria de Planejamento Urbanístico",Administração,"Ordenamento Territorial",1257,"Manutenção da Diretoria de Planejamento Urbanístico","APLICAÇÕES DIRETAS",261,44900000000000,"APLICAÇÕES DIRETAS","PREFEITURA MUNICIPAL DE CRICIUMA","DESPESAS DE CAPITAL",0,200000,200000,0,0,0,0,0,0,0,0,0,0,0.0,0.0,0.0,0.0,0.0,0.0,"fontesRecursos_bfab318a-1a42-41d6-b0cb-0a0679d99b1d.csv","informacaoPlanejamento_8c5a7bf7-b3ae-403d-9145-0e91f94211da.csv"," ","suplementacoes_5b9cdcc2-dc8d-421e-89fa-3b209e7218b2.csv"," "
"PREFEITURA MUNICIPAL DE CRICIUMA",2025,"AVANÇAR CRICIUMA","Manutenção da Diretoria de Agricultura","Elaborar projetos arquitetônicos, urbanísticos e geométricos (rodoviários) de espaços públicos; Revisar e regulamentar constantemente a legislação urbanística do Plano Diretor; Executar obras de edificações e espaços públicos de interesse da coletividade. Garantir o desenvolvimento econômico do município por meio de execução de obras significativas ao crescimento urbano.Tornar à cidade mais humanizada, bonita e agradável de se viver, sempre em conformidade com o novo Plano Diretor do Municipio.","SEC. DES. ECONÔMICO, INDÚSTRIA, COMÉRCIO E SERVIÇO","Diretoria de Agricultura",Agricultura,"Extensão Rural",1259,"Manutenção da Diretoria de Agricultura","TRANSFERÊNCIAS A CONSÓRCIOS PÚBLICOS MEDIANTE CONTRATO DE RATEIO",268,33710000000000,"TRANSFERÊNCIAS A CONSÓRCIOS PÚBLICOS MEDIANTE CONTRATO DE RATEIO","PREFEITURA MUNICIPAL DE CRICIUMA","DESPESAS CORRENTES",0,10000,10000,0,0,0,0,0,0,0,0,0,0,0.0,0.0,0.0,0.0,0.0,0.0,"fontesRecursos_b1c339cb-ce0b-468e-b3dd-70b489b9fcfe.csv","informacaoPlanejamento_a45f5a40-be02-44d0-ae14-b260094fc7dc.csv"," ","suplementacoes_3307f162-7637-4bc5-b408-162281562837.csv"," "
"PREFEITURA MUNICIPAL DE CRICIUMA",2025,"AVANÇAR CRICIUMA","Manutenção da Diretoria de Agricultura","Elaborar projetos arquitetônicos, urbanísticos e geométricos (rodoviários) de espaços públicos; Revisar e regulamentar constantemente a legislação urbanística do Plano Diretor; Executar obras de edificações e espaços públicos de interesse da coletividade. Garantir o desenvolvimento econômico do município por meio de execução de obras significativas ao crescimento urbano.Tornar à cidade mais humanizada, bonita e agradável de se viver, sempre em conformidade com o novo Plano Diretor do Municipio.","SEC. DES. ECONÔMICO, INDÚSTRIA, COMÉRCIO E SERVIÇO","Diretoria de Agricultura",Agricultura,"Extensão Rural",1259,"Manutenção da Diretoria de Agricultura","TRANSFERÊNCIAS A INSTITUIÇÕES PRIVADAS SEM FINS LUCRATIVOS",267,33500000000000,"TRANSFERÊNCIAS A INSTITUIÇÕES PRIVADAS SEM FINS LUCRATIVOS","PREFEITURA MUNICIPAL DE CRICIUMA","DESPESAS CORRENTES",0,20000,20000,0,0,0,0,0,0,0,0,0,0,0.0,0.0,0.0,0.0,0.0,0.0,"fontesRecursos_1427ff96-a6d2-4764-9198-e5f505992772.csv","informacaoPlanejamento_2e8bc60a-8d91-4a6a-899d-b5836ac107a0.csv"," ","suplementacoes_5b016bae-6fb3-4cde-a17d-0da1675df21d.csv"," "
"PREFEITURA MUNICIPAL DE CRICIUMA",2025,"AVANÇAR CRICIUMA","Manutenção da Diretoria de Agricultura","Elaborar projetos arquitetônicos, urbanísticos e geométricos (rodoviários) de espaços públicos; Revisar e regulamentar constantemente a legislação urbanística do Plano Diretor; Executar obras de edificações e espaços públicos de interesse da coletividade. Garantir o desenvolvimento econômico do município por meio de execução de obras significativas ao crescimento urbano.Tornar à cidade mais humanizada, bonita e agradável de se viver, sempre em conformidade com o novo Plano Diretor do Municipio.","SEC. DES. ECONÔMICO, INDÚSTRIA, COMÉRCIO E SERVIÇO","Diretoria de Agricultura",Agricultura,"Extensão Rural",1259,"Manutenção da Diretoria de Agricultura","TRANSFERÊNCIAS A CONSÓRCIOS PÚBLICOS MEDIANTE CONTRATO DE RATEIO",270,44710000000000,"TRANSFERÊNCIAS A CONSÓRCIOS PÚBLICOS MEDIANTE CONTRATO DE RATEIO","PREFEITURA MUNICIPAL DE CRICIUMA","DESPESAS DE CAPITAL",0,10000,10000,0,0,0,0,0,0,0,0,0,0,0.0,0.0,0.0,0.0,0.0,0.0,"fontesRecursos_f34363d0-b70b-4452-bc4a-98b186da921f.csv","informacaoPlanejamento_dcd5cb2f-bf8d-4009-b025-0834c2226dd3.csv"," ","suplementacoes_0d81166b-3162-4d31-ba4d-78a8be740840.csv"," "
"PREFEITURA MUNICIPAL DE CRICIUMA",2025,"AVANÇAR CRICIUMA","Manutenção da Diretoria de Agricultura","Elaborar projetos arquitetônicos, urbanísticos e geométricos (rodoviários) de espaços públicos; Revisar e regulamentar constantemente a legislação urbanística do Plano Diretor; Executar obras de edificações e espaços públicos de interesse da coletividade. Garantir o desenvolvimento econômico do município por meio de execução de obras significativas ao crescimento urbano.Tornar à cidade mais humanizada, bonita e agradável de se viver, sempre em conformidade com o novo Plano Diretor do Municipio.","SEC. DES. ECONÔMICO, INDÚSTRIA, COMÉRCIO E SERVIÇO","Diretoria de Agricultura",Agricultura,"Extensão Rural",1259,"Manutenção da Diretoria de Agricultura","TRANSFERÊNCIAS A CONSÓRCIOS PÚBLICOS MEDIANTE CONTRATO DE RATEIO",265,31710000000000,"TRANSFERÊNCIAS A CONSÓRCIOS PÚBLICOS MEDIANTE CONTRATO DE RATEIO","PREFEITURA MUNICIPAL DE CRICIUMA","DESPESAS CORRENTES",0,20000,20000,0,0,0,0,0,0,0,0,0,0,0.0,0.0,0.0,0.0,0.0,0.0,"fontesRecursos_3d85f658-8ea9-4d57-9b5b-aa781e549cae.csv","informacaoPlanejamento_8f0ed063-ed84-4d57-aaee-3c6dc0d40df7.csv"," ","suplementacoes_b94935a7-5fda-4737-98f3-280f54a39c54.csv"," "
"PREFEITURA MUNICIPAL DE CRICIUMA",2025,"GESTÃO DE QUALIDADE NA EDUCAÇÃO INFANTIL","Convênios com Entidades Educacionais","Garantir espço educativo adequado para a promoção da formação humana; Ampliar o numero de crianças atendidas na Educação Infantil na faixa etária de 4 a 5 anos  na rede Municipal de Educação; Ampliar os espaços fisicos dos CEIMs; Fornecer materiais diversos e outros para a manutenção dos CEIMs; Ampliar a equipe tecnica Pedagogica para atender as especifidades da Ed. Infantil; Fomentar Pojetos Educativos nos CEIMs.","SEC. MUN. DE EDUCAÇÃO","Unidades Escolares",Educação,"Educação Infantil",1039,"Convênios com Entidades Educacionais","APLICAÇÕES DIRETAS",132,31900000000000,"APLICAÇÕES DIRETAS","PREFEITURA MUNICIPAL DE CRICIUMA","DESPESAS CORRENTES",100000,0,100000,0,0,0,0,0,0,0,0,0,0,0.0,0.0,0.0,0.0,0.0,0.0,"fontesRecursos_d67f66d0-df2b-4231-96db-72d387987487.csv","informacaoPlanejamento_7d15f37b-1deb-44ef-845f-e27a904d3bed.csv"," "," "," "
"PREFEITURA MUNICIPAL DE CRICIUMA",2025,"GESTÃO DE QUALIDADE NO ENSINO","Auxílio ao Ensino Médio","Garantir espaço educativo adequado para a promoção da formação humana; fornecer materiais de consumo e didático, generos alimenticios, limpeza e outros paa as escolas e CEIMs; Acompanhar e das suporte administrativo e financeiro as Unidades Escolares; Manter e ampliar os espaços fisicos internos e externos das escolas e CEIMs.","SEC. MUN. DE EDUCAÇÃO","Auxilio ao Ensino",Educação,"Ensino Médio",1232,"Auxílio ao Ensino Médio","TRANSFERÊNCIAS A INSTITUIÇÕES PRIVADAS SEM FINS LUCRATIVOS",144,33500000000000,"TRANSFERÊNCIAS A INSTITUIÇÕES PRIVADAS SEM FINS LUCRATIVOS","PREFEITURA MUNICIPAL DE CRICIUMA","DESPESAS CORRENTES",1000000,0,1000000,0,0,0,0,0,0,0,0,0,0,0.0,0.0,0.0,0.0,0.0,0.0,"fontesRecursos_80a44943-02ae-446a-b69a-452af7371764.csv","informacaoPlanejamento_736009d7-2149-41eb-a326-07456ab53c83.csv"," "," "," "
"PREFEITURA MUNICIPAL DE CRICIUMA",2025,"AVANÇAR CRICIUMA","Pavimentação/Recup/Revitalização/Mobilidade Urbana/Emprestimo FONPLATA, BNDES/BRDE","Elaborar projetos arquitetônicos, urbanísticos e geométricos (rodoviários) de espaços públicos; Revisar e regulamentar constantemente a legislação urbanística do Plano Diretor; Executar obras de edificações e espaços públicos de interesse da coletividade. Garantir o desenvolvimento econômico do município por meio de execução de obras significativas ao crescimento urbano.Tornar à cidade mais humanizada, bonita e agradável de se viver, sempre em conformidade com o novo Plano Diretor do Municipio.","SEC. M. DE INFRAEST.,PLANEJ. E MOBILIDADE URBANA","Abertura/Pavimentação/Manut. de Vias Públicas",Urbanismo,"Infra-Estrutura Urbana",1079,"Pavimentação/Recup/Revitalização/Mobilidade Urbana/Emprestimo FONPLATA, BNDES/BRDE","TRANSFERÊNCIAS A INSTITUIÇÕES PRIVADAS COM FINS LUCRATIVOS",200,44600000000000,"TRANSFERÊNCIAS A INSTITUIÇÕES PRIVADAS COM FINS LUCRATIVOS","PREFEITURA MUNICIPAL DE CRICIUMA","DESPESAS DE CAPITAL",100000,0,100000,0,0,0,0,0,0,0,0,0,0,0.0,0.0,0.0,0.0,0.0,0.0,"fontesRecursos_da23237e-0fdb-47b6-b47a-996d76f44471.csv","informacaoPlanejamento_a9edc138-3fa4-4cd3-8f79-f9ae34b804ba.csv"," "," "," "
"PREFEITURA MUNICIPAL DE CRICIUMA",2025,"GESTÃO DE QUALIDADE NO ENSINO","Creches e Pré-Escolares - Educação Infantil","Garantir espaço educativo adequado para a promoção da formação humana; fornecer materiais de consumo e didático, generos alimenticios, limpeza e outros paa as escolas e CEIMs; Acompanhar e das suporte administrativo e financeiro as Unidades Escolares; Manter e ampliar os espaços fisicos internos e externos das escolas e CEIMs.","SEC. MUN. DE EDUCAÇÃO","Creches e Pré-Escolares",Educação,"Educação Infantil",1031,"Creches e Pré-Escolares - Educação Infantil","APLICAÇÃO DIRETA DECORRENTE DE OPERAÇÃO ENTRE ÓRGÃOS, FUNDOS E ENTIDADES INTEGRANTES DOS ORÇAMENTOS FISCAL E DA SEGURIDADE SOCIAL",120,31910000000000,"APLICAÇÃO DIRETA DECORRENTE DE OPERAÇÃO ENTRE ÓRGÃOS, FUNDOS E ENTIDADES INTEGRANTES DOS ORÇAMENTOS FISCAL E DA SEGURIDADE SOCIAL","PREFEITURA MUNICIPAL DE CRICIUMA","DESPESAS CORRENTES",400000,0,400000,0,0,0,0,0,0,0,0,0,0,0.0,0.0,0.0,0.0,0.0,0.0,"fontesRecursos_12ce8a70-f18f-4978-83be-4bb8e84d138b.csv","informacaoPlanejamento_19b05347-4ccd-4101-ad94-dc7ba1b7fc24.csv"," "," "," "
"PREFEITURA MUNICIPAL DE CRICIUMA",2025,"AVANÇAR CRICIUMA","Coleta de Materiais em Comunidades","Elaborar projetos arquitetônicos, urbanísticos e geométricos (rodoviários) de espaços públicos; Revisar e regulamentar constantemente a legislação urbanística do Plano Diretor; Executar obras de edificações e espaços públicos de interesse da coletividade. Garantir o desenvolvimento econômico do município por meio de execução de obras significativas ao crescimento urbano.Tornar à cidade mais humanizada, bonita e agradável de se viver, sempre em conformidade com o novo Plano Diretor do Municipio.","SEC. M. DE INFRAEST.,PLANEJ. E MOBILIDADE URBANA","Coleta de Resíduos Sólidos","Gestão Ambiental","Preservação e Conservação Ambiental",1080,"Coleta de Materiais em Comunidades","APLICAÇÕES DIRETAS",203,44900000000000,"APLICAÇÕES DIRETAS","PREFEITURA MUNICIPAL DE CRICIUMA","DESPESAS DE CAPITAL",50000,0,50000,0,0,0,0,0,0,0,0,0,0,0.0,0.0,0.0,0.0,0.0,0.0,"fontesRecursos_248a4339-e68d-4466-a30a-79693777371c.csv","informacaoPlanejamento_d60e8965-52a0-4139-a997-d80a647bea6d.csv"," "," "," "
"PREFEITURA MUNICIPAL DE CRICIUMA",2025,"GESTÃO FISCAL E FINANCEIRA","Manut. do Patrimonio","Que as receitas possam crescer o suficiente para podermos cobrir as despesas fixas, e ainda obtermos sobra para os investimentos.","SEC. MUN. DA FAZENDA","Gab. Secretaria da Fazenda",Administração,"Administração Geral",1025,"Manut. do Patrimonio","APLICAÇÕES DIRETAS",69,31900000000000,"APLICAÇÕES DIRETAS","PREFEITURA MUNICIPAL DE CRICIUMA","DESPESAS CORRENTES",900000,-798497.82,101502.18,101502.18,101502.18,101502.18,101502.18,0.0,101502.18,0,101502.18,0.0,0.0,11.28,100.0,11.28,100.0,11.28,100.0,"fontesRecursos_2376c10e-64fa-4c5a-86c9-19d1c8c12dd4.csv","informacaoPlanejamento_3c326117-5907-4308-ad7a-0e1e1033c6fd.csv","empenhos_a35cb8b8-0d1a-4f8e-88c6-884b1548303e.csv","suplementacoes_c8b72a52-66e6-41f4-b6ad-02f8718806d9.csv"," "
"PREFEITURA MUNICIPAL DE CRICIUMA",2025,"GESTÃO FISCAL E FINANCEIRA","Manut. do Patrimonio","Que as receitas possam crescer o suficiente para podermos cobrir as despesas fixas, e ainda obtermos sobra para os investimentos.","SEC. MUN. DA FAZENDA","Gab. Secretaria da Fazenda",Administração,"Administração Geral",1025,"Manut. do Patrimonio","APLICAÇÕES DIRETAS",71,44900000000000,"APLICAÇÕES DIRETAS","PREFEITURA MUNICIPAL DE CRICIUMA","DESPESAS DE CAPITAL",200000,-200000,0,0,0,0,0,0,0,0,0,0,0,0.0,0.0,0.0,0.0,0.0,0.0,"fontesRecursos_7722cdbc-dca5-4f7d-974e-fc9091da022c.csv","informacaoPlanejamento_e5d0ab02-c7cf-4385-b6c2-4f2bff01d097.csv"," ","suplementacoes_8e825834-f6d7-478c-b734-e550d48f2df7.csv"," "
"PREFEITURA MUNICIPAL DE CRICIUMA",2025,"AVANÇAR CRICIUMA","Manutenção do Conselho de Coordenação Geral, Planejamento e Gestão","Elaborar projetos arquitetônicos, urbanísticos e geométricos (rodoviários) de espaços públicos; Revisar e regulamentar constantemente a legislação urbanística do Plano Diretor; Executar obras de edificações e espaços públicos de interesse da coletividade. Garantir o desenvolvimento econômico do município por meio de execução de obras significativas ao crescimento urbano.Tornar à cidade mais humanizada, bonita e agradável de se viver, sempre em conformidade com o novo Plano Diretor do Municipio.","SEC. DES. ECONÔMICO, INDÚSTRIA, COMÉRCIO E SERVIÇO","Conselho de Coordenação Geral, Planejam. e Gestão",Administração,"Administração Geral",1261,"Manutenção do Conselho de Coordenação Geral, Planejamento e Gestão","APLICAÇÕES DIRETAS",277,44900000000000,"APLICAÇÕES DIRETAS","PREFEITURA MUNICIPAL DE CRICIUMA","DESPESAS DE CAPITAL",0,20000,20000,0,0,0,0,0,0,0,0,0,0,0.0,0.0,0.0,0.0,0.0,0.0,"fontesRecursos_3bf50ca2-12d5-4dea-acae-41448636ecd9.csv","informacaoPlanejamento_012a3e45-65a5-44f7-85a0-37ce22f95f47.csv"," ","suplementacoes_f5d9ab87-2f94-48d4-b443-7ebfd090a8bc.csv"," "
"PREFEITURA MUNICIPAL DE CRICIUMA",2025,"AVANÇAR CRICIUMA","Manutenção do Conselho de Coordenação Geral, Planejamento e Gestão","Elaborar projetos arquitetônicos, urbanísticos e geométricos (rodoviários) de espaços públicos; Revisar e regulamentar constantemente a legislação urbanística do Plano Diretor; Executar obras de edificações e espaços públicos de interesse da coletividade. Garantir o desenvolvimento econômico do município por meio de execução de obras significativas ao crescimento urbano.Tornar à cidade mais humanizada, bonita e agradável de se viver, sempre em conformidade com o novo Plano Diretor do Municipio.","SEC. DES. ECONÔMICO, INDÚSTRIA, COMÉRCIO E SERVIÇO","Conselho de Coordenação Geral, Planejam. e Gestão",Administração,"Administração Geral",1261,"Manutenção do Conselho de Coordenação Geral, Planejamento e Gestão","APLICAÇÕES DIRETAS",276,33900000000000,"APLICAÇÕES DIRETAS","PREFEITURA MUNICIPAL DE CRICIUMA","DESPESAS CORRENTES",0,20000,20000,0,0,0,0,0,0,0,0,0,0,0.0,0.0,0.0,0.0,0.0,0.0,"fontesRecursos_43272129-7214-4ab4-a0c0-89d3deec4ef6.csv","informacaoPlanejamento_df048b40-3f33-419d-bdfa-a35d0e27e273.csv"," ","suplementacoes_54cf9484-e449-48a2-bd43-ca7c2e054c5e.csv"," "
"PREFEITURA MUNICIPAL DE CRICIUMA",2025,"AVANÇAR CRICIUMA","Manutenção do Conselho de Coordenação Geral, Planejamento e Gestão","Elaborar projetos arquitetônicos, urbanísticos e geométricos (rodoviários) de espaços públicos; Revisar e regulamentar constantemente a legislação urbanística do Plano Diretor; Executar obras de edificações e espaços públicos de interesse da coletividade. Garantir o desenvolvimento econômico do município por meio de execução de obras significativas ao crescimento urbano.Tornar à cidade mais humanizada, bonita e agradável de se viver, sempre em conformidade com o novo Plano Diretor do Municipio.","SEC. DES. ECONÔMICO, INDÚSTRIA, COMÉRCIO E SERVIÇO","Conselho de Coordenação Geral, Planejam. e Gestão",Administração,"Administração Geral",1261,"Manutenção do Conselho de Coordenação Geral, Planejamento e Gestão","APLICAÇÕES DIRETAS",275,31900000000000,"APLICAÇÕES DIRETAS","PREFEITURA MUNICIPAL DE CRICIUMA","DESPESAS CORRENTES",0,60000,60000,0,0,0,0,0,0,0,0,0,0,0.0,0.0,0.0,0.0,0.0,0.0,"fontesRecursos_4632dc23-cab7-48af-87ab-c8409feaceec.csv","informacaoPlanejamento_5d3884ee-89bd-4966-bf2a-6ded4339c3b7.csv"," ","suplementacoes_9570f8e6-6226-4b72-a8f4-584d0e924434.csv"," "
"PREFEITURA MUNICIPAL DE CRICIUMA",2025,"AVANÇAR CRICIUMA","Manutenção da Diretoria de Empreendedorismo","Elaborar projetos arquitetônicos, urbanísticos e geométricos (rodoviários) de espaços públicos; Revisar e regulamentar constantemente a legislação urbanística do Plano Diretor; Executar obras de edificações e espaços públicos de interesse da coletividade. Garantir o desenvolvimento econômico do município por meio de execução de obras significativas ao crescimento urbano.Tornar à cidade mais humanizada, bonita e agradável de se viver, sempre em conformidade com o novo Plano Diretor do Municipio.","SEC. DES. ECONÔMICO, INDÚSTRIA, COMÉRCIO E SERVIÇO","Diretoria de Empreendedorismo",Administração,"Administração Geral",1260,"Manutenção da Diretoria de Empreendedorismo","APLICAÇÕES DIRETAS",274,44900000000000,"APLICAÇÕES DIRETAS","PREFEITURA MUNICIPAL DE CRICIUMA","DESPESAS DE CAPITAL",0,20000,20000,0,0,0,0,0,0,0,0,0,0,0.0,0.0,0.0,0.0,0.0,0.0,"fontesRecursos_e446c452-dcd2-4c4e-9cc1-e6f1a6433f25.csv","informacaoPlanejamento_59acaa80-5be6-4db5-8377-19b5f142c7f1.csv"," ","suplementacoes_916bb5ef-3d3a-4fa7-bd40-03acb1b37eb5.csv"," "
"PREFEITURA MUNICIPAL DE CRICIUMA",2025,"CONSCIENTIZAÇÃO AMBIENTAL","Manutenção da Diretoria de Meio Ambiente","Incentivar a conscientização ambiental entre os cidadãos e promover a conservação do meio ambiente para a melhoria da qualidade de vida.","COMITÊ DE MEIO AMBIENTE E SANEAMENTO BÁSICO","Diretoria de Meio Ambiente","Gestão Ambiental","Administração Geral",1262,"Manutenção da Diretoria de Meio Ambiente","APLICAÇÃO DIRETA DECORRENTE DE OPERAÇÃO ENTRE ÓRGÃOS, FUNDOS E ENTIDADES INTEGRANTES DOS ORÇAMENTOS FISCAL E DA SEGURIDADE SOCIAL",279,31910000000000,"APLICAÇÃO DIRETA DECORRENTE DE OPERAÇÃO ENTRE ÓRGÃOS, FUNDOS E ENTIDADES INTEGRANTES DOS ORÇAMENTOS FISCAL E DA SEGURIDADE SOCIAL","PREFEITURA MUNICIPAL DE CRICIUMA","DESPESAS CORRENTES",0,300000,300000,0,0,0,0,0,0,0,0,0,0,0.0,0.0,0.0,0.0,0.0,0.0,"fontesRecursos_29f60548-5d7d-4d95-8e0f-689c9e62839d.csv","informacaoPlanejamento_e793c215-fe5a-4693-996e-91c679c9b64b.csv"," ","suplementacoes_9139e451-26c8-4e2b-97e6-16ffa59f10a0.csv"," "
"PREFEITURA MUNICIPAL DE CRICIUMA",2025,"AVANÇAR CRICIUMA","Manutenção da Diretoria de Empreendedorismo","Elaborar projetos arquitetônicos, urbanísticos e geométricos (rodoviários) de espaços públicos; Revisar e regulamentar constantemente a legislação urbanística do Plano Diretor; Executar obras de edificações e espaços públicos de interesse da coletividade. Garantir o desenvolvimento econômico do município por meio de execução de obras significativas ao crescimento urbano.Tornar à cidade mais humanizada, bonita e agradável de se viver, sempre em conformidade com o novo Plano Diretor do Municipio.","SEC. DES. ECONÔMICO, INDÚSTRIA, COMÉRCIO E SERVIÇO","Diretoria de Empreendedorismo",Administração,"Administração Geral",1260,"Manutenção da Diretoria de Empreendedorismo","APLICAÇÕES DIRETAS",273,33900000000000,"APLICAÇÕES DIRETAS","PREFEITURA MUNICIPAL DE CRICIUMA","DESPESAS CORRENTES",0,20000,20000,0,0,0,0,0,0,0,0,0,0,0.0,0.0,0.0,0.0,0.0,0.0,"fontesRecursos_cf89a38b-3b3a-4df2-9970-cd0d9c0710ca.csv","informacaoPlanejamento_85d98d2f-d866-4dea-817b-00bcae1158d8.csv"," ","suplementacoes_1743521a-da64-40fb-97e7-9f1862dfe629.csv"," "
"PREFEITURA MUNICIPAL DE CRICIUMA",2025,"AVANÇAR CRICIUMA","Manutenção da Diretoria de Agricultura","Elaborar projetos arquitetônicos, urbanísticos e geométricos (rodoviários) de espaços públicos; Revisar e regulamentar constantemente a legislação urbanística do Plano Diretor; Executar obras de edificações e espaços públicos de interesse da coletividade. Garantir o desenvolvimento econômico do município por meio de execução de obras significativas ao crescimento urbano.Tornar à cidade mais humanizada, bonita e agradável de se viver, sempre em conformidade com o novo Plano Diretor do Municipio.","SEC. DES. ECONÔMICO, INDÚSTRIA, COMÉRCIO E SERVIÇO","Diretoria de Agricultura",Agricultura,"Extensão Rural",1259,"Manutenção da Diretoria de Agricultura","APLICAÇÕES DIRETAS",271,44900000000000,"APLICAÇÕES DIRETAS","PREFEITURA MUNICIPAL DE CRICIUMA","DESPESAS DE CAPITAL",0,720000,720000,0,0,0,0,0,0,0,0,0,0,0.0,0.0,0.0,0.0,0.0,0.0,"fontesRecursos_78977447-7fe8-4bd9-9e29-ee12eb09e42e.csv","informacaoPlanejamento_eafd77f4-f334-46c6-95c2-8e6856b08df4.csv"," ","suplementacoes_b7f9ad5f-ff0f-46f0-a2d4-e29729028b6b.csv"," "
"PREFEITURA MUNICIPAL DE CRICIUMA",2025,"CULTURA PARA TODOS","Apoio Financeiro ao Setor Cultural - Lei Paulo Gustavo,","Tem por objetivo incentivar, difundir, fomentar e promover a prática e o desenvolvimento de atividades culturais artísticas e turísticas do Município. Atender melhor as crianças através dos programas disponíveis e os a serem ampliados e melhorados.","GABINETE DO PREFEITO","Gabinete do Prefeito",Cultura,"Difusão Cultural",1244,"Apoio Financeiro ao Setor Cultural - Lei Paulo Gustavo,","APLICAÇÕES DIRETAS",282,33900000000000,"APLICAÇÕES DIRETAS","PREFEITURA MUNICIPAL DE CRICIUMA","DESPESAS CORRENTES",0,200000.0,200000.0,107135.71,107135.71,107135.71,107135.71,0.0,107135.71,0,107135.71,0.0,0.0,0.0,53.57,0.0,53.57,0.0,186.68,"fontesRecursos_f3d1b761-1238-4650-85b6-dd824f2940c8.csv","informacaoPlanejamento_f606b70e-9990-41f4-8672-b041e6470bbb.csv","empenhos_77e91c61-f070-4843-9b9d-fad0c967ea70.csv","suplementacoes_4301e49b-b8de-4923-9167-f7ba830c0970.csv"," "
"PREFEITURA MUNICIPAL DE CRICIUMA",2025,"GESTÃO ADMINISTRATIVA","Manutenção da Diretoria de Atos Oficiais e Gestão de Pessoas","Planejar a gestão publica atraves de implementações de dados gerenciais visando a redução de custos, e estrategicas na defesa civil do municipio.","GABINETE DO PREFEITO","Gabinete do Prefeito",Administração,"Administração Geral",1246,"Manutenção da Diretoria de Atos Oficiais e Gestão de Pessoas","APLICAÇÕES DIRETAS",228,44900000000000,"APLICAÇÕES DIRETAS","PREFEITURA MUNICIPAL DE CRICIUMA","DESPESAS DE CAPITAL",0,250000,250000,0,0,0,0,0,0,0,0,0,0,0.0,0.0,0.0,0.0,0.0,0.0,"fontesRecursos_ff2d018e-e9f2-4056-a5c1-af9267403309.csv","informacaoPlanejamento_3d58b7db-6ded-4c98-9048-8c05127419f8.csv"," ","suplementacoes_7ef8ac3a-02c0-4251-b9fc-e155f4ad504d.csv"," "
"PREFEITURA MUNICIPAL DE CRICIUMA",2025,"GESTÃO ADMINISTRATIVA","Manutenção da Diretoria de Atos Oficiais e Gestão de Pessoas","Planejar a gestão publica atraves de implementações de dados gerenciais visando a redução de custos, e estrategicas na defesa civil do municipio.","GABINETE DO PREFEITO","Gabinete do Prefeito",Administração,"Administração Geral",1246,"Manutenção da Diretoria de Atos Oficiais e Gestão de Pessoas","APLICAÇÃO DIRETA DECORRENTE DE OPERAÇÃO ENTRE ÓRGÃOS, FUNDOS E ENTIDADES INTEGRANTES DOS ORÇAMENTOS FISCAL E DA SEGURIDADE SOCIAL",226,31910000000000,"APLICAÇÃO DIRETA DECORRENTE DE OPERAÇÃO ENTRE ÓRGÃOS, FUNDOS E ENTIDADES INTEGRANTES DOS ORÇAMENTOS FISCAL E DA SEGURIDADE SOCIAL","PREFEITURA MUNICIPAL DE CRICIUMA","DESPESAS CORRENTES",0,6550000,6550000,0,0,0,0,0,0,0,0,0,0,0.0,0.0,0.0,0.0,0.0,0.0,"fontesRecursos_df395292-2077-42b2-be10-bb9eecbc5b3c.csv","informacaoPlanejamento_1a4aca8f-734f-4a8c-9729-c2c8eb6ba361.csv"," ","suplementacoes_f94cde2e-943a-423f-be75-51600751f831.csv"," "
"FUNDO MUNICIPAL DE SAUDE DE CRICIUMA",2025,"SAUDE PARA TODOS","Manutenção DST/HIV/AIDS","Realizar ações de promoção e prevenção à saúde na rede básica e Estratégia Saúde da Família, e ações curativas na rede secundaria e terciária do sistema municipal da saúde.","FUNDO MUNICIPAL DE SAÚDE","Fundo Mun. de Saúde",Saúde,"Vigilância Epidemiológica",1206,"Manutenção DST/HIV/AIDS","APLICAÇÕES DIRETAS",55,44900000000000,"APLICAÇÕES DIRETAS","FUNDO MUNICIPAL DE SAUDE DE CRICIUMA","DESPESAS DE CAPITAL",100000,0,100000,0,0,0,0,0,0,0,0,0,0,0.0,0.0,0.0,0.0,0.0,0.0,"fontesRecursos_0112a746-315c-45f4-a6d4-b7cebedc6cae.csv","informacaoPlanejamento_7558792d-f401-4df6-86f2-32f16addd3c8.csv"," "," "," "
"FUNDO MUNICIPAL DE SAUDE DE CRICIUMA",2025,"SAUDE PARA TODOS","Manut. do Programa de Melhoria do Acesso/Qualid. da Atenção Básica-PMAQ","Realizar ações de promoção e prevenção à saúde na rede básica e Estratégia Saúde da Família, e ações curativas na rede secundaria e terciária do sistema municipal da saúde.","FUNDO MUNICIPAL DE SAÚDE","Fundo Mun. de Saúde",Saúde,"Atenção Básica",1061,"Manut. do Programa de Melhoria do Acesso/Qualid. da Atenção Básica-PMAQ","APLICAÇÕES DIRETAS",45,31900000000000,"APLICAÇÕES DIRETAS","FUNDO MUNICIPAL DE SAUDE DE CRICIUMA","DESPESAS CORRENTES",100000,0,100000,0,0,0,0,0,0,0,0,0,0,0.0,0.0,0.0,0.0,0.0,0.0,"fontesRecursos_c47310d3-d6a4-4908-b4de-3f348f5933a8.csv","informacaoPlanejamento_65994d6e-c2f4-46cc-9a13-74ae31ebba0b.csv"," "," "," "
"FUNDO MUNICIPAL DE SAUDE DE CRICIUMA",2025,"SAUDE PARA TODOS","Manut. Gabinete do (a) Secretário (a)","Realizar ações de promoção e prevenção à saúde na rede básica e Estratégia Saúde da Família, e ações curativas na rede secundaria e terciária do sistema municipal da saúde.","FUNDO MUNICIPAL DE SAÚDE","Fundo Mun. de Saúde",Saúde,"Atenção Básica",1062,"Manut. Gabinete do (a) Secretário (a)","APLICAÇÕES DIRETAS",50,44900000000000,"APLICAÇÕES DIRETAS","FUNDO MUNICIPAL DE SAUDE DE CRICIUMA","DESPESAS DE CAPITAL",20000,0,20000,0,0,0,0,0,0,0,0,0,0,0.0,0.0,0.0,0.0,0.0,0.0,"fontesRecursos_3b95093c-71ea-40cd-bf89-772d40fb50f7.csv","informacaoPlanejamento_9a3de4b6-748d-44a4-a005-df4acc16544b.csv"," "," "," "
"FUNDO MUNICIPAL DE SAUDE DE CRICIUMA",2025,"SAUDE PARA TODOS","Manut. do Programa de Melhoria do Acesso/Qualid. da Atenção Básica-PMAQ","Realizar ações de promoção e prevenção à saúde na rede básica e Estratégia Saúde da Família, e ações curativas na rede secundaria e terciária do sistema municipal da saúde.","FUNDO MUNICIPAL DE SAÚDE","Fundo Mun. de Saúde",Saúde,"Atenção Básica",1061,"Manut. do Programa de Melhoria do Acesso/Qualid. da Atenção Básica-PMAQ","APLICAÇÕES DIRETAS",46,33900000000000,"APLICAÇÕES DIRETAS","FUNDO MUNICIPAL DE SAUDE DE CRICIUMA","DESPESAS CORRENTES",6000000,0,6000000,0,0,0,0,0,0,0,0,0,0,0.0,0.0,0.0,0.0,0.0,0.0,"fontesRecursos_8ed42972-d8a5-449a-bc05-8bcd90a90295.csv","informacaoPlanejamento_41930beb-a700-4fb9-954e-15dd475654ed.csv"," "," "," "
"FUNDO MUNICIPAL DE SAUDE DE CRICIUMA",2025,"SAUDE PARA TODOS","Manut. do Programa de Melhoria do Acesso/Qualid. da Atenção Básica-PMAQ","Realizar ações de promoção e prevenção à saúde na rede básica e Estratégia Saúde da Família, e ações curativas na rede secundaria e terciária do sistema municipal da saúde.","FUNDO MUNICIPAL DE SAÚDE","Fundo Mun. de Saúde",Saúde,"Atenção Básica",1061,"Manut. do Programa de Melhoria do Acesso/Qualid. da Atenção Básica-PMAQ","APLICAÇÕES DIRETAS",47,44900000000000,"APLICAÇÕES DIRETAS","FUNDO MUNICIPAL DE SAUDE DE CRICIUMA","DESPESAS DE CAPITAL",500000,0,500000,0,0,0,0,0,0,0,0,0,0,0.0,0.0,0.0,0.0,0.0,0.0,"fontesRecursos_4609b51e-c3a6-4e43-91bf-69fa1ffae46a.csv","informacaoPlanejamento_b3904120-f207-422e-8e94-48aa7081f5b4.csv"," "," "," "
"FUNDO MUNICIPAL DE SAUDE DE CRICIUMA",2025,"SAUDE PARA TODOS","Manut. da Saude Bucal-ESF","Realizar ações de promoção e prevenção à saúde na rede básica e Estratégia Saúde da Família, e ações curativas na rede secundaria e terciária do sistema municipal da saúde.","FUNDO MUNICIPAL DE SAÚDE","Fundo Mun. de Saúde",Saúde,"Atenção Básica",1060,"Manut. da Saude Bucal-ESF","APLICAÇÕES DIRETAS",42,31900000000000,"APLICAÇÕES DIRETAS","FUNDO MUNICIPAL DE SAUDE DE CRICIUMA","DESPESAS CORRENTES",2000000,0,2000000,0,0,0,0,0,0,0,0,0,0,0.0,0.0,0.0,0.0,0.0,0.0,"fontesRecursos_377cb947-2029-4f76-913c-778b32e67377.csv","informacaoPlanejamento_44ca8e6e-95f4-41bb-9ed4-ae4b290b48e4.csv"," "," "," "
"FUNDO MUNICIPAL DE SAUDE DE CRICIUMA",2025,"SAUDE PARA TODOS","Manut. e contrução das Unidades de Saude, 24 Horas e Policlinicas","Realizar ações de promoção e prevenção à saúde na rede básica e Estratégia Saúde da Família, e ações curativas na rede secundaria e terciária do sistema municipal da saúde.","FUNDO MUNICIPAL DE SAÚDE","Unidades de Saúde / 24Hs / Policlinicas",Saúde,"Atenção Básica",1048,"Manut. e contrução das Unidades de Saude, 24 Horas e Policlinicas","APLICAÇÃO DIRETA DECORRENTE DE OPERAÇÃO ENTRE ÓRGÃOS, FUNDOS E ENTIDADES INTEGRANTES DOS ORÇAMENTOS FISCAL E DA SEGURIDADE SOCIAL",69,31910000000000,"APLICAÇÃO DIRETA DECORRENTE DE OPERAÇÃO ENTRE ÓRGÃOS, FUNDOS E ENTIDADES INTEGRANTES DOS ORÇAMENTOS FISCAL E DA SEGURIDADE SOCIAL","FUNDO MUNICIPAL DE SAUDE DE CRICIUMA","DESPESAS CORRENTES",4000000,0,4000000,0,0,0,0,0,0,0,0,0,0,0.0,0.0,0.0,0.0,0.0,0.0,"fontesRecursos_a59bc403-abf1-48e3-975d-6ce5380c2b77.csv","informacaoPlanejamento_120e4b8a-6045-483f-bb87-4a3de312d3ff.csv"," "," "," "
"FUNDO MUNICIPAL DE SAUDE DE CRICIUMA",2025,"SAUDE PARA TODOS","Manutenção do Consórcio CIM-AMREC","Realizar ações de promoção e prevenção à saúde na rede básica e Estratégia Saúde da Família, e ações curativas na rede secundaria e terciária do sistema municipal da saúde.","FUNDO MUNICIPAL DE SAÚDE","Fundo Mun. de Saúde",Saúde,"Assistência Hospitalar e Ambulatorial",1218,"Manutenção do Consórcio CIM-AMREC","APLICAÇÃO DIRETA DECORRENTE DE OPERAÇÃO DE ÓRGÃOS, FUNDOS E ENTIDADES INTEGRANTES DOS ORÇAMENTOS FISCAL E DA SEGURIDADE SOCIAL COM CONSÓRCIO PÚBLICO D",60,33930000000000,"APLICAÇÃO DIRETA DECORRENTE DE OPERAÇÃO DE ÓRGÃOS, FUNDOS E ENTIDADES INTEGRANTES DOS ORÇAMENTOS FISCAL E DA SEGURIDADE SOCIAL COM CONSÓRCIO PÚBLICO D","FUNDO MUNICIPAL DE SAUDE DE CRICIUMA","DESPESAS CORRENTES",1050000,0,1050000,0,0,0,0,0,0,0,0,0,0,0.0,0.0,0.0,0.0,0.0,0.0,"fontesRecursos_fc7e9f0c-b700-4bc4-a4d3-2a5eef85fc6d.csv","informacaoPlanejamento_5c35ad40-1d4c-42d6-9d36-bdf0023e8daf.csv"," "," "," "
"FUNDO MUNICIPAL DE SAUDE DE CRICIUMA",2025,"SAUDE PARA TODOS","Manut. do PACs","Realizar ações de promoção e prevenção à saúde na rede básica e Estratégia Saúde da Família, e ações curativas na rede secundaria e terciária do sistema municipal da saúde.","FUNDO MUNICIPAL DE SAÚDE","Fundo Mun. de Saúde",Saúde,"Atenção Básica",1051,"Manut. do PACs","APLICAÇÕES DIRETAS",17,44900000000000,"APLICAÇÕES DIRETAS","FUNDO MUNICIPAL DE SAUDE DE CRICIUMA","DESPESAS DE CAPITAL",500000,0,500000,0,0,0,0,0,0,0,0,0,0,0.0,0.0,0.0,0.0,0.0,0.0,"fontesRecursos_0e8af8cc-9425-4ece-a265-ae847e55ee21.csv","informacaoPlanejamento_9b5eca17-625d-4afd-a29d-90555cfad6f6.csv"," "," "," "
"FUNDO MUNICIPAL DE SAUDE DE CRICIUMA",2025,"SAUDE PARA TODOS","Manut. da Epidemiologia","Realizar ações de promoção e prevenção à saúde na rede básica e Estratégia Saúde da Família, e ações curativas na rede secundaria e terciária do sistema municipal da saúde.","FUNDO MUNICIPAL DE SAÚDE","Fundo Mun. de Saúde",Saúde,"Vigilância Epidemiológica",1052,"Manut. da Epidemiologia","APLICAÇÕES DIRETAS",20,44900000000000,"APLICAÇÕES DIRETAS","FUNDO MUNICIPAL DE SAUDE DE CRICIUMA","DESPESAS DE CAPITAL",500000,0,500000,0,0,0,0,0,0,0,0,0,0,0.0,0.0,0.0,0.0,0.0,0.0,"fontesRecursos_178a4bdc-7412-4f43-828f-77870eceac4f.csv","informacaoPlanejamento_ca317d75-b9fe-4ced-a37f-9266fed30689.csv"," "," "," "
"FUNDO MUNICIPAL DE SAUDE DE CRICIUMA",2025,"SAUDE PARA TODOS","Manut. CEREST","Realizar ações de promoção e prevenção à saúde na rede básica e Estratégia Saúde da Família, e ações curativas na rede secundaria e terciária do sistema municipal da saúde.","FUNDO MUNICIPAL DE SAÚDE","Fundo Mun. de Saúde",Saúde,"Atenção Básica",1057,"Manut. CEREST","APLICAÇÕES DIRETAS",38,44900000000000,"APLICAÇÕES DIRETAS","FUNDO MUNICIPAL DE SAUDE DE CRICIUMA","DESPESAS DE CAPITAL",100000,0,100000,0,0,0,0,0,0,0,0,0,0,0.0,0.0,0.0,0.0,0.0,0.0,"fontesRecursos_d3c3a2ae-52d4-4e08-a729-86cf1b5eab34.csv","informacaoPlanejamento_ad9fa8c9-59ab-4a2a-acf0-2e9aee2ffd8f.csv"," "," "," "
"FUNDO MUNICIPAL DE SAUDE DE CRICIUMA",2025,"SAUDE PARA TODOS","Manut. CAPs","Realizar ações de promoção e prevenção à saúde na rede básica e Estratégia Saúde da Família, e ações curativas na rede secundaria e terciária do sistema municipal da saúde.","FUNDO MUNICIPAL DE SAÚDE","Fundo Mun. de Saúde",Saúde,"Atenção Básica",1055,"Manut. CAPs","TRANSFERÊNCIAS A INSTITUIÇÕES PRIVADAS SEM FINS LUCRATIVOS",30,33500000000000,"TRANSFERÊNCIAS A INSTITUIÇÕES PRIVADAS SEM FINS LUCRATIVOS","FUNDO MUNICIPAL DE SAUDE DE CRICIUMA","DESPESAS CORRENTES",10000,-10000,0,0,0,0,0,0,0,0,0,0,0,0.0,0.0,0.0,0.0,0.0,0.0,"fontesRecursos_b211e5d2-42aa-42c5-ae1e-29489e3870eb.csv","informacaoPlanejamento_177ecfe3-d4b1-4893-a7cf-1582aa7f3cdd.csv"," ","suplementacoes_4743e26c-2f72-4d16-aabf-142f157a8ae7.csv"," "
"FUNDO MUNICIPAL DE SAUDE DE CRICIUMA",2025,"SAUDE PARA TODOS","Manut. SAMU","Realizar ações de promoção e prevenção à saúde na rede básica e Estratégia Saúde da Família, e ações curativas na rede secundaria e terciária do sistema municipal da saúde.","FUNDO MUNICIPAL DE SAÚDE","Fundo Mun. de Saúde",Saúde,"Atenção Básica",1054,"Manut. SAMU","TRANSFERÊNCIAS A CONSÓRCIOS PÚBLICOS MEDIANTE CONTRATO DE RATEIO",21,31710000000000,"TRANSFERÊNCIAS A CONSÓRCIOS PÚBLICOS MEDIANTE CONTRATO DE RATEIO","FUNDO MUNICIPAL DE SAUDE DE CRICIUMA","DESPESAS CORRENTES",20000,0,20000,0,0,0,0,0,0,0,0,0,0,0.0,0.0,0.0,0.0,0.0,0.0,"fontesRecursos_d64f87f2-999f-44cc-a997-00379e45adf5.csv","informacaoPlanejamento_56362028-5648-4563-b7a7-60a664513413.csv"," "," "," "
"FUNDO MUNICIPAL DE SAUDE DE CRICIUMA",2025,"SAUDE PARA TODOS","Manut. SAMU","Realizar ações de promoção e prevenção à saúde na rede básica e Estratégia Saúde da Família, e ações curativas na rede secundaria e terciária do sistema municipal da saúde.","FUNDO MUNICIPAL DE SAÚDE","Fundo Mun. de Saúde",Saúde,"Atenção Básica",1054,"Manut. SAMU","TRANSFERÊNCIAS A CONSÓRCIOS PÚBLICOS MEDIANTE CONTRATO DE RATEIO",27,44710000000000,"TRANSFERÊNCIAS A CONSÓRCIOS PÚBLICOS MEDIANTE CONTRATO DE RATEIO","FUNDO MUNICIPAL DE SAUDE DE CRICIUMA","DESPESAS DE CAPITAL",20000,0,20000,0,0,0,0,0,0,0,0,0,0,0.0,0.0,0.0,0.0,0.0,0.0,"fontesRecursos_38f5ea3a-fda3-4c0c-a0da-5237e1ae1c05.csv","informacaoPlanejamento_d95d9c86-7fa0-4297-92af-0bc0a08c1ba4.csv"," "," "," "
"FUNDO MUNICIPAL DE SAUDE DE CRICIUMA",2025,"SAUDE PARA TODOS","Manut. SAMU","Realizar ações de promoção e prevenção à saúde na rede básica e Estratégia Saúde da Família, e ações curativas na rede secundaria e terciária do sistema municipal da saúde.","FUNDO MUNICIPAL DE SAÚDE","Fundo Mun. de Saúde",Saúde,"Atenção Básica",1054,"Manut. SAMU","TRANSFERÊNCIAS A INSTITUIÇÕES PRIVADAS SEM FINS LUCRATIVOS",23,33500000000000,"TRANSFERÊNCIAS A INSTITUIÇÕES PRIVADAS SEM FINS LUCRATIVOS","FUNDO MUNICIPAL DE SAUDE DE CRICIUMA","DESPESAS CORRENTES",20000,0,20000,0,0,0,0,0,0,0,0,0,0,0.0,0.0,0.0,0.0,0.0,0.0,"fontesRecursos_8024b5cb-b63c-495d-a69f-fac78ea3380c.csv","informacaoPlanejamento_fa5d86fd-e328-486d-80cf-9135f47b1e81.csv"," "," "," "
"FUNDO MUNICIPAL DE SAUDE DE CRICIUMA",2025,"SAUDE PARA TODOS","Manut. SAMU","Realizar ações de promoção e prevenção à saúde na rede básica e Estratégia Saúde da Família, e ações curativas na rede secundaria e terciária do sistema municipal da saúde.","FUNDO MUNICIPAL DE SAÚDE","Fundo Mun. de Saúde",Saúde,"Atenção Básica",1054,"Manut. SAMU","TRANSFERÊNCIAS A CONSÓRCIOS PÚBLICOS MEDIANTE CONTRATO DE RATEIO",24,33710000000000,"TRANSFERÊNCIAS A CONSÓRCIOS PÚBLICOS MEDIANTE CONTRATO DE RATEIO","FUNDO MUNICIPAL DE SAUDE DE CRICIUMA","DESPESAS CORRENTES",20000,0,20000,0,0,0,0,0,0,0,0,0,0,0.0,0.0,0.0,0.0,0.0,0.0,"fontesRecursos_a3ce4465-eefe-4ba8-940f-4b4f425867bc.csv","informacaoPlanejamento_fe942633-1178-4610-b80d-c4c3ff35d281.csv"," "," "," "
"FUNDO MUNICIPAL DE SAUDE DE CRICIUMA",2025,"SAUDE PARA TODOS","Manut. SAMU","Realizar ações de promoção e prevenção à saúde na rede básica e Estratégia Saúde da Família, e ações curativas na rede secundaria e terciária do sistema municipal da saúde.","FUNDO MUNICIPAL DE SAÚDE","Fundo Mun. de Saúde",Saúde,"Atenção Básica",1054,"Manut. SAMU","APLICAÇÃO DIRETA DECORRENTE DE OPERAÇÃO DE ÓRGÃOS, FUNDOS E ENTIDADES INTEGRANTES DOS ORÇAMENTOS FISCAL E DA SEGURIDADE SOCIAL COM CONSÓRCIO PÚBLICO D",26,33930000000000,"APLICAÇÃO DIRETA DECORRENTE DE OPERAÇÃO DE ÓRGÃOS, FUNDOS E ENTIDADES INTEGRANTES DOS ORÇAMENTOS FISCAL E DA SEGURIDADE SOCIAL COM CONSÓRCIO PÚBLICO D","FUNDO MUNICIPAL DE SAUDE DE CRICIUMA","DESPESAS CORRENTES",20000,0,20000,0,0,0,0,0,0,0,0,0,0,0.0,0.0,0.0,0.0,0.0,0.0,"fontesRecursos_b20f7190-40b5-4fba-944c-0a7c0def851d.csv","informacaoPlanejamento_0c288064-8ef3-459a-b897-ae630f15c986.csv"," "," "," "
"FUNDO MUNICIPAL DE SAUDE DE CRICIUMA",2025,"SAUDE PARA TODOS","Manut. e contrução das Unidades de Saude, 24 Horas e Policlinicas","Realizar ações de promoção e prevenção à saúde na rede básica e Estratégia Saúde da Família, e ações curativas na rede secundaria e terciária do sistema municipal da saúde.","FUNDO MUNICIPAL DE SAÚDE","Unidades de Saúde / 24Hs / Policlinicas",Saúde,"Atenção Básica",1048,"Manut. e contrução das Unidades de Saude, 24 Horas e Policlinicas","TRANSFERÊNCIAS A INSTITUIÇÕES PRIVADAS SEM FINS LUCRATIVOS",72,44500000000000,"TRANSFERÊNCIAS A INSTITUIÇÕES PRIVADAS SEM FINS LUCRATIVOS","FUNDO MUNICIPAL DE SAUDE DE CRICIUMA","DESPESAS DE CAPITAL",50000,0,50000,0,0,0,0,0,0,0,0,0,0,0.0,0.0,0.0,0.0,0.0,0.0,"fontesRecursos_d6ac8e7a-f6f5-41d1-a416-6d4bf4d54d25.csv","informacaoPlanejamento_2c25fa89-1ae2-46d4-855a-23d2ce2ee772.csv"," "," "," "
"FUNDO MUNICIPAL DE SAUDE DE CRICIUMA",2025,"SAUDE PARA TODOS","Manut. do Fundo Municipal de Saude, despesas de pessoal outros p/ manut.","Realizar ações de promoção e prevenção à saúde na rede básica e Estratégia Saúde da Família, e ações curativas na rede secundaria e terciária do sistema municipal da saúde.","FUNDO MUNICIPAL DE SAÚDE","Fundo Mun. de Saúde",Saúde,"Atenção Básica",1045,"Manut. do Fundo Municipal de Saude, despesas de pessoal outros p/ manut.","TRANSFERÊNCIAS A INSTITUIÇÕES PRIVADAS COM FINS LUCRATIVOS",7,44600000000000,"TRANSFERÊNCIAS A INSTITUIÇÕES PRIVADAS COM FINS LUCRATIVOS","FUNDO MUNICIPAL DE SAUDE DE CRICIUMA","DESPESAS DE CAPITAL",100000,0,100000,0,0,0,0,0,0,0,0,0,0,0.0,0.0,0.0,0.0,0.0,0.0,"fontesRecursos_fb69bf8a-2454-4417-a6b7-3f73ce6caece.csv","informacaoPlanejamento_35b679b3-2a75-4383-98b0-fc057fadc5b9.csv"," "," "," "
"FUNDO MUNICIPAL DE SAUDE DE CRICIUMA",2025,"SAUDE PARA TODOS","Manut. do Fundo Municipal de Saude, despesas de pessoal outros p/ manut.","Realizar ações de promoção e prevenção à saúde na rede básica e Estratégia Saúde da Família, e ações curativas na rede secundaria e terciária do sistema municipal da saúde.","FUNDO MUNICIPAL DE SAÚDE","Fundo Mun. de Saúde",Saúde,"Atenção Básica",1045,"Manut. do Fundo Municipal de Saude, despesas de pessoal outros p/ manut.","TRANSFERÊNCIAS A ESTADOS E AO DISTRITO FEDERAL - FUNDO A FUNDO",3,33310000000000,"TRANSFERÊNCIAS A ESTADOS E AO DISTRITO FEDERAL - FUNDO A FUNDO","FUNDO MUNICIPAL DE SAUDE DE CRICIUMA","DESPESAS CORRENTES",100000,0,100000,0,0,0,0,0,0,0,0,0,0,0.0,0.0,0.0,0.0,0.0,0.0,"fontesRecursos_7ff16d89-27db-4873-b58c-f76429fa3f82.csv","informacaoPlanejamento_5eb1f0d9-ae4b-4925-95a5-0553fa85c906.csv"," "," "," "
"FUNDO MUNICIPAL DE SAUDE DE CRICIUMA",2025,"SAUDE PARA TODOS","Manut. das UPAs","Realizar ações de promoção e prevenção à saúde na rede básica e Estratégia Saúde da Família, e ações curativas na rede secundaria e terciária do sistema municipal da saúde.","FUNDO MUNICIPAL DE SAÚDE","Fundo Mun. de Saúde",Saúde,"Atenção Básica",1058,"Manut. das UPAs","APLICAÇÕES DIRETAS",39,31900000000000,"APLICAÇÕES DIRETAS","FUNDO MUNICIPAL DE SAUDE DE CRICIUMA","DESPESAS CORRENTES",500000,0,500000,0,0,0,0,0,0,0,0,0,0,0.0,0.0,0.0,0.0,0.0,0.0,"fontesRecursos_216a6900-1fdb-4e1d-866a-12ca647c1ffa.csv","informacaoPlanejamento_d3b30220-fa96-456d-ba36-a96f2eee6133.csv"," "," "," "
"FUNDO MUNICIPAL DE SAUDE DE CRICIUMA",2025,"SAUDE PARA TODOS","Manut. Vigilancia Sanitaria","Realizar ações de promoção e prevenção à saúde na rede básica e Estratégia Saúde da Família, e ações curativas na rede secundaria e terciária do sistema municipal da saúde.","FUNDO MUNICIPAL DE SAÚDE","Fundo Mun. de Saúde",Saúde,"Vigilância Sanitária",1049,"Manut. Vigilancia Sanitaria","APLICAÇÕES DIRETAS",11,44900000000000,"APLICAÇÕES DIRETAS","FUNDO MUNICIPAL DE SAUDE DE CRICIUMA","DESPESAS DE CAPITAL",200000,0,200000,0,0,0,0,0,0,0,0,0,0,0.0,0.0,0.0,0.0,0.0,0.0,"fontesRecursos_e923ec3d-fd26-4ef8-a279-bd201c6d0022.csv","informacaoPlanejamento_3ad81ea1-799c-4362-9afe-e8de98e43412.csv"," "," "," "
"FUNDO MUNICIPAL DE SAUDE DE CRICIUMA",2025,"SAUDE PARA TODOS","Manut. Gabinete do (a) Secretário (a)","Realizar ações de promoção e prevenção à saúde na rede básica e Estratégia Saúde da Família, e ações curativas na rede secundaria e terciária do sistema municipal da saúde.","FUNDO MUNICIPAL DE SAÚDE","Fundo Mun. de Saúde",Saúde,"Atenção Básica",1062,"Manut. Gabinete do (a) Secretário (a)","APLICAÇÕES DIRETAS",49,33900000000000,"APLICAÇÕES DIRETAS","FUNDO MUNICIPAL DE SAUDE DE CRICIUMA","DESPESAS CORRENTES",20000,0,20000,0,0,0,0,0,0,0,0,0,0,0.0,0.0,0.0,0.0,0.0,0.0,"fontesRecursos_2f6708c1-7c09-4b49-9a00-22680988f804.csv","informacaoPlanejamento_c4f21df5-234a-45ae-9306-53878e20615f.csv"," "," "," "
"FUNDO MUNICIPAL DE SAUDE DE CRICIUMA",2025,"SAUDE PARA TODOS","Manut. das UPAs","Realizar ações de promoção e prevenção à saúde na rede básica e Estratégia Saúde da Família, e ações curativas na rede secundaria e terciária do sistema municipal da saúde.","FUNDO MUNICIPAL DE SAÚDE","Fundo Mun. de Saúde",Saúde,"Atenção Básica",1058,"Manut. das UPAs","APLICAÇÕES DIRETAS",41,44900000000000,"APLICAÇÕES DIRETAS","FUNDO MUNICIPAL DE SAUDE DE CRICIUMA","DESPESAS DE CAPITAL",2200000,-2000000,200000,0,0,0,0,0,0,0,0,0,0,0.0,0.0,0.0,0.0,0.0,0.0,"fontesRecursos_36574cff-5ef5-4a5f-a62b-6f21cbe38d5b.csv","informacaoPlanejamento_79b3d40b-2f0c-485b-a1b0-0152df971c38.csv"," ","suplementacoes_58e3c415-739d-443c-afb5-50776a9cc6e3.csv"," "
"FUNDO MUNICIPAL DE SAUDE DE CRICIUMA",2025,"SAUDE PARA TODOS","Manut. CEOs","Realizar ações de promoção e prevenção à saúde na rede básica e Estratégia Saúde da Família, e ações curativas na rede secundaria e terciária do sistema municipal da saúde.","FUNDO MUNICIPAL DE SAÚDE","Fundo Mun. de Saúde",Saúde,"Atenção Básica",1056,"Manut. CEOs","APLICAÇÕES DIRETAS",35,44900000000000,"APLICAÇÕES DIRETAS","FUNDO MUNICIPAL DE SAUDE DE CRICIUMA","DESPESAS DE CAPITAL",400000,0,400000,1850.0,1850.0,1850.0,1850.0,0.0,1850.0,0,1850.0,0.0,0.0,0.46,0.46,0.46,0.46,0.46,21621.62,"fontesRecursos_454ac331-a2ff-4236-8d8f-70aac7a5f4e4.csv","informacaoPlanejamento_98ee37e8-4a78-455c-b747-6db0623a7c8e.csv","empenhos_3ce38055-1718-434a-a025-2b832485943c.csv"," "," "
"PREFEITURA MUNICIPAL DE CRICIUMA",2025,"AVANÇAR CRICIUMA","Oficinas e Garagens","Elaborar projetos arquitetônicos, urbanísticos e geométricos (rodoviários) de espaços públicos; Revisar e regulamentar constantemente a legislação urbanística do Plano Diretor; Executar obras de edificações e espaços públicos de interesse da coletividade. Garantir o desenvolvimento econômico do município por meio de execução de obras significativas ao crescimento urbano.Tornar à cidade mais humanizada, bonita e agradável de se viver, sempre em conformidade com o novo Plano Diretor do Municipio.","SEC. M. DE INFRAEST.,PLANEJ. E MOBILIDADE URBANA","Oficinas e Garagens",Administração,"Administração Geral",1083,"Oficinas e Garagens","APLICAÇÕES DIRETAS",210,44900000000000,"APLICAÇÕES DIRETAS","PREFEITURA MUNICIPAL DE CRICIUMA","DESPESAS DE CAPITAL",500000,0,500000,12108.0,12108.0,12108.0,12108.0,0.0,12108.0,0,12108.0,0.0,0.0,2.42,2.42,2.42,2.42,2.42,4129.5,"fontesRecursos_4637a54b-3444-46ed-b43d-900d95b3c15e.csv","informacaoPlanejamento_5b72b000-fc85-40f1-8977-1b8283ea8858.csv","empenhos_5392c39d-019e-4892-892d-66092af34845.csv"," "," "
"FUNDO M.DOS DIR.DA CRIANCA E DO ADOLESC.- CRICIUMA",2025,"FUNDO MUNICIPAL DA INFÂNCIA E ADOLESCENCIA - FIA","Manut. do Fundo da Infancia - FIA, Doação do IR e Recursos Estaduais e Federais.","Garantir o atendimento prioritário a crianças e adolescentes em todas as esferas;- Manutenção e ampliação dos programas específicos para o atendimento e garantia de direitos, bem como, articulação com órgão do Judiciário, Ministério Público, Defensoria Pública, Conselho Tutelar e demais órgão municipais, estaduais, federais.","FUNDO M. DOS DIR. DA CRIANÇA E DO ADOLESC-CRICIÚMA","Fdo. dos Dir. da Criança e do Adolescente","Assistência Social","Assistência à Criança e ao Adolescente",1069,"Manut. do Fundo da Infancia - FIA, Doação do IR e Recursos Estaduais e Federais.","APLICAÇÕES DIRETAS",4,44900000000000,"APLICAÇÕES DIRETAS","FUNDO M.DOS DIR.DA CRIANCA E DO ADOLESC.- CRICIUMA","DESPESAS DE CAPITAL",490000,0,490000,0,0,0,0,0,0,0,0,0,0,0.0,0.0,0.0,0.0,0.0,0.0,"fontesRecursos_7255184e-9598-459d-9d5d-a6acf9c2057c.csv","informacaoPlanejamento_2288e589-04d5-4952-9247-68c5c74d402b.csv"," "," "," "
"PREFEITURA MUNICIPAL DE CRICIUMA",2025,"GESTÃO FISCAL E FINANCEIRA","Manut. Fdo. Gerência de Agricultura e Agronegócio","Que as receitas possam crescer o suficiente para podermos cobrir as despesas fixas, e ainda obtermos sobra para os investimentos.","SEC. MUN. DA FAZENDA",Agricultura,Agricultura,"Extensão Rural",1026,"Manut. Fdo. Gerência de Agricultura e Agronegócio","APLICAÇÕES DIRETAS",93,33900000000000,"APLICAÇÕES DIRETAS","PREFEITURA MUNICIPAL DE CRICIUMA","DESPESAS CORRENTES",1350000,-1220474.07,129525.93,129525.93,129525.93,129525.93,129525.93,0.0,129525.93,0,129525.93,0.0,0.0,9.59,100.0,9.59,100.0,9.59,100.0,"fontesRecursos_39909c2b-53ac-4f85-adb2-45fb3616eb43.csv","informacaoPlanejamento_825e6c73-e3ca-4604-a614-4622290b5669.csv","empenhos_da2fa0ea-e4da-464b-8878-85a1170e96b8.csv","suplementacoes_c55f0849-6e0b-475e-b102-3ac826197dd6.csv"," "
"FUNDO MUNICIPAL DE SAUDE DE CRICIUMA",2025,"SAUDE PARA TODOS","Manut. da Saude Bucal-ESF","Realizar ações de promoção e prevenção à saúde na rede básica e Estratégia Saúde da Família, e ações curativas na rede secundaria e terciária do sistema municipal da saúde.","FUNDO MUNICIPAL DE SAÚDE","Fundo Mun. de Saúde",Saúde,"Atenção Básica",1060,"Manut. da Saude Bucal-ESF","APLICAÇÕES DIRETAS",44,44900000000000,"APLICAÇÕES DIRETAS","FUNDO MUNICIPAL DE SAUDE DE CRICIUMA","DESPESAS DE CAPITAL",200000,0,200000,116850.0,116850.0,116850.0,116850.0,0.0,116850.0,0,116850.0,0.0,0.0,58.43,58.43,58.43,58.43,58.43,171.16,"fontesRecursos_3d3f3fd7-f820-4e1b-9963-6f20f3e3c260.csv","informacaoPlanejamento_e10b5777-c3ce-4cd6-9cf1-2c07b47b08d2.csv","empenhos_662aef3c-ff09-4e56-9af5-437728478210.csv","suplementacoes_14c3163e-93de-4d9c-b3bf-9acad00dce79.csv"," "
"PREFEITURA MUNICIPAL DE CRICIUMA",2025,"APOIO A GESTÃO ADMINISTRATIVA","Manut. Funcional do Gabinete do Vice Prefeito","Incentivar e apoiar a gestão publica atraves de implementação de dados gerenciais visando a redução de custos, e estrategicas na defesa civil do municipio.","GABINETE DO VICE-PREFEITO","Gabinete do Vice-Prefeito",Administração,"Administração Geral",1015,"Manut. Funcional do Gabinete do Vice Prefeito","APLICAÇÕES DIRETAS",46,44900000000000,"APLICAÇÕES DIRETAS","PREFEITURA MUNICIPAL DE CRICIUMA","DESPESAS DE CAPITAL",20000,0,20000,10974.0,10974.0,10974.0,10974.0,0.0,10974.0,0,10974.0,0.0,0.0,54.87,54.87,54.87,54.87,54.87,182.25,"fontesRecursos_d42448be-46ea-4fd7-a8a6-7e9c7c69b05e.csv","informacaoPlanejamento_aeaccfdc-a501-4fc7-8fca-73db87198783.csv","empenhos_382c9776-17de-4b5b-bd76-63aac884166f.csv"," "," "
"PREFEITURA MUNICIPAL DE CRICIUMA",2025,"GESTÃO ADMINISTRATIVA","Manutenção do Sistema de Proteção e Defesa Civil","Planejar a gestão publica atraves de implementações de dados gerenciais visando a redução de custos, e estrategicas na defesa civil do municipio.","GABINETE DO PREFEITO","Gabinete do Prefeito","Segurança Pública","Defesa Civil",1249,"Manutenção do Sistema de Proteção e Defesa Civil","APLICAÇÕES DIRETAS",236,33900000000000,"APLICAÇÕES DIRETAS","PREFEITURA MUNICIPAL DE CRICIUMA","DESPESAS CORRENTES",0,33000,33000,104.13,104.13,104.13,104.13,0.0,104.13,0,104.13,0.0,0.0,0.0,0.32,0.0,0.32,0.0,31691.16,"fontesRecursos_46d779e1-d3a8-476a-88aa-aa103b117ceb.csv","informacaoPlanejamento_7ee0e2f5-a5d5-4c17-8a78-e0db8f5296df.csv","empenhos_62f7ab4f-4d5f-47f9-8795-bd7d9496ee70.csv","suplementacoes_0ac052a9-bf08-408e-a920-351d825e4923.csv"," "
"PREFEITURA MUNICIPAL DE CRICIUMA",2025,"AVANÇAR CRICIUMA","Coleta de Materiais em Comunidades","Elaborar projetos arquitetônicos, urbanísticos e geométricos (rodoviários) de espaços públicos; Revisar e regulamentar constantemente a legislação urbanística do Plano Diretor; Executar obras de edificações e espaços públicos de interesse da coletividade. Garantir o desenvolvimento econômico do município por meio de execução de obras significativas ao crescimento urbano.Tornar à cidade mais humanizada, bonita e agradável de se viver, sempre em conformidade com o novo Plano Diretor do Municipio.","SEC. M. DE INFRAEST.,PLANEJ. E MOBILIDADE URBANA","Coleta de Resíduos Sólidos","Gestão Ambiental","Preservação e Conservação Ambiental",1080,"Coleta de Materiais em Comunidades","APLICAÇÕES DIRETAS",202,33900000000000,"APLICAÇÕES DIRETAS","PREFEITURA MUNICIPAL DE CRICIUMA","DESPESAS CORRENTES",50000,0,50000,9600.0,9600.0,9600.0,9600.0,0.0,9600.0,0,9600.0,0.0,0.0,19.2,19.2,19.2,19.2,19.2,520.83,"fontesRecursos_500ee85b-674b-44d6-bba0-9f527fec0635.csv","informacaoPlanejamento_3431dad3-d394-4f5d-afce-6b0dc11807d9.csv","empenhos_2ed278e4-111c-40ec-8e95-10f632fe18ca.csv"," "," "
"PREFEITURA MUNICIPAL DE CRICIUMA",2025,"GESTÃO ADMINISTRATIVA","Manutenção da Diretoria de Planejamento e Estratégia","Planejar a gestão publica atraves de implementações de dados gerenciais visando a redução de custos, e estrategicas na defesa civil do municipio.","SECRETARIA DE GOVERNANÇA","Diretoria de Planejamento e Estratégia",Administração,"Administração Geral",1253,"Manutenção da Diretoria de Planejamento e Estratégia","APLICAÇÕES DIRETAS",248,33900000000000,"APLICAÇÕES DIRETAS","PREFEITURA MUNICIPAL DE CRICIUMA","DESPESAS CORRENTES",0,21000,21000,26450.0,20868.52,15000.0,9418.52,11450.0,15000.0,5581.48,9418.52,11450.0,0.0,0.0,125.95,0.0,71.43,0.0,140.0,"fontesRecursos_f06eaa06-3258-44c0-b7f9-d8ebbd5313bc.csv","informacaoPlanejamento_1db27809-e335-450b-9d31-c39afb427f39.csv","empenhos_573766eb-7acd-4e9b-872a-b3415be2a7fd.csv","suplementacoes_2d362e72-03b7-4a43-895f-26d9fe172e4e.csv"," "
"PREFEITURA MUNICIPAL DE CRICIUMA",2025,"GESTÃO FISCAL E FINANCEIRA","Manut. do Convênio Corpo de Bombeiros","Que as receitas possam crescer o suficiente para podermos cobrir as despesas fixas, e ainda obtermos sobra para os investimentos.","SEC. MUN. DA FAZENDA","Convênio Corpo de Bombeiros","Segurança Pública",Policiamento,1029,"Manut. do Convênio Corpo de Bombeiros","TRANSFERÊNCIAS A ESTADOS E AO DISTRITO FEDERAL",104,44300000000000,"TRANSFERÊNCIAS A ESTADOS E AO DISTRITO FEDERAL","PREFEITURA MUNICIPAL DE CRICIUMA","DESPESAS DE CAPITAL",20000,340000,360000,350000.0,350000.0,350000.0,350000.0,0.0,350000.0,0,350000.0,0.0,0.0,1750.0,97.22,1750.0,97.22,1750.0,102.86,"fontesRecursos_b018008d-9473-4bc0-8276-32660f645912.csv","informacaoPlanejamento_a2a09cac-055a-456b-ab27-741daf3722f3.csv","empenhos_71f58f95-979d-4a55-a9ce-faa68d194efb.csv","suplementacoes_96919375-90f5-40b5-8b6b-caf03a9dacc1.csv"," "
"FUNDO MUN. SANEAMENTO BASICO DE CRICIUMA - FUNSAB",2025,"SANEAMENTO BÁSICO MUNICIPAL (COLETA DE RESIDUOS)","Coleta e tranporte de Residuos Sólidos","Criar as condições para que, além da taxa de resíduos sólidos, possa o município utilizar  recursos do Contrato de Programa com a CASAN, para suprir também a tarefa de coleta, transporte e destino final dos Resíduos Sólidos, conforme previsto na Lei do Saneamento Básico.","FUNDO MUN. DE SANEAMENTO BASICO-FUNSAB","Administração e Controle","Gestão Ambiental","Preservação e Conservação Ambiental",1098,"Coleta e tranporte de Residuos Sólidos","APLICAÇÕES DIRETAS",2,44900000000000,"APLICAÇÕES DIRETAS","FUNDO MUN. SANEAMENTO BASICO DE CRICIUMA - FUNSAB","DESPESAS DE CAPITAL",1060000,0,1060000,266421.56,266421.56,266421.56,266421.56,0.0,266421.56,0,266421.56,0.0,0.0,25.13,25.13,25.13,25.13,25.13,397.87,"fontesRecursos_447a1c2a-5fdc-4028-b023-0d5720d93db0.csv","informacaoPlanejamento_8aea6e47-00d0-4df2-b5c3-d4e86304ab43.csv","empenhos_620f58ec-caff-4201-be24-dda3c81cf77c.csv","suplementacoes_ff956ca5-5190-4cbe-aa22-042f1118ee95.csv"," "
"PREFEITURA MUNICIPAL DE CRICIUMA",2025,"GESTÃO DE QUALIDADE NO ENSINO","Manut. do Gabinete da Secretaria de Educação","Garantir espaço educativo adequado para a promoção da formação humana; fornecer materiais de consumo e didático, generos alimenticios, limpeza e outros paa as escolas e CEIMs; Acompanhar e das suporte administrativo e financeiro as Unidades Escolares; Manter e ampliar os espaços fisicos internos e externos das escolas e CEIMs.","SEC. MUN. DE EDUCAÇÃO","Gab. Secretaria de Educação",Educação,"Ensino Fundamental",1030,"Manut. do Gabinete da Secretaria de Educação","APLICAÇÕES DIRETAS",118,44900000000000,"APLICAÇÕES DIRETAS","PREFEITURA MUNICIPAL DE CRICIUMA","DESPESAS DE CAPITAL",40000,0,40000,8198.75,8198.75,8198.75,8198.75,0.0,8198.75,0,8198.75,0.0,0.0,20.5,20.5,20.5,20.5,20.5,487.88,"fontesRecursos_62a3ad1a-39db-4126-a897-8c4ab3d16134.csv","informacaoPlanejamento_835092c7-c717-4e7c-8b44-7552fc69d47c.csv","empenhos_9985a752-989b-4c91-ae6a-12017906b087.csv"," "," "
"PREFEITURA MUNICIPAL DE CRICIUMA",2025,"AVANÇAR CRICIUMA","Manutenção da Diretoria de Turismo","Elaborar projetos arquitetônicos, urbanísticos e geométricos (rodoviários) de espaços públicos; Revisar e regulamentar constantemente a legislação urbanística do Plano Diretor; Executar obras de edificações e espaços públicos de interesse da coletividade. Garantir o desenvolvimento econômico do município por meio de execução de obras significativas ao crescimento urbano.Tornar à cidade mais humanizada, bonita e agradável de se viver, sempre em conformidade com o novo Plano Diretor do Municipio.","SEC. DES. ECONÔMICO, INDÚSTRIA, COMÉRCIO E SERVIÇO","Diretoria de Turismo",Urbanismo,Turismo,1258,"Manutenção da Diretoria de Turismo","APLICAÇÕES DIRETAS",263,33900000000000,"APLICAÇÕES DIRETAS","PREFEITURA MUNICIPAL DE CRICIUMA","DESPESAS CORRENTES",0,70000,70000,9227.96,9227.96,9227.96,9227.96,0.0,9227.96,0,9227.96,0.0,0.0,0.0,13.18,0.0,13.18,0.0,758.56,"fontesRecursos_57109c9d-9fb2-486c-98a4-1ecf0e8dc87a.csv","informacaoPlanejamento_f909c581-9f90-4635-8b42-c4239976c491.csv","empenhos_6eafcee5-aa79-4fe0-81c1-0d4eec86a8c7.csv","suplementacoes_9c2fc93a-afa6-47be-9626-0d38f463cf4c.csv"," "
"PREFEITURA MUNICIPAL DE CRICIUMA",2025,"GESTÃO ADMINISTRATIVA","Manut. da Junta do Serviço Militar","Planejar a gestão publica atraves de implementações de dados gerenciais visando a redução de custos, e estrategicas na defesa civil do municipio.","GABINETE DO PREFEITO","Junta do Serviço Militar",Administração,"Administração Geral",1005,"Manut. da Junta do Serviço Militar","APLICAÇÕES DIRETAS",25,33900000000000,"APLICAÇÕES DIRETAS","PREFEITURA MUNICIPAL DE CRICIUMA","DESPESAS CORRENTES",20000,0,20000,1279.79,894.36,1279.79,894.36,0.0,1279.79,385.43,894.36,0.0,0.0,6.4,6.4,6.4,6.4,6.4,1562.76,"fontesRecursos_66f043c4-cf06-4a5b-b8a1-32c39a1b5667.csv","informacaoPlanejamento_af8f746f-bf71-40ac-9f79-03533ac7bd19.csv","empenhos_5970b743-d7e8-41f1-9a84-ea3fece9a21c.csv"," "," "
"PREFEITURA MUNICIPAL DE CRICIUMA",2025,"GESTÃO ADMINISTRATIVA","Manutenção da Diretoria de Patrimônio","Planejar a gestão publica atraves de implementações de dados gerenciais visando a redução de custos, e estrategicas na defesa civil do municipio.","GABINETE DO PREFEITO","Gabinete do Prefeito",Administração,"Administração Geral",1247,"Manutenção da Diretoria de Patrimônio","APLICAÇÕES DIRETAS",230,33900000000000,"APLICAÇÕES DIRETAS","PREFEITURA MUNICIPAL DE CRICIUMA","DESPESAS CORRENTES",0,8119.54,8119.54,558.53,478.74,558.53,478.74,0.0,558.53,79.79,478.74,0.0,0.0,0.0,6.88,0.0,6.88,0.0,1453.73,"fontesRecursos_48aa22a8-6b07-43a0-b629-2653573f1fab.csv","informacaoPlanejamento_9eb965c3-c91a-4085-9df8-740c690c2c6d.csv","empenhos_37104126-7c7d-4884-a376-387a172b9f03.csv","suplementacoes_1a8e3e01-6bd7-44f6-81c2-9b4a17556442.csv"," "
"PREFEITURA MUNICIPAL DE CRICIUMA",2025,"GESTÃO DE QUALIDADE NA EDUCAÇÃO INFANTIL","Convênios com Entidades Educacionais","Garantir espço educativo adequado para a promoção da formação humana; Ampliar o numero de crianças atendidas na Educação Infantil na faixa etária de 4 a 5 anos  na rede Municipal de Educação; Ampliar os espaços fisicos dos CEIMs; Fornecer materiais diversos e outros para a manutenção dos CEIMs; Ampliar a equipe tecnica Pedagogica para atender as especifidades da Ed. Infantil; Fomentar Pojetos Educativos nos CEIMs.","SEC. MUN. DE EDUCAÇÃO","Unidades Escolares",Educação,"Educação Infantil",1039,"Convênios com Entidades Educacionais","TRANSFERÊNCIAS A INSTITUIÇÕES PRIVADAS SEM FINS LUCRATIVOS",135,44500000000000,"TRANSFERÊNCIAS A INSTITUIÇÕES PRIVADAS SEM FINS LUCRATIVOS","PREFEITURA MUNICIPAL DE CRICIUMA","DESPESAS DE CAPITAL",550000,0,550000,182784.97,160702.3,182784.97,160702.3,0.0,182784.97,22082.67,160702.3,0.0,0.0,33.23,33.23,33.23,33.23,33.23,300.9,"fontesRecursos_cbf3a76a-f06b-4dd2-a073-5e31f5870138.csv","informacaoPlanejamento_fb6f2414-837c-4366-b701-3a0d0561d4c9.csv","empenhos_890b90f9-ea27-4ed9-8036-82dc72ef7d69.csv"," "," "
"PREFEITURA MUNICIPAL DE CRICIUMA",2025,"GESTÃO FISCAL E FINANCEIRA","Manut. Fdo. Gerência de Agricultura e Agronegócio","Que as receitas possam crescer o suficiente para podermos cobrir as despesas fixas, e ainda obtermos sobra para os investimentos.","SEC. MUN. DA FAZENDA",Agricultura,Agricultura,"Extensão Rural",1026,"Manut. Fdo. Gerência de Agricultura e Agronegócio","TRANSFERÊNCIAS A CONSÓRCIOS PÚBLICOS MEDIANTE CONTRATO DE RATEIO",94,44710000000000,"TRANSFERÊNCIAS A CONSÓRCIOS PÚBLICOS MEDIANTE CONTRATO DE RATEIO","PREFEITURA MUNICIPAL DE CRICIUMA","DESPESAS DE CAPITAL",10000,-1344.76,8655.24,8655.24,8655.24,8655.24,8655.24,0.0,8655.24,0,8655.24,0.0,0.0,86.55,100.0,86.55,100.0,86.55,100.0,"fontesRecursos_b84b2637-49ee-4e32-9b99-74fdd01654ac.csv","informacaoPlanejamento_313d4c20-9c83-4759-8158-d686bac17a78.csv","empenhos_d760a89d-b8fb-4594-9484-f99b4575cfba.csv","suplementacoes_3831a581-ded9-4bd5-ba50-827774775574.csv"," "
"PREFEITURA MUNICIPAL DE CRICIUMA",2025,"GESTÃO FISCAL E FINANCEIRA","Manut. Fdo. Gerência de Agricultura e Agronegócio","Que as receitas possam crescer o suficiente para podermos cobrir as despesas fixas, e ainda obtermos sobra para os investimentos.","SEC. MUN. DA FAZENDA",Agricultura,Agricultura,"Extensão Rural",1026,"Manut. Fdo. Gerência de Agricultura e Agronegócio","TRANSFERÊNCIAS A CONSÓRCIOS PÚBLICOS MEDIANTE CONTRATO DE RATEIO",92,33710000000000,"TRANSFERÊNCIAS A CONSÓRCIOS PÚBLICOS MEDIANTE CONTRATO DE RATEIO","PREFEITURA MUNICIPAL DE CRICIUMA","DESPESAS CORRENTES",10000,84053.61,94053.61,94053.61,94053.54,94053.54,94053.54,0.0,94053.54,0,94053.54,0.0,0.0,940.54,100.0,940.54,100.0,940.54,100.0,"fontesRecursos_7969712a-5869-43b5-bc4f-736c793123b1.csv","informacaoPlanejamento_dab310d6-e18d-4aad-a4dd-66e7be73229c.csv","empenhos_2c78959c-3c8e-4444-a779-d15e75f53e58.csv","suplementacoes_1d80e25b-303c-4c15-b12b-f42c0de473ee.csv"," "
"PREFEITURA MUNICIPAL DE CRICIUMA",2025,"GESTÃO FISCAL E FINANCEIRA","Manutenção do Apoio Administrativo, Contribuição a Entidades Associativas","Que as receitas possam crescer o suficiente para podermos cobrir as despesas fixas, e ainda obtermos sobra para os investimentos.","SEC. MUN. DA FAZENDA",Financeiro,Administração,"Administração Geral",1237,"Manutenção do Apoio Administrativo, Contribuição a Entidades Associativas","TRANSFERÊNCIAS A INSTITUIÇÕES PRIVADAS SEM FINS LUCRATIVOS",78,33500000000000,"TRANSFERÊNCIAS A INSTITUIÇÕES PRIVADAS SEM FINS LUCRATIVOS","PREFEITURA MUNICIPAL DE CRICIUMA","DESPESAS CORRENTES",1200000,-696500,503500,502924.0,502923.96,502923.96,502923.96,0.0,502923.96,0,502923.96,0.0,0.0,41.91,99.89,41.91,99.89,41.91,100.11,"fontesRecursos_5c4a29a5-e29e-4cab-9a9b-1892d182780b.csv","informacaoPlanejamento_af07a2fa-b672-4dc7-8ff0-eea7d9a798b0.csv","empenhos_cfeba0c0-0695-4c89-91dc-e1e4a3f25255.csv","suplementacoes_533ac630-d1a3-42bc-a361-4ef55fff401c.csv"," "
"PREFEITURA MUNICIPAL DE CRICIUMA",2025,"GESTÃO FISCAL E FINANCEIRA","Manut. Fdo. Gerência de Agricultura e Agronegócio","Que as receitas possam crescer o suficiente para podermos cobrir as despesas fixas, e ainda obtermos sobra para os investimentos.","SEC. MUN. DA FAZENDA",Agricultura,Agricultura,"Extensão Rural",1026,"Manut. Fdo. Gerência de Agricultura e Agronegócio","TRANSFERÊNCIAS A CONSÓRCIOS PÚBLICOS MEDIANTE CONTRATO DE RATEIO",89,31710000000000,"TRANSFERÊNCIAS A CONSÓRCIOS PÚBLICOS MEDIANTE CONTRATO DE RATEIO","PREFEITURA MUNICIPAL DE CRICIUMA","DESPESAS CORRENTES",20000,218225.74,238225.74,238225.74,238225.74,238225.74,238225.74,0.0,238225.74,0,238225.74,0.0,0.0,1191.13,100.0,1191.13,100.0,1191.13,100.0,"fontesRecursos_d5c5da4e-f854-4599-a71e-90e638baf572.csv","informacaoPlanejamento_455cb6c6-ea56-4ea8-a076-c868589e0cd4.csv","empenhos_6d7ef274-66a2-477c-90ac-578036707eec.csv","suplementacoes_c72e7a27-af33-44b1-aa7d-fe64700e5662.csv"," "
"PREFEITURA MUNICIPAL DE CRICIUMA",2025,"GESTÃO ADMINISTRATIVA","Manut. do Fundo do Idoso - Proteção ao Idoso","Planejar a gestão publica atraves de implementações de dados gerenciais visando a redução de custos, e estrategicas na defesa civil do municipio.","GABINETE DO PREFEITO","Proteção ao Idoso","Assistência Social","Assistência ao Idoso",1014,"Manut. do Fundo do Idoso - Proteção ao Idoso","TRANSFERÊNCIAS A INSTITUIÇÕES PRIVADAS SEM FINS LUCRATIVOS",17,33500000000000,"TRANSFERÊNCIAS A INSTITUIÇÕES PRIVADAS SEM FINS LUCRATIVOS","PREFEITURA MUNICIPAL DE CRICIUMA","DESPESAS CORRENTES",6000000,-170000,5830000,5829796.56,5829796.56,5829796.56,5829796.56,0.0,5829796.56,0,5829796.56,0.0,0.0,97.16,100.0,97.16,100.0,97.16,100.0,"fontesRecursos_b1153079-745c-4290-ad56-31984f000020.csv","informacaoPlanejamento_cd7b393c-efd5-4a00-8cbf-a6a18c6f510b.csv","empenhos_fa0fd2dc-9993-4d32-970f-4e368a5a04f2.csv","suplementacoes_10f1dc0c-d34c-4f09-bfb0-9fc31cbda876.csv"," "
"PREFEITURA MUNICIPAL DE CRICIUMA",2025,"GESTÃO ADMINISTRATIVA","Manut. do Fundo do Idoso - Proteção ao Idoso","Planejar a gestão publica atraves de implementações de dados gerenciais visando a redução de custos, e estrategicas na defesa civil do municipio.","GABINETE DO PREFEITO","Proteção ao Idoso","Assistência Social","Assistência ao Idoso",1014,"Manut. do Fundo do Idoso - Proteção ao Idoso","TRANSFERÊNCIAS A INSTITUIÇÕES PRIVADAS SEM FINS LUCRATIVOS",19,44500000000000,"TRANSFERÊNCIAS A INSTITUIÇÕES PRIVADAS SEM FINS LUCRATIVOS","PREFEITURA MUNICIPAL DE CRICIUMA","DESPESAS DE CAPITAL",500000,910000,1410000,1388758.15,1388601.44,1388758.15,1388601.44,0.0,1388758.15,156.71,1388601.44,0.0,0.0,277.75,98.49,277.75,98.49,277.75,101.53,"fontesRecursos_fd7e8144-4d07-429a-b666-3647dd7ec8c2.csv","informacaoPlanejamento_a4145914-758d-4069-91f1-bf5aab8e7f78.csv","empenhos_04b8d597-738a-496d-bea0-0ca74043c7b7.csv","suplementacoes_7019b61a-7b25-4557-b411-c99d20ca0f45.csv"," "
"PREFEITURA MUNICIPAL DE CRICIUMA",2025,"DEFENSORIA PUBLICA","Manut. Fundo de Defesa dos Dir. Difusos-FMDD","Para que os processos e ações movidas contra ou a favor o municipio, possam ser estudado e receberem o tratamento necessario.","PROCURADORIA GERAL DO MUNICIPIO","PROCON Municipal","Direitos da Cidadania","Direitos Individuais, Coletivos e Difusos",1018,"Manut. Fundo de Defesa dos Dir. Difusos-FMDD","APLICAÇÕES DIRETAS",52,44900000000000,"APLICAÇÕES DIRETAS","PREFEITURA MUNICIPAL DE CRICIUMA","DESPESAS DE CAPITAL",100000,0,100000,0,0,0,0,0,0,0,0,0,0,0.0,0.0,0.0,0.0,0.0,0.0,"fontesRecursos_d6d3dd3a-2b94-48aa-b11a-a39b2feae626.csv","informacaoPlanejamento_1238362e-3ce8-4c74-bac7-057621670b88.csv"," "," "," "
"PREFEITURA MUNICIPAL DE CRICIUMA",2025,"GESTÃO ADMINISTRATIVA","Manutenção da Diretoria de Convênios e Captação de Recursos","Planejar a gestão publica atraves de implementações de dados gerenciais visando a redução de custos, e estrategicas na defesa civil do municipio.","SECRETARIA DE GOVERNANÇA","Diretoria de Convênios e Captação de Recursos",Administração,"Administração Geral",1252,"Manutenção da Diretoria de Convênios e Captação de Recursos","APLICAÇÕES DIRETAS",245,33900000000000,"APLICAÇÕES DIRETAS","PREFEITURA MUNICIPAL DE CRICIUMA","DESPESAS CORRENTES",0,115000,115000,2906.06,2297.03,2906.06,2297.03,0.0,2906.06,609.03,2297.03,0.0,0.0,0.0,2.53,0.0,2.53,0.0,3957.25,"fontesRecursos_b39092c3-ebf5-428d-add5-425791fd390e.csv","informacaoPlanejamento_b86b7d39-42be-4121-9349-9c7096ffe13a.csv","empenhos_81b54911-8c25-4e33-bec4-36dff2ffad4a.csv","suplementacoes_fe5f370e-cbda-41c0-ad12-b5a619633fe2.csv"," "
"PREFEITURA MUNICIPAL DE CRICIUMA",2025,"AVANÇAR CRICIUMA","Manutenção da Diretoria de Planejamento Urbanístico","Elaborar projetos arquitetônicos, urbanísticos e geométricos (rodoviários) de espaços públicos; Revisar e regulamentar constantemente a legislação urbanística do Plano Diretor; Executar obras de edificações e espaços públicos de interesse da coletividade. Garantir o desenvolvimento econômico do município por meio de execução de obras significativas ao crescimento urbano.Tornar à cidade mais humanizada, bonita e agradável de se viver, sempre em conformidade com o novo Plano Diretor do Municipio.","SEC. DES. ECONÔMICO, INDÚSTRIA, COMÉRCIO E SERVIÇO","Diretoria de Planejamento Urbanístico",Administração,"Ordenamento Territorial",1257,"Manutenção da Diretoria de Planejamento Urbanístico","APLICAÇÕES DIRETAS",260,33900000000000,"APLICAÇÕES DIRETAS","PREFEITURA MUNICIPAL DE CRICIUMA","DESPESAS CORRENTES",0,150000,150000,49091.59,49041.59,49091.59,49041.59,0.0,49091.59,50.0,49041.59,0.0,0.0,0.0,32.73,0.0,32.73,0.0,305.55,"fontesRecursos_16d29e28-15ec-49a5-8402-fd372fb49c06.csv","informacaoPlanejamento_dd6deb18-d4a0-4bff-a99b-6b4bb42331d5.csv","empenhos_1987eaef-3b53-420d-bbcc-59ed04dbfeab.csv","suplementacoes_96cdfd0d-d547-4b25-9775-316e401b66f1.csv"," "
"PREFEITURA MUNICIPAL DE CRICIUMA",2025,"GESTÃO DE QUALIDADE NA EDUCAÇÃO INFANTIL","Convênios com Entidades Educacionais","Garantir espço educativo adequado para a promoção da formação humana; Ampliar o numero de crianças atendidas na Educação Infantil na faixa etária de 4 a 5 anos  na rede Municipal de Educação; Ampliar os espaços fisicos dos CEIMs; Fornecer materiais diversos e outros para a manutenção dos CEIMs; Ampliar a equipe tecnica Pedagogica para atender as especifidades da Ed. Infantil; Fomentar Pojetos Educativos nos CEIMs.","SEC. MUN. DE EDUCAÇÃO","Unidades Escolares",Educação,"Educação Infantil",1039,"Convênios com Entidades Educacionais","APLICAÇÕES DIRETAS",134,33900000000000,"APLICAÇÕES DIRETAS","PREFEITURA MUNICIPAL DE CRICIUMA","DESPESAS CORRENTES",76400000,-4400000,72000000,7.794928856E7,6.601302256E7,6.660302256E7,6.601302256E7,0.0,6.660302256E7,590000.0,6.601302256E7,0.0,0.0,102.03,108.26,87.18,92.5,87.18,108.1,"fontesRecursos_5023f05a-0db4-48a3-9887-530624ace2c6.csv","informacaoPlanejamento_168af867-119d-4fb0-af0e-a6a98319eabc.csv","empenhos_0130bd73-6c5b-46ac-9763-68920a49bfbe.csv","suplementacoes_db8872a1-56e4-452b-99b4-ca6c2ae6fb8d.csv"," "
"PREFEITURA MUNICIPAL DE CRICIUMA",2025,"AVANÇAR CRICIUMA","Manutenção da Diretoria de Planejamento Urbanístico","Elaborar projetos arquitetônicos, urbanísticos e geométricos (rodoviários) de espaços públicos; Revisar e regulamentar constantemente a legislação urbanística do Plano Diretor; Executar obras de edificações e espaços públicos de interesse da coletividade. Garantir o desenvolvimento econômico do município por meio de execução de obras significativas ao crescimento urbano.Tornar à cidade mais humanizada, bonita e agradável de se viver, sempre em conformidade com o novo Plano Diretor do Municipio.","SEC. DES. ECONÔMICO, INDÚSTRIA, COMÉRCIO E SERVIÇO","Diretoria de Planejamento Urbanístico",Administração,"Ordenamento Territorial",1257,"Manutenção da Diretoria de Planejamento Urbanístico","APLICAÇÕES DIRETAS",259,31900000000000,"APLICAÇÕES DIRETAS","PREFEITURA MUNICIPAL DE CRICIUMA","DESPESAS CORRENTES",0,980000,980000,969286.61,969286.61,969286.61,969286.61,0.0,969286.61,0,969286.61,0.0,0.0,0.0,98.91,0.0,98.91,0.0,101.11,"fontesRecursos_7ec6d55f-10f3-49ce-b461-f8a66b770f82.csv","informacaoPlanejamento_02dc59e1-81c7-4a89-8cba-ca7ee3c2fe19.csv","empenhos_b8345a1d-998a-4282-abf2-acea0a2e6e86.csv","suplementacoes_e4db87d4-8a13-4bfa-91db-77a0bf1af8f0.csv"," "
"PREFEITURA MUNICIPAL DE CRICIUMA",2025,"GESTÃO DE QUALIDADE NO ENSINO","Manut. do Gabinete da Secretaria de Educação","Garantir espaço educativo adequado para a promoção da formação humana; fornecer materiais de consumo e didático, generos alimenticios, limpeza e outros paa as escolas e CEIMs; Acompanhar e das suporte administrativo e financeiro as Unidades Escolares; Manter e ampliar os espaços fisicos internos e externos das escolas e CEIMs.","SEC. MUN. DE EDUCAÇÃO","Gab. Secretaria de Educação",Educação,"Ensino Fundamental",1030,"Manut. do Gabinete da Secretaria de Educação","APLICAÇÃO DIRETA DECORRENTE DE OPERAÇÃO ENTRE ÓRGÃOS, FUNDOS E ENTIDADES INTEGRANTES DOS ORÇAMENTOS FISCAL E DA SEGURIDADE SOCIAL",116,31910000000000,"APLICAÇÃO DIRETA DECORRENTE DE OPERAÇÃO ENTRE ÓRGÃOS, FUNDOS E ENTIDADES INTEGRANTES DOS ORÇAMENTOS FISCAL E DA SEGURIDADE SOCIAL","PREFEITURA MUNICIPAL DE CRICIUMA","DESPESAS CORRENTES",200000,0,200000,100000.0,0.0,0,0,0.0,0,0,0,0.0,0,50.0,50.0,0.0,0.0,0.0,0.0,"fontesRecursos_84dc71a0-bf0a-4216-8ab0-11238e818bfb.csv","informacaoPlanejamento_6efb8347-6e2d-4bee-839e-275b682a453d.csv","empenhos_05d7e05f-708f-4164-b4c3-c01a8f540a68.csv"," "," "
"FUNDO M.DOS DIR.DA CRIANCA E DO ADOLESC.- CRICIUMA",2025,"FUNDO MUNICIPAL DA INFÂNCIA E ADOLESCENCIA - FIA","Manut. do Fundo da Infancia - FIA, Doação do IR e Recursos Estaduais e Federais.","Garantir o atendimento prioritário a crianças e adolescentes em todas as esferas;- Manutenção e ampliação dos programas específicos para o atendimento e garantia de direitos, bem como, articulação com órgão do Judiciário, Ministério Público, Defensoria Pública, Conselho Tutelar e demais órgão municipais, estaduais, federais.","FUNDO M. DOS DIR. DA CRIANÇA E DO ADOLESC-CRICIÚMA","Fdo. dos Dir. da Criança e do Adolescente","Assistência Social","Assistência à Criança e ao Adolescente",1069,"Manut. do Fundo da Infancia - FIA, Doação do IR e Recursos Estaduais e Federais.","TRANSFERÊNCIAS A INSTITUIÇÕES PRIVADAS SEM FINS LUCRATIVOS",1,33500000000000,"TRANSFERÊNCIAS A INSTITUIÇÕES PRIVADAS SEM FINS LUCRATIVOS","FUNDO M.DOS DIR.DA CRIANCA E DO ADOLESC.- CRICIUMA","DESPESAS CORRENTES",1500000,3059998.07,4559998.07,4070303.76,4070158.07,4070303.76,4070158.07,0.0,4070303.76,145.69,4070158.07,0.0,0.0,271.35,89.26,271.35,89.26,271.35,112.03,"fontesRecursos_6e7e9c1c-b4f3-4b65-8549-df288950abd6.csv","informacaoPlanejamento_fd2ed2ed-75dc-4d0e-b2d0-3f0d13854269.csv","empenhos_e65d5d36-213b-496c-ae6a-5bb0166cf6f4.csv","suplementacoes_6dd7fb7e-9a5f-42e3-bd8a-93f6a3e363f3.csv"," "
"PREFEITURA MUNICIPAL DE CRICIUMA",2025,"GESTÃO FISCAL E FINANCEIRA","Manut. do Gabinete do Secretario da Fazenda","Que as receitas possam crescer o suficiente para podermos cobrir as despesas fixas, e ainda obtermos sobra para os investimentos.","SEC. MUN. DA FAZENDA","Gab. Secretaria da Fazenda",Administração,"Administração Geral",1019,"Manut. do Gabinete do Secretario da Fazenda","APLICAÇÕES DIRETAS",63,33900000000000,"APLICAÇÕES DIRETAS","PREFEITURA MUNICIPAL DE CRICIUMA","DESPESAS CORRENTES",100000,0,100000,2361.69,2361.69,2361.69,2361.69,0.0,2361.69,0,2361.69,0.0,0.0,2.36,2.36,2.36,2.36,2.36,4234.26,"fontesRecursos_90ec27d8-480e-4a51-b546-b7448a2af522.csv","informacaoPlanejamento_d2518ee0-d2d1-453a-b3a9-9bafd75d72af.csv","empenhos_8de8d31b-b552-482e-ab70-8f0d728fdd9e.csv"," "," "
"PREFEITURA MUNICIPAL DE CRICIUMA",2025,"GESTÃO DE QUALIDADE NA PERSPECTIVA DA EDUCAÇÃO INCLUSIVA","Educação Inclusiva","Implementara Politica Nacional de Educação Especial na perspectiva da Educação Inclusiva e o atendimento educacional especializado a toda rede; Garantir a oferta de Formação Bilingue em Lingua Brasileira de Sinais (LIBRAS); Articular o Convenio com Associação ADVISUL; Criar uma escola Polo de atencimento Bilingue; Adquirir materiais pedagogicos  para o atendimento dos alunos cegos.","SEC. MUN. DE EDUCAÇÃO","Educação Inclusiva",Educação,"Ensino Fundamental",1041,"Educação Inclusiva","APLICAÇÕES DIRETAS",149,33900000000000,"APLICAÇÕES DIRETAS","PREFEITURA MUNICIPAL DE CRICIUMA","DESPESAS CORRENTES",200000,-100000,100000,23893.03,23893.03,23893.03,23893.03,0.0,23893.03,0,23893.03,0.0,0.0,11.95,23.89,11.95,23.89,11.95,418.53,"fontesRecursos_b6011abb-f259-4b4e-8c1c-fad948bf1037.csv","informacaoPlanejamento_44a5259b-d557-427f-b7f7-ed9f7a6be8c9.csv","empenhos_9af1827e-7c7c-4bb8-82a8-e852b1e67b41.csv","suplementacoes_de64d45f-f999-4a13-9476-5a6f65b782fa.csv"," "
"PREFEITURA MUNICIPAL DE CRICIUMA",2025,"AVANÇAR CRICIUMA","Convênio Rio de Manut. Manejo de Rios","Elaborar projetos arquitetônicos, urbanísticos e geométricos (rodoviários) de espaços públicos; Revisar e regulamentar constantemente a legislação urbanística do Plano Diretor; Executar obras de edificações e espaços públicos de interesse da coletividade. Garantir o desenvolvimento econômico do município por meio de execução de obras significativas ao crescimento urbano.Tornar à cidade mais humanizada, bonita e agradável de se viver, sempre em conformidade com o novo Plano Diretor do Municipio.","SEC. M. DE INFRAEST.,PLANEJ. E MOBILIDADE URBANA","Convênio Rio Criciúma",Saneamento,"Saneamento Básico Urbano",1077,"Convênio Rio de Manut. Manejo de Rios","APLICAÇÕES DIRETAS",196,44900000000000,"APLICAÇÕES DIRETAS","PREFEITURA MUNICIPAL DE CRICIUMA","DESPESAS DE CAPITAL",14200000,-3919000,10281000,133477.94,60473.38,60473.38,60473.38,0.0,60473.38,0,60473.38,0.0,0.0,0.94,1.3,0.43,0.59,0.43,17000.87,"fontesRecursos_5def2d7f-24a2-4392-aae9-0499cb542ed0.csv","informacaoPlanejamento_99359885-a492-499f-b27e-fc7685961aa7.csv","empenhos_8a8d8a3d-307f-439c-80c3-74c10bef1eb4.csv","suplementacoes_ad177d34-2db4-4de1-b337-63367ad49e1d.csv"," "
"PREFEITURA MUNICIPAL DE CRICIUMA",2025,"OPERAÇÕES ESPECIAIS","Amortização/juros/Setenças/Ações Judiciais/Aposentados e Pensionistas","Que a administração nao efetue contratações impensadas, ou financiamentos impossiveis de se cumprir, alem de efetuar análise das dividas que estão sendo0 executadas. E que a folha dos aposentados e pensionistas sejam acompanhadas de forma estatistica e financeira.","SEC. MUN. DA FAZENDA","Gab. Secretaria da Fazenda",Administração,"Administração Geral",1001,"Amortização/juros/Setenças/Ações Judiciais/Aposentados e Pensionistas","APLICAÇÃO DIRETA DECORRENTE DE OPERAÇÃO ENTRE ÓRGÃOS, FUNDOS E ENTIDADES INTEGRANTES DOS ORÇAMENTOS FISCAL E DA SEGURIDADE SOCIAL",61,46910000000000,"APLICAÇÃO DIRETA DECORRENTE DE OPERAÇÃO ENTRE ÓRGÃOS, FUNDOS E ENTIDADES INTEGRANTES DOS ORÇAMENTOS FISCAL E DA SEGURIDADE SOCIAL","PREFEITURA MUNICIPAL DE CRICIUMA","DESPESAS DE CAPITAL",10000000,-2850000,7150000,5018726.25,4028643.09,4028643.09,4028643.09,0.0,4028643.09,0,4028643.09,0.0,0.0,50.19,70.19,40.29,56.34,40.29,177.48,"fontesRecursos_c6e331f4-d7b1-4fa0-a10b-a81947456fd2.csv","informacaoPlanejamento_1574248e-a3ec-427a-a817-3213900c1b62.csv","empenhos_c9b22bf4-bc7f-437b-a847-8825fd881997.csv","suplementacoes_afb9dd4d-034d-494e-8178-1d2a071a7010.csv"," "
"PREFEITURA MUNICIPAL DE CRICIUMA",2025,"GESTÃO FISCAL E FINANCEIRA","Programa MÃO NA RODA","Que as receitas possam crescer o suficiente para podermos cobrir as despesas fixas, e ainda obtermos sobra para os investimentos.","SEC. MUN. DA FAZENDA","Diretoria de Desenvolvimento Econômico","Comércio e Serviços","Serviços Financeiros",1239,"Programa MÃO NA RODA","TRANSFERÊNCIAS A INSTITUIÇÕES PRIVADAS SEM FINS LUCRATIVOS",112,33500000000000,"TRANSFERÊNCIAS A INSTITUIÇÕES PRIVADAS SEM FINS LUCRATIVOS","PREFEITURA MUNICIPAL DE CRICIUMA","DESPESAS CORRENTES",500000,0,500000,120419.04,111857.77,111857.77,111857.77,0.0,111857.77,0,111857.77,0.0,0.0,24.08,24.08,22.37,22.37,22.37,447.0,"fontesRecursos_ef31cd67-3b9d-4282-976d-65acede7b8d8.csv","informacaoPlanejamento_a6b5468d-a25b-4c82-a8e8-695a1eadedb1.csv","empenhos_58b232aa-43ad-4100-bd1c-6e2aba5e0303.csv"," "," "
"PREFEITURA MUNICIPAL DE CRICIUMA",2025,"GESTÃO ADMINISTRATIVA","Manut. Fdo de Proteção e Defesa Civil","Planejar a gestão publica atraves de implementações de dados gerenciais visando a redução de custos, e estrategicas na defesa civil do municipio.","SEC. M. DE INFRAEST.,PLANEJ. E MOBILIDADE URBANA",Obras,"Segurança Pública","Defesa Civil",1008,"Manut. Fdo de Proteção e Defesa Civil","APLICAÇÕES DIRETAS",172,44900000000000,"APLICAÇÕES DIRETAS","PREFEITURA MUNICIPAL DE CRICIUMA","DESPESAS DE CAPITAL",50000,137247.2,187247.2,187247.2,187247.2,187247.2,187247.2,0.0,187247.2,0,187247.2,0.0,0.0,374.49,100.0,374.49,100.0,374.49,100.0,"fontesRecursos_b247e49f-5deb-4a8d-9754-df27323a020f.csv","informacaoPlanejamento_91bdb72b-3826-4d59-9e22-c003393c2d7b.csv","empenhos_8c46a571-3649-4041-a6c9-4de45b53f859.csv","suplementacoes_ec1f72d8-b81e-4976-ab3f-e74589a33f1e.csv"," "
"PREFEITURA MUNICIPAL DE CRICIUMA",2025,"GESTÃO ADMINISTRATIVA","Manutenção do Sistema de Proteção e Defesa Civil","Planejar a gestão publica atraves de implementações de dados gerenciais visando a redução de custos, e estrategicas na defesa civil do municipio.","GABINETE DO PREFEITO","Gabinete do Prefeito","Segurança Pública","Defesa Civil",1249,"Manutenção do Sistema de Proteção e Defesa Civil","APLICAÇÕES DIRETAS",237,44900000000000,"APLICAÇÕES DIRETAS","PREFEITURA MUNICIPAL DE CRICIUMA","DESPESAS DE CAPITAL",0,200000,200000,112852.8,112852.8,112852.8,112852.8,0.0,112852.8,0,112852.8,0.0,0.0,0.0,56.43,0.0,56.43,0.0,177.22,"fontesRecursos_ae3c009a-f766-4d21-b497-199f894cae8f.csv","informacaoPlanejamento_63c7696d-9466-44a9-b018-d7c33f1ff160.csv","empenhos_e45ce454-4bc3-4b92-b6bb-2850c1742fae.csv","suplementacoes_f6d40215-fa4b-45cf-89a2-0b61ac146698.csv"," "
"PREFEITURA MUNICIPAL DE CRICIUMA",2025,"GESTÃO ADMINISTRATIVA","Consórcio Interfederativo Santa Catarina - CINCATARINA","Planejar a gestão publica atraves de implementações de dados gerenciais visando a redução de custos, e estrategicas na defesa civil do municipio.","GABINETE DO PREFEITO","Gabinete do Prefeito",Administração,"Administração Geral",1263,"Consórcio Interfederativo Santa Catarina - CINCATARINA","TRANSFERÊNCIAS A CONSÓRCIOS PÚBLICOS MEDIANTE CONTRATO DE RATEIO",285,44710000000000,"TRANSFERÊNCIAS A CONSÓRCIOS PÚBLICOS MEDIANTE CONTRATO DE RATEIO","PREFEITURA MUNICIPAL DE CRICIUMA","DESPESAS DE CAPITAL",0,4895,4895,4895.0,4895.0,4895.0,4895.0,0.0,4895.0,0,4895.0,0.0,0.0,0.0,100.0,0.0,100.0,0.0,100.0,"fontesRecursos_5f8d3298-9be5-4837-8831-d0b1fb2d63b9.csv","informacaoPlanejamento_51a87fe8-4b47-4c7d-b93d-05a0daa8dc5b.csv","empenhos_e54c1c8d-21ed-41e4-b31e-2585b293535f.csv","suplementacoes_6606752f-ac6b-46c5-a227-091bea6a245d.csv"," "
"PREFEITURA MUNICIPAL DE CRICIUMA",2025,"GESTÃO ADMINISTRATIVA","Consórcio Interfederativo Santa Catarina - CINCATARINA","Planejar a gestão publica atraves de implementações de dados gerenciais visando a redução de custos, e estrategicas na defesa civil do municipio.","GABINETE DO PREFEITO","Gabinete do Prefeito",Administração,"Administração Geral",1263,"Consórcio Interfederativo Santa Catarina - CINCATARINA","TRANSFERÊNCIAS A CONSÓRCIOS PÚBLICOS MEDIANTE CONTRATO DE RATEIO",284,33710000000000,"TRANSFERÊNCIAS A CONSÓRCIOS PÚBLICOS MEDIANTE CONTRATO DE RATEIO","PREFEITURA MUNICIPAL DE CRICIUMA","DESPESAS CORRENTES",0,42720,42720,42720.0,42720.0,42720.0,42720.0,0.0,42720.0,0,42720.0,0.0,0.0,0.0,100.0,0.0,100.0,0.0,100.0,"fontesRecursos_dd6b9475-8d32-4997-9f46-163ff77bb0fb.csv","informacaoPlanejamento_e63dbf6a-2565-470d-a7bd-be7bf64fe94c.csv","empenhos_7a5496c2-7be7-4980-b034-b414258e5fb8.csv","suplementacoes_34329b01-416c-45c5-af54-79c7fd49021d.csv"," "
"PREFEITURA MUNICIPAL DE CRICIUMA",2025,"GESTÃO ADMINISTRATIVA","Manutenção da Diretoria de Parques e Praças","Planejar a gestão publica atraves de implementações de dados gerenciais visando a redução de custos, e estrategicas na defesa civil do municipio.","GABINETE DO PREFEITO","Gabinete do Prefeito","Desporto e Lazer",Lazer,1248,"Manutenção da Diretoria de Parques e Praças","APLICAÇÕES DIRETAS",233,33900000000000,"APLICAÇÕES DIRETAS","PREFEITURA MUNICIPAL DE CRICIUMA","DESPESAS CORRENTES",0,3100000,3100000,259820.7,259820.7,259820.7,259820.7,0.0,259820.7,0,259820.7,0.0,0.0,0.0,8.38,0.0,8.38,0.0,1193.13,"fontesRecursos_9574e29c-9184-4f6b-9122-848c66d64e24.csv","informacaoPlanejamento_8dba8857-84e3-4002-8fed-a6dcb3f8fb5f.csv","empenhos_f3defe70-1c47-4216-8008-f7ad6d3029f2.csv","suplementacoes_699c11f6-dbf1-4e65-bd40-3c56fd4b02b7.csv"," "
"PREFEITURA MUNICIPAL DE CRICIUMA",2025,"GESTÃO ADMINISTRATIVA","Consórcio Interfederativo Santa Catarina - CINCATARINA","Planejar a gestão publica atraves de implementações de dados gerenciais visando a redução de custos, e estrategicas na defesa civil do municipio.","GABINETE DO PREFEITO","Gabinete do Prefeito",Administração,"Administração Geral",1263,"Consórcio Interfederativo Santa Catarina - CINCATARINA","TRANSFERÊNCIAS A CONSÓRCIOS PÚBLICOS MEDIANTE CONTRATO DE RATEIO",283,31710000000000,"TRANSFERÊNCIAS A CONSÓRCIOS PÚBLICOS MEDIANTE CONTRATO DE RATEIO","PREFEITURA MUNICIPAL DE CRICIUMA","DESPESAS CORRENTES",0,136704,136704,136704.0,136704.0,136704.0,136704.0,0.0,136704.0,0,136704.0,0.0,0.0,0.0,100.0,0.0,100.0,0.0,100.0,"fontesRecursos_d46daf9a-cf87-47e6-a8d2-5feea32ad11b.csv","informacaoPlanejamento_2ddf3a51-95a2-41e7-9860-057bdcc177f5.csv","empenhos_8b7ded63-f664-4d82-92eb-18957c2bed38.csv","suplementacoes_9e88081e-2976-416e-898b-3e9e7b891ca0.csv"," "
"PREFEITURA MUNICIPAL DE CRICIUMA",2025,"GESTÃO ADMINISTRATIVA","Manutenção da Diretoria de Transparência e Acesso à Informação","Planejar a gestão publica atraves de implementações de dados gerenciais visando a redução de custos, e estrategicas na defesa civil do municipio.","SECRETARIA DE GOVERNANÇA","Diretoria de Transparência e Acesso à Informação",Administração,"Tecnologia da Informatização",1254,"Manutenção da Diretoria de Transparência e Acesso à Informação","APLICAÇÕES DIRETAS",251,33900000000000,"APLICAÇÕES DIRETAS","PREFEITURA MUNICIPAL DE CRICIUMA","DESPESAS CORRENTES",0,15000,15000,14147.35,11205.24,14147.35,11205.24,0.0,14147.35,2942.11,11205.24,0.0,0.0,0.0,94.32,0.0,94.32,0.0,106.03,"fontesRecursos_671be01e-3dbd-43ae-9554-eedf3bd79e24.csv","informacaoPlanejamento_2e364520-25fa-4f81-b59a-eb7ff7b1b1f9.csv","empenhos_4a070468-93b0-46dc-87c7-ad1cdbc814e9.csv","suplementacoes_f6c65dd6-d0d2-41f3-a18a-e90848afb9fe.csv"," "
"PREFEITURA MUNICIPAL DE CRICIUMA",2025,"GESTÃO DE QUALIDADE NA EDUCAÇÃO INFANTIL","Convênios com Entidades Educacionais","Garantir espço educativo adequado para a promoção da formação humana; Ampliar o numero de crianças atendidas na Educação Infantil na faixa etária de 4 a 5 anos  na rede Municipal de Educação; Ampliar os espaços fisicos dos CEIMs; Fornecer materiais diversos e outros para a manutenção dos CEIMs; Ampliar a equipe tecnica Pedagogica para atender as especifidades da Ed. Infantil; Fomentar Pojetos Educativos nos CEIMs.","SEC. MUN. DE EDUCAÇÃO","Unidades Escolares",Educação,"Educação Infantil",1039,"Convênios com Entidades Educacionais","APLICAÇÕES DIRETAS",136,44900000000000,"APLICAÇÕES DIRETAS","PREFEITURA MUNICIPAL DE CRICIUMA","DESPESAS DE CAPITAL",1950000,-300000,1650000,734441.3,351700.0,481700.0,351700.0,0.0,351700.0,0,351700.0,0.0,0.0,37.66,44.51,24.7,29.19,18.04,469.15,"fontesRecursos_2ef15845-f2d2-4460-8190-832566392cbf.csv","informacaoPlanejamento_a15ab285-1116-4677-a630-e7faf3f401f2.csv","empenhos_8d31aa5d-984b-4716-bf07-1bf90968d1fb.csv","suplementacoes_1f7b15a5-35d8-4c63-b168-4f98ab4d98bc.csv"," "
"PREFEITURA MUNICIPAL DE CRICIUMA",2025,"GESTÃO FISCAL E FINANCEIRA","Manut. do Convênio Policia Militar","Que as receitas possam crescer o suficiente para podermos cobrir as despesas fixas, e ainda obtermos sobra para os investimentos.","SEC. MUN. DA FAZENDA","Convênio Polícia Militar","Segurança Pública",Policiamento,1027,"Manut. do Convênio Policia Militar","TRANSFERÊNCIAS A ESTADOS E AO DISTRITO FEDERAL",96,33300000000000,"TRANSFERÊNCIAS A ESTADOS E AO DISTRITO FEDERAL","PREFEITURA MUNICIPAL DE CRICIUMA","DESPESAS CORRENTES",30000,44985.6,74985.6,74976.18,74976.18,74976.18,74976.18,0.0,74976.18,0,74976.18,0.0,0.0,249.92,99.99,249.92,99.99,249.92,100.01,"fontesRecursos_9ad5978f-c16f-49f2-8d7a-afd5d037d8a9.csv","informacaoPlanejamento_463fa772-6af1-44f5-a355-5ba1f3177052.csv","empenhos_934400a0-cb43-4f10-91a3-57f41d7562d0.csv","suplementacoes_00b5dc05-4a09-42cf-b91d-346514811dea.csv"," "
"PREFEITURA MUNICIPAL DE CRICIUMA",2025,"GESTÃO DE QUALIDADE NO ENSINO","Manut. do Depto. Administrativo da Educação, formação continuada","Garantir espaço educativo adequado para a promoção da formação humana; fornecer materiais de consumo e didático, generos alimenticios, limpeza e outros paa as escolas e CEIMs; Acompanhar e das suporte administrativo e financeiro as Unidades Escolares; Manter e ampliar os espaços fisicos internos e externos das escolas e CEIMs.","SEC. MUN. DE EDUCAÇÃO","Administrativo da Educação",Educação,"Ensino Fundamental",1034,"Manut. do Depto. Administrativo da Educação, formação continuada","APLICAÇÕES DIRETAS",151,31900000000000,"APLICAÇÕES DIRETAS","PREFEITURA MUNICIPAL DE CRICIUMA","DESPESAS CORRENTES",6000000,-5900000,100000,100000.0,0.0,0,0,0.0,0,0,0,0.0,0,1.67,100.0,0.0,0.0,0.0,0.0,"fontesRecursos_233eb563-fa09-4a9b-9e32-f0fbf232fac6.csv","informacaoPlanejamento_f47f3554-d251-431d-a8ea-f99ee889f7bc.csv","empenhos_b6a81305-205e-4fd5-97b7-451f1705c422.csv","suplementacoes_884638d0-bdbe-4511-9374-c956f600e7a3.csv"," "
"PREFEITURA MUNICIPAL DE CRICIUMA",2025,"GESTÃO ADMINISTRATIVA","Manut. da Secretaria Geral","Planejar a gestão publica atraves de implementações de dados gerenciais visando a redução de custos, e estrategicas na defesa civil do municipio.","GABINETE DO PREFEITO","Gabinete do Prefeito",Administração,"Administração Geral",1003,"Manut. da Secretaria Geral","APLICAÇÕES DIRETAS",6,44900000000000,"APLICAÇÕES DIRETAS","PREFEITURA MUNICIPAL DE CRICIUMA","DESPESAS DE CAPITAL",100000,-72800,27200,25285.1,25285.1,25285.1,25285.1,0.0,25285.1,0,25285.1,0.0,0.0,25.29,92.96,25.29,92.96,25.29,107.57,"fontesRecursos_9507739b-e917-44e0-9359-20a90e6316fa.csv","informacaoPlanejamento_bac0a8e3-9037-4820-bcf3-683d41af31da.csv","empenhos_d1365a87-2106-40d1-92b3-ae65670d053f.csv","suplementacoes_1c42eb33-1ccb-40a8-b97d-f351abf64988.csv"," "
"PREFEITURA MUNICIPAL DE CRICIUMA",2025,"DIVERSIDADE ETNICO-RACIAL/PERSPECTIVA INCLUSIVA","Diversidade Etnica Racial","Reduzir as desigualdades raciais existentes nas estruturas de poder e que perpassam o sistema sócio/educacional/econômico no município, atendendo o ensino da educação básica e seus profissionais no processo das relações sociais de diversidade étnico-racial. Adquirir livros de literatura infanto-juvenil, brinquedos ejogos. Promover o I Seminário de Africanidades.","SEC. MUN. DE EDUCAÇÃO","Diversidade Étnica Racial",Educação,"Ensino Fundamental",1044,"Diversidade Etnica Racial","APLICAÇÕES DIRETAS",156,33900000000000,"APLICAÇÕES DIRETAS","PREFEITURA MUNICIPAL DE CRICIUMA","DESPESAS CORRENTES",50000,0,50000,7599.91,7599.91,7599.91,7599.91,0.0,7599.91,0,7599.91,0.0,0.0,15.2,15.2,15.2,15.2,15.2,657.9,"fontesRecursos_b22cecfc-3e0b-4ab1-8586-9d8c4fd02539.csv","informacaoPlanejamento_4f413a5d-6fbb-4530-9061-bc59ec82d907.csv","empenhos_00490c41-eb4e-4dd0-a35a-6dd9b9a5d740.csv"," "," "
"FUNDO MUNICIPAL DE SAUDE DE CRICIUMA",2025,"SAUDE PARA TODOS","Manut. do PACs","Realizar ações de promoção e prevenção à saúde na rede básica e Estratégia Saúde da Família, e ações curativas na rede secundaria e terciária do sistema municipal da saúde.","FUNDO MUNICIPAL DE SAÚDE","Fundo Mun. de Saúde",Saúde,"Atenção Básica",1051,"Manut. do PACs","APLICAÇÕES DIRETAS",16,33900000000000,"APLICAÇÕES DIRETAS","FUNDO MUNICIPAL DE SAUDE DE CRICIUMA","DESPESAS CORRENTES",200000,-3000,197000,19571.26,19571.26,19571.26,19571.26,0.0,19571.26,0,19571.26,0.0,0.0,9.79,9.93,9.79,9.93,9.79,1006.58,"fontesRecursos_70957609-0f6a-403b-a055-19e12cbb9031.csv","informacaoPlanejamento_624b30c5-3cb1-4712-ac3b-c9b75ae9bc13.csv","empenhos_d38ceb5c-534e-4905-ba77-a68ae0d0793a.csv","suplementacoes_4eb3b274-92d2-4f12-ad3b-623c4b9134c7.csv"," "
"PREFEITURA MUNICIPAL DE CRICIUMA",2025,"GESTÃO FISCAL E FINANCEIRA","Manutenção do Apoio Administrativo, Contribuição a Entidades Associativas","Que as receitas possam crescer o suficiente para podermos cobrir as despesas fixas, e ainda obtermos sobra para os investimentos.","SEC. MUN. DA FAZENDA",Financeiro,Administração,"Administração Geral",1237,"Manutenção do Apoio Administrativo, Contribuição a Entidades Associativas","APLICAÇÕES DIRETAS",76,31900000000000,"APLICAÇÕES DIRETAS","PREFEITURA MUNICIPAL DE CRICIUMA","DESPESAS CORRENTES",3000000,535000,3535000,3521534.84,3521534.84,3521534.84,3521534.84,0.0,3521534.84,0,3521534.84,0.0,0.0,117.38,99.62,117.38,99.62,117.38,100.38,"fontesRecursos_2f1295b3-9182-451a-8cc3-daafa7acd59e.csv","informacaoPlanejamento_62681650-b0e3-49ea-80ec-fb369a6b1f18.csv","empenhos_df7442ad-7d69-474a-86f3-93bcbc3e0739.csv","suplementacoes_d35a6b85-1549-4b07-aa6e-67758f49b3db.csv"," "
"PREFEITURA MUNICIPAL DE CRICIUMA",2025,"GESTÃO ADMINISTRATIVA","Manutenção da Diretoria de Patrimônio","Planejar a gestão publica atraves de implementações de dados gerenciais visando a redução de custos, e estrategicas na defesa civil do municipio.","GABINETE DO PREFEITO","Gabinete do Prefeito",Administração,"Administração Geral",1247,"Manutenção da Diretoria de Patrimônio","APLICAÇÕES DIRETAS",229,31900000000000,"APLICAÇÕES DIRETAS","PREFEITURA MUNICIPAL DE CRICIUMA","DESPESAS CORRENTES",0,1283497.82,1283497.82,1230631.59,1230631.59,1230631.59,1230631.59,0.0,1230631.59,0,1230631.59,0.0,0.0,0.0,95.88,0.0,95.88,0.0,104.3,"fontesRecursos_19a27369-ac8a-484c-84a0-939fcc300d21.csv","informacaoPlanejamento_4d92c95e-21e2-4b1c-9f20-5780330d6ff8.csv","empenhos_14063cc0-b21c-4e90-9bb8-15db23e93b7b.csv","suplementacoes_37e6f2d5-acef-411e-b732-d1514cfe0d85.csv"," "
"FUNDO MUNICIPAL DE SAUDE DE CRICIUMA",2025,"SAUDE PARA TODOS","Manut. Vigilancia Sanitaria","Realizar ações de promoção e prevenção à saúde na rede básica e Estratégia Saúde da Família, e ações curativas na rede secundaria e terciária do sistema municipal da saúde.","FUNDO MUNICIPAL DE SAÚDE","Fundo Mun. de Saúde",Saúde,"Vigilância Sanitária",1049,"Manut. Vigilancia Sanitaria","APLICAÇÕES DIRETAS",9,31900000000000,"APLICAÇÕES DIRETAS","FUNDO MUNICIPAL DE SAUDE DE CRICIUMA","DESPESAS CORRENTES",2400000,443000,2843000,2556762.73,2556762.73,2556762.73,2556762.73,0.0,2556762.73,0,2556762.73,0.0,0.0,106.53,89.93,106.53,89.93,106.53,111.2,"fontesRecursos_c4403c93-f9b5-4408-a5d3-840b22d53c3b.csv","informacaoPlanejamento_17724b48-aada-4dd4-b309-b43985bd22ca.csv","empenhos_44c30c1e-3733-47da-896c-8c38abfe1348.csv","suplementacoes_b8f87987-0964-47fe-9752-f294dda31820.csv"," "
"FUNDO MUNICIPAL DE SAUDE DE CRICIUMA",2025,"SAUDE PARA TODOS","Manut. da Epidemiologia","Realizar ações de promoção e prevenção à saúde na rede básica e Estratégia Saúde da Família, e ações curativas na rede secundaria e terciária do sistema municipal da saúde.","FUNDO MUNICIPAL DE SAÚDE","Fundo Mun. de Saúde",Saúde,"Vigilância Epidemiológica",1052,"Manut. da Epidemiologia","APLICAÇÕES DIRETAS",18,31900000000000,"APLICAÇÕES DIRETAS","FUNDO MUNICIPAL DE SAUDE DE CRICIUMA","DESPESAS CORRENTES",3200000,0,3200000,2094425.49,2094425.49,2094425.49,2094425.49,0.0,2094425.49,0,2094425.49,0.0,0.0,65.45,65.45,65.45,65.45,65.45,152.79,"fontesRecursos_5275dac7-09f2-4d55-a3d4-d8fdea7f07d7.csv","informacaoPlanejamento_1c5e0ab8-bcf0-433f-bb8a-72136537755d.csv","empenhos_6715ef9a-309d-432e-b055-8f9544c9db3e.csv"," "," "
"FUNDO MUNICIPAL DE SAUDE DE CRICIUMA",2025,"SAUDE PARA TODOS","Manutenção DST/HIV/AIDS","Realizar ações de promoção e prevenção à saúde na rede básica e Estratégia Saúde da Família, e ações curativas na rede secundaria e terciária do sistema municipal da saúde.","FUNDO MUNICIPAL DE SAÚDE","Fundo Mun. de Saúde",Saúde,"Vigilância Epidemiológica",1206,"Manutenção DST/HIV/AIDS","APLICAÇÕES DIRETAS",53,31900000000000,"APLICAÇÕES DIRETAS","FUNDO MUNICIPAL DE SAUDE DE CRICIUMA","DESPESAS CORRENTES",2300000,267386.45,2567386.45,1656448.31,1656448.31,1656448.31,1656448.31,0.0,1656448.31,0,1656448.31,0.0,0.0,72.02,64.52,72.02,64.52,72.02,154.99,"fontesRecursos_b4d36a42-bea9-4f49-8a98-d17a9f463dff.csv","informacaoPlanejamento_e32d7e08-a86c-4308-a1d2-c509ee150bcc.csv","empenhos_ba426360-1e4c-4c85-8dc0-e8233951ec81.csv","suplementacoes_9949cbca-afc6-4963-a80c-12d8c6defe1d.csv"," "
"FUNDO MUNICIPAL DE SAUDE DE CRICIUMA",2025,"SAUDE PARA TODOS","Manut. Gabinete do (a) Secretário (a)","Realizar ações de promoção e prevenção à saúde na rede básica e Estratégia Saúde da Família, e ações curativas na rede secundaria e terciária do sistema municipal da saúde.","FUNDO MUNICIPAL DE SAÚDE","Fundo Mun. de Saúde",Saúde,"Atenção Básica",1062,"Manut. Gabinete do (a) Secretário (a)","APLICAÇÕES DIRETAS",48,31900000000000,"APLICAÇÕES DIRETAS","FUNDO MUNICIPAL DE SAUDE DE CRICIUMA","DESPESAS CORRENTES",3300000,106771.48,3406771.48,591126.47,591126.47,591126.47,591126.47,0.0,591126.47,0,591126.47,0.0,0.0,17.91,17.35,17.91,17.35,17.91,576.32,"fontesRecursos_3dbd0bad-4583-46de-8613-c70d22111cee.csv","informacaoPlanejamento_ef288ad6-c419-4114-9843-62ebb76ebbc9.csv","empenhos_7ba483bd-a908-44d4-a9e9-15321fc8ec61.csv","suplementacoes_1853b1ec-cacd-4782-bb9a-fd66f9ebe4ae.csv"," "
"FUNDO MUNICIPAL DE SAUDE DE CRICIUMA",2025,"SAUDE PARA TODOS","Manut. CAPs","Realizar ações de promoção e prevenção à saúde na rede básica e Estratégia Saúde da Família, e ações curativas na rede secundaria e terciária do sistema municipal da saúde.","FUNDO MUNICIPAL DE SAÚDE","Fundo Mun. de Saúde",Saúde,"Atenção Básica",1055,"Manut. CAPs","APLICAÇÕES DIRETAS",29,31900000000000,"APLICAÇÕES DIRETAS","FUNDO MUNICIPAL DE SAUDE DE CRICIUMA","DESPESAS CORRENTES",5700000,1011111.84,6711111.84,6324217.18,6324217.18,6324217.18,6324217.18,0.0,6324217.18,0,6324217.18,0.0,0.0,110.95,94.24,110.95,94.24,110.95,106.12,"fontesRecursos_a1be4eae-46f3-4e98-a557-cdc889d3dfb7.csv","informacaoPlanejamento_cb9cc4f5-a963-42ce-be3c-ca310c8bbf15.csv","empenhos_ee3c5a72-5366-474e-bc16-b56cd7a5facd.csv","suplementacoes_85051c1e-63bd-4573-aadb-cacd2975cf22.csv"," "
"FUNDO MUNICIPAL DE SAUDE DE CRICIUMA",2025,"SAUDE PARA TODOS","Manut. CEREST","Realizar ações de promoção e prevenção à saúde na rede básica e Estratégia Saúde da Família, e ações curativas na rede secundaria e terciária do sistema municipal da saúde.","FUNDO MUNICIPAL DE SAÚDE","Fundo Mun. de Saúde",Saúde,"Atenção Básica",1057,"Manut. CEREST","APLICAÇÕES DIRETAS",36,31900000000000,"APLICAÇÕES DIRETAS","FUNDO MUNICIPAL DE SAUDE DE CRICIUMA","DESPESAS CORRENTES",750000,37864.4,787864.4,576685.86,576685.86,576685.86,576685.86,0.0,576685.86,0,576685.86,0.0,0.0,76.89,73.2,76.89,73.2,76.89,136.62,"fontesRecursos_ca661b2c-3ca2-41d3-b085-27476c770d40.csv","informacaoPlanejamento_073989fa-f72a-46f0-8357-619cd9ae7c90.csv","empenhos_52ff1024-32ec-4f13-9d5f-8686518d595b.csv","suplementacoes_300b8b3b-5bd4-451a-9c5f-211de9da7349.csv"," "
"FUNDO MUNICIPAL DE SAUDE DE CRICIUMA",2025,"SAUDE PARA TODOS","Manut. CEOs","Realizar ações de promoção e prevenção à saúde na rede básica e Estratégia Saúde da Família, e ações curativas na rede secundaria e terciária do sistema municipal da saúde.","FUNDO MUNICIPAL DE SAÚDE","Fundo Mun. de Saúde",Saúde,"Atenção Básica",1056,"Manut. CEOs","APLICAÇÕES DIRETAS",33,31900000000000,"APLICAÇÕES DIRETAS","FUNDO MUNICIPAL DE SAUDE DE CRICIUMA","DESPESAS CORRENTES",3000000,517000,3517000,3062783.21,3062783.21,3062783.21,3062783.21,0.0,3062783.21,0,3062783.21,0.0,0.0,102.09,87.09,102.09,87.09,102.09,114.83,"fontesRecursos_2ea942cd-f646-4b0d-a907-c311e4292bd4.csv","informacaoPlanejamento_aa60afbf-ab16-4917-806a-e064ae470123.csv","empenhos_9051365a-feac-4d1f-bb4e-a73e3569304f.csv","suplementacoes_2aacb742-b543-4077-af9a-401d1f756177.csv"," "
"FUNDO MUNICIPAL DE SAUDE DE CRICIUMA",2025,"SAUDE PARA TODOS","Manut. SAMU","Realizar ações de promoção e prevenção à saúde na rede básica e Estratégia Saúde da Família, e ações curativas na rede secundaria e terciária do sistema municipal da saúde.","FUNDO MUNICIPAL DE SAÚDE","Fundo Mun. de Saúde",Saúde,"Atenção Básica",1054,"Manut. SAMU","APLICAÇÕES DIRETAS",22,31900000000000,"APLICAÇÕES DIRETAS","FUNDO MUNICIPAL DE SAUDE DE CRICIUMA","DESPESAS CORRENTES",820000,146000,966000,917564.71,917564.71,917564.71,917564.71,0.0,917564.71,0,917564.71,0.0,0.0,111.9,94.99,111.9,94.99,111.9,105.28,"fontesRecursos_e39ebeb8-81b3-498c-a1f9-8f5e3935fba6.csv","informacaoPlanejamento_a914a215-6ed0-42ef-84c6-56a8318a7358.csv","empenhos_7563d941-c884-40c4-b56a-7ae69e227249.csv","suplementacoes_380e377d-a26c-4645-8de4-9db7324dbed5.csv"," "
"FUNDO MUNICIPAL DE SAUDE DE CRICIUMA",2025,"SAUDE PARA TODOS","Manutenção do Centro de Zoonoses - CCZ","Realizar ações de promoção e prevenção à saúde na rede básica e Estratégia Saúde da Família, e ações curativas na rede secundaria e terciária do sistema municipal da saúde.","FUNDO MUNICIPAL DE SAÚDE","Fundo Mun. de Saúde",Saúde,"Vigilância Epidemiológica",1207,"Manutenção do Centro de Zoonoses - CCZ","APLICAÇÕES DIRETAS",56,31900000000000,"APLICAÇÕES DIRETAS","FUNDO MUNICIPAL DE SAUDE DE CRICIUMA","DESPESAS CORRENTES",1260000,542000,1802000,1438734.6,1436751.67,1438734.6,1436751.67,0.0,1438470.79,1719.12,1436751.67,0.0,0.0,114.19,79.84,114.19,79.84,114.16,125.27,"fontesRecursos_f4c9f50f-2ce2-4c30-b217-34dbd9d6e819.csv","informacaoPlanejamento_ce81988b-33e2-47f3-be11-e5599339fcbe.csv","empenhos_356322ed-8149-4d07-80d5-f1cef6cbc2b6.csv","suplementacoes_86727181-c68a-4f50-9134-ec5e3a26d7e5.csv"," "
"PREFEITURA MUNICIPAL DE CRICIUMA",2025,"AVANÇAR CRICIUMA","Edificações Publicas","Elaborar projetos arquitetônicos, urbanísticos e geométricos (rodoviários) de espaços públicos; Revisar e regulamentar constantemente a legislação urbanística do Plano Diretor; Executar obras de edificações e espaços públicos de interesse da coletividade. Garantir o desenvolvimento econômico do município por meio de execução de obras significativas ao crescimento urbano.Tornar à cidade mais humanizada, bonita e agradável de se viver, sempre em conformidade com o novo Plano Diretor do Municipio.","SEC. M. DE INFRAEST.,PLANEJ. E MOBILIDADE URBANA","Edificações Públicas",Urbanismo,"Infra-Estrutura Urbana",1074,"Edificações Publicas","APLICAÇÕES DIRETAS",183,31900000000000,"APLICAÇÕES DIRETAS","PREFEITURA MUNICIPAL DE CRICIUMA","DESPESAS CORRENTES",3300000,-580000,2720000,2513717.22,2513717.22,2513717.22,2513717.22,0.0,2513717.22,0,2513717.22,0.0,0.0,76.17,92.42,76.17,92.42,76.17,108.21,"fontesRecursos_ec606bdf-5bb6-4a7b-8a65-42cd1512e9af.csv","informacaoPlanejamento_5f6015f4-8be7-40ed-8fa4-54b12ecfff73.csv","empenhos_290a532e-970d-4ffd-b468-eb8b479c54fd.csv","suplementacoes_bc1ed262-65cc-46c1-af55-eee2d80fe93c.csv"," "
"PREFEITURA MUNICIPAL DE CRICIUMA",2025,"GESTÃO ADMINISTRATIVA","Manutenção do Sistema de Proteção e Defesa Civil","Planejar a gestão publica atraves de implementações de dados gerenciais visando a redução de custos, e estrategicas na defesa civil do municipio.","GABINETE DO PREFEITO","Gabinete do Prefeito","Segurança Pública","Defesa Civil",1249,"Manutenção do Sistema de Proteção e Defesa Civil","APLICAÇÕES DIRETAS",235,31900000000000,"APLICAÇÕES DIRETAS","PREFEITURA MUNICIPAL DE CRICIUMA","DESPESAS CORRENTES",0,2096682.92,2096682.92,2023785.91,2023785.91,2023785.91,2023785.91,0.0,2023785.91,0,2023785.91,0.0,0.0,0.0,96.52,0.0,96.52,0.0,103.6,"fontesRecursos_12d19bdf-474e-465f-a875-59d6210ef9bd.csv","informacaoPlanejamento_6a1a0d90-1f2f-48f4-8370-a92c806f2724.csv","empenhos_eaa2f70a-9fa8-4f21-ab86-9beecea25770.csv","suplementacoes_d06f862e-a63c-4d67-a01d-ac40eaf380a8.csv"," "
"PREFEITURA MUNICIPAL DE CRICIUMA",2025,"GESTÃO ADMINISTRATIVA","Manutenção do Comitê de Gestão e Compliance","Planejar a gestão publica atraves de implementações de dados gerenciais visando a redução de custos, e estrategicas na defesa civil do municipio.","COMITÊ DE GESTÃO E COMPLIANCE","Comitê de Gestão e Compliance",Administração,"Administração Geral",1256,"Manutenção do Comitê de Gestão e Compliance","APLICAÇÕES DIRETAS",256,31900000000000,"APLICAÇÕES DIRETAS","PREFEITURA MUNICIPAL DE CRICIUMA","DESPESAS CORRENTES",0,530000,530000,489693.89,489693.89,489693.89,489693.89,0.0,489693.89,0,489693.89,0.0,0.0,0.0,92.4,0.0,92.4,0.0,108.23,"fontesRecursos_f76751b4-3bf2-4a81-9eaf-6dca04c1c5a1.csv","informacaoPlanejamento_80a32351-d688-40cd-a3fe-5cf713cf6e1a.csv","empenhos_78fae038-80da-4726-ae0f-53a98c60a089.csv","suplementacoes_fe4f01a8-d298-49b9-8a73-3ada4ff10831.csv"," "
"PREFEITURA MUNICIPAL DE CRICIUMA",2025,"CONSCIENTIZAÇÃO AMBIENTAL","Manutenção da Diretoria de Meio Ambiente","Incentivar a conscientização ambiental entre os cidadãos e promover a conservação do meio ambiente para a melhoria da qualidade de vida.","COMITÊ DE MEIO AMBIENTE E SANEAMENTO BÁSICO","Diretoria de Meio Ambiente","Gestão Ambiental","Administração Geral",1262,"Manutenção da Diretoria de Meio Ambiente","APLICAÇÕES DIRETAS",278,31900000000000,"APLICAÇÕES DIRETAS","PREFEITURA MUNICIPAL DE CRICIUMA","DESPESAS CORRENTES",0,3593199.03,3593199.03,3319511.8,3319511.8,3319511.8,3319511.8,0.0,3319511.8,0,3319511.8,0.0,0.0,0.0,92.38,0.0,92.38,0.0,108.24,"fontesRecursos_dcfc7781-a830-4766-845b-6382becb6f2a.csv","informacaoPlanejamento_1fe3a514-d6bd-4372-99e7-7724bc95fd27.csv","empenhos_3f857088-2b9b-4cd1-8998-ff8911fa5097.csv","suplementacoes_a89b10bc-3d34-445f-bd6f-1f0a95d4a8ef.csv"," "
"PREFEITURA MUNICIPAL DE CRICIUMA",2025,"GESTÃO FISCAL E FINANCEIRA","Manut. da Arrecadação, Fiscalização, Cadastro Imobiliario","Que as receitas possam crescer o suficiente para podermos cobrir as despesas fixas, e ainda obtermos sobra para os investimentos.","SEC. MUN. DA FAZENDA","Arrecadação e Fiscalização",Administração,"Administração Geral",1022,"Manut. da Arrecadação, Fiscalização, Cadastro Imobiliario","APLICAÇÕES DIRETAS",85,31900000000000,"APLICAÇÕES DIRETAS","PREFEITURA MUNICIPAL DE CRICIUMA","DESPESAS CORRENTES",6700000,-141000,6559000,6316993.7,6316993.7,6316993.7,6316993.7,0.0,6316993.7,0,6316993.7,0.0,0.0,94.28,96.31,94.28,96.31,94.28,103.83,"fontesRecursos_538d7885-55b4-4f3b-81c3-dfbb8a3e7506.csv","informacaoPlanejamento_f5d58e12-65e6-4d4c-aa36-56252c008b2f.csv","empenhos_0487d39f-c6a6-416b-913a-367f833a6b8b.csv","suplementacoes_6d307c27-728f-44d6-b8a4-59d674edad8b.csv"," "
"PREFEITURA MUNICIPAL DE CRICIUMA",2025,"DEFENSORIA PUBLICA","Manut. Fundo de Defesa dos Dir. Difusos-FMDD","Para que os processos e ações movidas contra ou a favor o municipio, possam ser estudado e receberem o tratamento necessario.","PROCURADORIA GERAL DO MUNICIPIO","PROCON Municipal","Direitos da Cidadania","Direitos Individuais, Coletivos e Difusos",1018,"Manut. Fundo de Defesa dos Dir. Difusos-FMDD","APLICAÇÕES DIRETAS",50,31900000000000,"APLICAÇÕES DIRETAS","PREFEITURA MUNICIPAL DE CRICIUMA","DESPESAS CORRENTES",800000,158000,958000,592661.15,592661.15,592661.15,592661.15,0.0,592661.15,0,592661.15,0.0,0.0,74.08,61.86,74.08,61.86,74.08,161.64,"fontesRecursos_cfa78647-ed1e-41c8-9ef8-85b4ee8f92e5.csv","informacaoPlanejamento_3197a447-dcfb-4ec8-8d8c-dc9b9e44ce65.csv","empenhos_0c8264ab-59c9-4425-ae6f-fdc2f73538c8.csv","suplementacoes_b1b26488-eb30-42f0-92c3-b3532fff84a8.csv"," "
"PREFEITURA MUNICIPAL DE CRICIUMA",2025,"AVANÇAR CRICIUMA","Manut. das Intendencias do Rio Maina/Santa Luzia/Prospera/Quarta Linha","Elaborar projetos arquitetônicos, urbanísticos e geométricos (rodoviários) de espaços públicos; Revisar e regulamentar constantemente a legislação urbanística do Plano Diretor; Executar obras de edificações e espaços públicos de interesse da coletividade. Garantir o desenvolvimento econômico do município por meio de execução de obras significativas ao crescimento urbano.Tornar à cidade mais humanizada, bonita e agradável de se viver, sempre em conformidade com o novo Plano Diretor do Municipio.","SEC. M. DE INFRAEST.,PLANEJ. E MOBILIDADE URBANA","Edificações Públicas",Urbanismo,"Serviços Urbanos",1086,"Manut. das Intendencias do Rio Maina/Santa Luzia/Prospera/Quarta Linha","APLICAÇÕES DIRETAS",186,31900000000000,"APLICAÇÕES DIRETAS","PREFEITURA MUNICIPAL DE CRICIUMA","DESPESAS CORRENTES",3000000,0,3000000,2992426.65,2992426.65,2992426.65,2992426.65,0.0,2992426.65,0,2992426.65,0.0,0.0,99.75,99.75,99.75,99.75,99.75,100.25,"fontesRecursos_1774ce8f-4dd9-4bd1-8c74-758d3cbaf97c.csv","informacaoPlanejamento_10af2fbe-2bf7-4771-bb3e-33f87c352f7d.csv","empenhos_3d5a7070-d108-49d5-a744-61a8e53a1e01.csv"," "," "
"PREFEITURA MUNICIPAL DE CRICIUMA",2025,"GESTÃO ADMINISTRATIVA","Manutenção da Diretoria de Tecnologia e Inovação","Planejar a gestão publica atraves de implementações de dados gerenciais visando a redução de custos, e estrategicas na defesa civil do municipio.","SECRETARIA DE GOVERNANÇA","Diretoria de Tecnologia e Inovação",Administração,"Administração Geral",1251,"Manutenção da Diretoria de Tecnologia e Inovação","APLICAÇÕES DIRETAS",241,31900000000000,"APLICAÇÕES DIRETAS","PREFEITURA MUNICIPAL DE CRICIUMA","DESPESAS CORRENTES",0,825000,825000,796075.42,796075.42,796075.42,796075.42,0.0,796075.42,0,796075.42,0.0,0.0,0.0,96.49,0.0,96.49,0.0,103.63,"fontesRecursos_3e3a0207-8176-4c8c-887c-4253569990ef.csv","informacaoPlanejamento_77795c81-e94f-4dfd-a775-32c86be5dadd.csv","empenhos_31c3a81c-f247-4fe0-bd83-32dbfcf93019.csv","suplementacoes_bb625b42-c74e-4bb2-9107-e616499fd1e5.csv"," "
"PREFEITURA MUNICIPAL DE CRICIUMA",2025,"AVANÇAR CRICIUMA","Manutenção da Diretoria de Agricultura","Elaborar projetos arquitetônicos, urbanísticos e geométricos (rodoviários) de espaços públicos; Revisar e regulamentar constantemente a legislação urbanística do Plano Diretor; Executar obras de edificações e espaços públicos de interesse da coletividade. Garantir o desenvolvimento econômico do município por meio de execução de obras significativas ao crescimento urbano.Tornar à cidade mais humanizada, bonita e agradável de se viver, sempre em conformidade com o novo Plano Diretor do Municipio.","SEC. DES. ECONÔMICO, INDÚSTRIA, COMÉRCIO E SERVIÇO","Diretoria de Agricultura",Agricultura,"Extensão Rural",1259,"Manutenção da Diretoria de Agricultura","APLICAÇÕES DIRETAS",266,31900000000000,"APLICAÇÕES DIRETAS","PREFEITURA MUNICIPAL DE CRICIUMA","DESPESAS CORRENTES",0,951310.22,951310.22,861083.22,861083.22,861083.22,861083.22,0.0,861083.22,0,861083.22,0.0,0.0,0.0,90.52,0.0,90.52,0.0,110.48,"fontesRecursos_b0c00bdb-93f4-4d3f-b35d-49f66574c017.csv","informacaoPlanejamento_4a6d6c30-1c0f-4fbb-9eab-ff3a47b3078a.csv","empenhos_4515773e-172e-47ee-a40a-dbe6a8de3d81.csv","suplementacoes_1347b0a8-0928-4408-8dd7-f8f4b505f560.csv"," "
"PREFEITURA MUNICIPAL DE CRICIUMA",2025,"AVANÇAR CRICIUMA","Manutenção da Diretoria de Empreendedorismo","Elaborar projetos arquitetônicos, urbanísticos e geométricos (rodoviários) de espaços públicos; Revisar e regulamentar constantemente a legislação urbanística do Plano Diretor; Executar obras de edificações e espaços públicos de interesse da coletividade. Garantir o desenvolvimento econômico do município por meio de execução de obras significativas ao crescimento urbano.Tornar à cidade mais humanizada, bonita e agradável de se viver, sempre em conformidade com o novo Plano Diretor do Municipio.","SEC. DES. ECONÔMICO, INDÚSTRIA, COMÉRCIO E SERVIÇO","Diretoria de Empreendedorismo",Administração,"Administração Geral",1260,"Manutenção da Diretoria de Empreendedorismo","APLICAÇÕES DIRETAS",272,31900000000000,"APLICAÇÕES DIRETAS","PREFEITURA MUNICIPAL DE CRICIUMA","DESPESAS CORRENTES",0,620968.1,620968.1,538442.32,538442.32,538442.32,538442.32,0.0,538442.32,0,538442.32,0.0,0.0,0.0,86.71,0.0,86.71,0.0,115.33,"fontesRecursos_3270327c-ad00-4026-82df-ccab3ac8be5b.csv","informacaoPlanejamento_d9ab9f57-4a00-4c42-8791-e18a472d1df6.csv","empenhos_c13b7233-8ebf-4f63-9b3c-2c85ec14c806.csv","suplementacoes_68122795-5508-4fc3-8215-c96c1674a6a6.csv"," "
"PREFEITURA MUNICIPAL DE CRICIUMA",2025,"GESTÃO ADMINISTRATIVA","Manut. da Diretoria de Transito e Transporte","Planejar a gestão publica atraves de implementações de dados gerenciais visando a redução de custos, e estrategicas na defesa civil do municipio.","GABINETE DO PREFEITO","Diretoria de Transito e Transporte",Urbanismo,"Infra-Estrutura Urbana",1013,"Manut. da Diretoria de Transito e Transporte","APLICAÇÕES DIRETAS",38,31900000000000,"APLICAÇÕES DIRETAS","PREFEITURA MUNICIPAL DE CRICIUMA","DESPESAS CORRENTES",5900000,1035388.3,6935388.3,6511827.97,6511827.97,6511827.97,6511827.97,0.0,6511827.97,0,6511827.97,0.0,0.0,110.37,93.89,110.37,93.89,110.37,106.5,"fontesRecursos_856ef20a-46f4-477d-9dba-fe49f3baa8f9.csv","informacaoPlanejamento_c14d4f4d-2a3e-4dd5-b7dd-9154c753ceb7.csv","empenhos_ef4eb55b-b31e-4ef5-8626-87a1de600eef.csv","suplementacoes_e8f19437-1d5e-4a30-990d-d5a3ed62fd76.csv"," "
"PREFEITURA MUNICIPAL DE CRICIUMA",2025,"GESTÃO ADMINISTRATIVA","Manut. da Diretoria de Logistica","Planejar a gestão publica atraves de implementações de dados gerenciais visando a redução de custos, e estrategicas na defesa civil do municipio.","GABINETE DO PREFEITO","Gabinete do Prefeito",Administração,"Administração Geral",1012,"Manut. da Diretoria de Logistica","APLICAÇÕES DIRETAS",10,31900000000000,"APLICAÇÕES DIRETAS","PREFEITURA MUNICIPAL DE CRICIUMA","DESPESAS CORRENTES",1900000,-30930,1869070,1806869.84,1806869.84,1806869.84,1806869.84,0.0,1806869.84,0,1806869.84,0.0,0.0,95.1,96.67,95.1,96.67,95.1,103.44,"fontesRecursos_c76b4e49-84e2-4ac7-98a1-8fed49528490.csv","informacaoPlanejamento_1f9d8a25-59f8-4c15-9d0b-aca81f25c017.csv","empenhos_68e12ec8-607c-4a10-908a-66961c4c9580.csv","suplementacoes_54db43c5-09ae-43cf-91fb-3d47b2d303b0.csv"," "
"PREFEITURA MUNICIPAL DE CRICIUMA",2025,"GESTÃO FISCAL E FINANCEIRA","Manut. do Gabinete do Secretario da Fazenda","Que as receitas possam crescer o suficiente para podermos cobrir as despesas fixas, e ainda obtermos sobra para os investimentos.","SEC. MUN. DA FAZENDA","Gab. Secretaria da Fazenda",Administração,"Administração Geral",1019,"Manut. do Gabinete do Secretario da Fazenda","APLICAÇÕES DIRETAS",62,31900000000000,"APLICAÇÕES DIRETAS","PREFEITURA MUNICIPAL DE CRICIUMA","DESPESAS CORRENTES",1900000,0,1900000,1791055.49,1791055.49,1791055.49,1791055.49,0.0,1791055.49,0,1791055.49,0.0,0.0,94.27,94.27,94.27,94.27,94.27,106.08,"fontesRecursos_394e4521-b891-4821-a0d6-f43bb491f429.csv","informacaoPlanejamento_4a85beb3-9604-49ca-a4bb-1d454db82497.csv","empenhos_6e95a16a-784f-47b5-8fc2-9cfa0b3e5395.csv"," "," "
"PREFEITURA MUNICIPAL DE CRICIUMA",2025,"AVANÇAR CRICIUMA","Oficinas e Garagens","Elaborar projetos arquitetônicos, urbanísticos e geométricos (rodoviários) de espaços públicos; Revisar e regulamentar constantemente a legislação urbanística do Plano Diretor; Executar obras de edificações e espaços públicos de interesse da coletividade. Garantir o desenvolvimento econômico do município por meio de execução de obras significativas ao crescimento urbano.Tornar à cidade mais humanizada, bonita e agradável de se viver, sempre em conformidade com o novo Plano Diretor do Municipio.","SEC. M. DE INFRAEST.,PLANEJ. E MOBILIDADE URBANA","Oficinas e Garagens",Administração,"Administração Geral",1083,"Oficinas e Garagens","APLICAÇÕES DIRETAS",208,31900000000000,"APLICAÇÕES DIRETAS","PREFEITURA MUNICIPAL DE CRICIUMA","DESPESAS CORRENTES",10000000,0,10000000,8543489.45,8376448.39,8543489.45,8376448.39,0.0,8538448.39,162000.0,8376448.39,0.0,0.0,85.43,85.43,85.43,85.43,85.38,117.12,"fontesRecursos_585de531-7376-4d07-b7cf-7fb161eae22e.csv","informacaoPlanejamento_c4fc0a46-4e2d-44fd-9444-9124d0a2ffbc.csv","empenhos_6a06533f-c29e-40ba-88a8-14b997157a90.csv"," "," "
"PREFEITURA MUNICIPAL DE CRICIUMA",2025,"GESTÃO ADMINISTRATIVA","Manutenção do Controle Interno","Planejar a gestão publica atraves de implementações de dados gerenciais visando a redução de custos, e estrategicas na defesa civil do municipio.","CONTROLADORIA-GERAL DO MUNICÍPIO","Controladoria-Geral do Município",Administração,"Administração Geral",1250,"Manutenção do Controle Interno","APLICAÇÕES DIRETAS",238,31900000000000,"APLICAÇÕES DIRETAS","PREFEITURA MUNICIPAL DE CRICIUMA","DESPESAS CORRENTES",0,1333305.76,1333305.76,1251350.09,1251350.09,1251350.09,1251350.09,0.0,1251350.09,0,1251350.09,0.0,0.0,0.0,93.85,0.0,93.85,0.0,106.55,"fontesRecursos_f9a93b7e-7f93-4f32-96a3-d31537c19b9d.csv","informacaoPlanejamento_198fc5f9-ad9c-4762-ae0a-057273a2f2f9.csv","empenhos_b042a8fb-dbc2-4d91-992f-7911e60a0927.csv","suplementacoes_8bb50863-928c-44aa-9425-366acc7ea12c.csv"," "
"PREFEITURA MUNICIPAL DE CRICIUMA",2025,"GESTÃO ADMINISTRATIVA","Manutenção da Diretoria de Parques e Praças","Planejar a gestão publica atraves de implementações de dados gerenciais visando a redução de custos, e estrategicas na defesa civil do municipio.","GABINETE DO PREFEITO","Gabinete do Prefeito","Desporto e Lazer",Lazer,1248,"Manutenção da Diretoria de Parques e Praças","APLICAÇÕES DIRETAS",232,31900000000000,"APLICAÇÕES DIRETAS","PREFEITURA MUNICIPAL DE CRICIUMA","DESPESAS CORRENTES",0,1170000,1170000,1114820.79,1114820.79,1114820.79,1114820.79,0.0,1114820.79,0,1114820.79,0.0,0.0,0.0,95.28,0.0,95.28,0.0,104.95,"fontesRecursos_c79285fd-93d1-4431-8404-80a3c42b2ad4.csv","informacaoPlanejamento_7effc199-0968-44e9-a86d-bb97699ac5d5.csv","empenhos_3b8e5683-ddae-4574-b2e6-38200ccbd35a.csv","suplementacoes_a257508c-517f-4733-9ad4-4165d1dc26ee.csv"," "
"PREFEITURA MUNICIPAL DE CRICIUMA",2025,"GESTÃO ADMINISTRATIVA","Manutenção da Diretoria de Transparência e Acesso à Informação","Planejar a gestão publica atraves de implementações de dados gerenciais visando a redução de custos, e estrategicas na defesa civil do municipio.","SECRETARIA DE GOVERNANÇA","Diretoria de Transparência e Acesso à Informação",Administração,"Tecnologia da Informatização",1254,"Manutenção da Diretoria de Transparência e Acesso à Informação","APLICAÇÕES DIRETAS",250,31900000000000,"APLICAÇÕES DIRETAS","PREFEITURA MUNICIPAL DE CRICIUMA","DESPESAS CORRENTES",0,400000,400000,138969.36,138969.36,138969.36,138969.36,0.0,138969.36,0,138969.36,0.0,0.0,0.0,34.74,0.0,34.74,0.0,287.83,"fontesRecursos_ed8d38ef-6158-426a-97f8-0b7a6971ad9e.csv","informacaoPlanejamento_085aeb9a-44da-4a06-803b-d56d0c439b94.csv","empenhos_a55146f8-9372-403a-91f5-28ee65413142.csv","suplementacoes_a21e8e6e-7f01-47df-9618-3d04fd233ea6.csv"," "
"PREFEITURA MUNICIPAL DE CRICIUMA",2025,"GESTÃO FISCAL E FINANCEIRA","Manut. da Tesouraria e Contabilidade - Financeiro","Que as receitas possam crescer o suficiente para podermos cobrir as despesas fixas, e ainda obtermos sobra para os investimentos.","SEC. MUN. DA FAZENDA",Financeiro,Administração,"Administração Financeira",1023,"Manut. da Tesouraria e Contabilidade - Financeiro","APLICAÇÕES DIRETAS",72,31900000000000,"APLICAÇÕES DIRETAS","PREFEITURA MUNICIPAL DE CRICIUMA","DESPESAS CORRENTES",2000000,-417000,1583000,1456988.35,1456988.35,1456988.35,1456988.35,0.0,1456988.35,0,1456988.35,0.0,0.0,72.85,92.04,72.85,92.04,72.85,108.65,"fontesRecursos_3aa310d9-0005-4a88-abcc-3ea1c2d88a11.csv","informacaoPlanejamento_d3b93441-f9f3-4cfc-9ba3-a5288d5b7e38.csv","empenhos_2356d640-5c84-4ec5-b304-99ccbf4e493c.csv","suplementacoes_7ff7443e-4d2d-4640-bf06-7d2cb761199f.csv"," "
"PREFEITURA MUNICIPAL DE CRICIUMA",2025,"GESTÃO ADMINISTRATIVA","Manut. Funcional do Gabinete do Prefeito","Planejar a gestão publica atraves de implementações de dados gerenciais visando a redução de custos, e estrategicas na defesa civil do municipio.","GABINETE DO PREFEITO","Gabinete do Prefeito",Administração,"Administração Geral",1002,"Manut. Funcional do Gabinete do Prefeito","APLICAÇÕES DIRETAS",1,31900000000000,"APLICAÇÕES DIRETAS","PREFEITURA MUNICIPAL DE CRICIUMA","DESPESAS CORRENTES",2300000,1031000,3331000,3237859.95,3237859.95,3237859.95,3237859.95,0.0,3237859.95,0,3237859.95,0.0,0.0,140.78,97.2,140.78,97.2,140.78,102.88,"fontesRecursos_0df99c22-c728-4080-831d-f94285b3bc68.csv","informacaoPlanejamento_85e8f3ee-302f-4b7d-846e-8b4602e87c9d.csv","empenhos_c4cc952e-749a-4734-bb53-d610bbe9e082.csv","suplementacoes_16046240-ff4a-44e3-8978-2f0437b70f9b.csv"," "
"PREFEITURA MUNICIPAL DE CRICIUMA",2025,"GESTÃO ADMINISTRATIVA","Manutenção da Diretoria de Convênios e Captação de Recursos","Planejar a gestão publica atraves de implementações de dados gerenciais visando a redução de custos, e estrategicas na defesa civil do municipio.","SECRETARIA DE GOVERNANÇA","Diretoria de Convênios e Captação de Recursos",Administração,"Administração Geral",1252,"Manutenção da Diretoria de Convênios e Captação de Recursos","APLICAÇÕES DIRETAS",244,31900000000000,"APLICAÇÕES DIRETAS","PREFEITURA MUNICIPAL DE CRICIUMA","DESPESAS CORRENTES",0,483606.14,483606.14,125088.85,125088.85,125088.85,125088.85,0.0,125088.85,0,125088.85,0.0,0.0,0.0,25.87,0.0,25.87,0.0,386.61,"fontesRecursos_ed81b27d-5eb4-41dc-84d4-69a522781fbf.csv","informacaoPlanejamento_90389d89-ab80-43eb-b0d3-20b88bff26c4.csv","empenhos_2ac08690-e96a-42f7-beb6-4330943bdf38.csv","suplementacoes_4b789efc-1723-43a9-b221-269955f3c0b0.csv"," "
"PREFEITURA MUNICIPAL DE CRICIUMA",2025,"APOIO A GESTÃO ADMINISTRATIVA","Manut. Funcional do Gabinete do Vice Prefeito","Incentivar e apoiar a gestão publica atraves de implementação de dados gerenciais visando a redução de custos, e estrategicas na defesa civil do municipio.","GABINETE DO VICE-PREFEITO","Gabinete do Vice-Prefeito",Administração,"Administração Geral",1015,"Manut. Funcional do Gabinete do Vice Prefeito","APLICAÇÕES DIRETAS",44,31900000000000,"APLICAÇÕES DIRETAS","PREFEITURA MUNICIPAL DE CRICIUMA","DESPESAS CORRENTES",350000,55000,405000,384473.59,384473.59,384473.59,384473.59,0.0,384473.59,0,384473.59,0.0,0.0,109.85,94.93,109.85,94.93,109.85,105.34,"fontesRecursos_1cf27252-4969-41c4-890e-6e041dda312c.csv","informacaoPlanejamento_7439e48c-9123-42c6-8e35-9fb942102ac1.csv","empenhos_2488c8ff-83a6-45f1-8f76-33d3085984d5.csv"," "," "
"PREFEITURA MUNICIPAL DE CRICIUMA",2025,"GESTÃO ADMINISTRATIVA","Manut. do Comitê Gestor e da Assessoria de Gabinete","Planejar a gestão publica atraves de implementações de dados gerenciais visando a redução de custos, e estrategicas na defesa civil do municipio.","GABINETE DO PREFEITO","Gabinete do Prefeito",Administração,"Administração Geral",1004,"Manut. do Comitê Gestor e da Assessoria de Gabinete","APLICAÇÕES DIRETAS",7,31900000000000,"APLICAÇÕES DIRETAS","PREFEITURA MUNICIPAL DE CRICIUMA","DESPESAS CORRENTES",960000,-30000,930000,543505.76,543505.76,543505.76,543505.76,0.0,543505.76,0,543505.76,0.0,0.0,56.62,58.44,56.62,58.44,56.62,171.11,"fontesRecursos_3ad49136-4d95-4dbd-a20d-1b101fa86ac3.csv","informacaoPlanejamento_1efb566c-90c2-424a-bacc-a8e03f5a04b5.csv","empenhos_efeae07e-5595-464a-8dfb-f2dc9f5dd755.csv","suplementacoes_831a3fc6-4627-4a62-8edf-d4530ed62751.csv"," "
"PREFEITURA MUNICIPAL DE CRICIUMA",2025,"GESTÃO ADMINISTRATIVA","Manutenção da Diretoria de Planejamento e Estratégia","Planejar a gestão publica atraves de implementações de dados gerenciais visando a redução de custos, e estrategicas na defesa civil do municipio.","SECRETARIA DE GOVERNANÇA","Diretoria de Planejamento e Estratégia",Administração,"Administração Geral",1253,"Manutenção da Diretoria de Planejamento e Estratégia","APLICAÇÕES DIRETAS",247,31900000000000,"APLICAÇÕES DIRETAS","PREFEITURA MUNICIPAL DE CRICIUMA","DESPESAS CORRENTES",0,330000,330000,164433.37,164433.37,164433.37,164433.37,0.0,164433.37,0,164433.37,0.0,0.0,0.0,49.83,0.0,49.83,0.0,200.69,"fontesRecursos_cbff36b3-3783-4b3e-a970-0dbdf87dfa54.csv","informacaoPlanejamento_cf425bc3-acee-4621-9e72-43b0bd827442.csv","empenhos_919df8f0-b095-4d3f-bb6b-776fe2f6d77b.csv","suplementacoes_8a88f780-12bb-4270-a34b-665952c8bc7d.csv"," "
"PREFEITURA MUNICIPAL DE CRICIUMA",2025,"GESTÃO ADMINISTRATIVA","Manut. da Diretoria de Comunicação","Planejar a gestão publica atraves de implementações de dados gerenciais visando a redução de custos, e estrategicas na defesa civil do municipio.","GABINETE DO PREFEITO","Diretoria Executiva de Comunicação",Administração,"Administração Geral",1011,"Manut. da Diretoria de Comunicação","APLICAÇÕES DIRETAS",30,31900000000000,"APLICAÇÕES DIRETAS","PREFEITURA MUNICIPAL DE CRICIUMA","DESPESAS CORRENTES",580000,190000,770000,709178.4,709178.4,709178.4,709178.4,0.0,709178.4,0,709178.4,0.0,0.0,122.27,92.1,122.27,92.1,122.27,108.58,"fontesRecursos_72b46506-0b30-46b3-9132-47285a310179.csv","informacaoPlanejamento_407e7f9f-cb1b-48bd-b347-77fe5fcd8096.csv","empenhos_fd55cd1e-658b-40c0-8bc4-d867b861ab63.csv"," "," "
"FUNDO MUNICIPAL DE SAUDE DE CRICIUMA",2025,"SAUDE PARA TODOS","Manut. PSF e ESF","Realizar ações de promoção e prevenção à saúde na rede básica e Estratégia Saúde da Família, e ações curativas na rede secundaria e terciária do sistema municipal da saúde.","FUNDO MUNICIPAL DE SAÚDE","Fundo Mun. de Saúde",Saúde,"Atenção Básica",1050,"Manut. PSF e ESF","APLICAÇÕES DIRETAS",12,31900000000000,"APLICAÇÕES DIRETAS","FUNDO MUNICIPAL DE SAUDE DE CRICIUMA","DESPESAS CORRENTES",46900000,2149811.25,4.904981125E7,4.347239488E7,4.347099341E7,4.347239488E7,4.347099341E7,0.0,4.347105341E7,60.0,4.347099341E7,0.0,0.0,92.69,88.63,92.69,88.63,92.69,112.83,"fontesRecursos_62f8700d-d1dc-4e92-a25c-e182b5f9de0a.csv","informacaoPlanejamento_8bd04e83-fa23-4aa8-84df-cfac38b36618.csv","empenhos_54440032-481c-46ee-aec9-edce48dfe304.csv","suplementacoes_25a86188-568b-4e1c-a2bc-82f48d521891.csv"," "
"PREFEITURA MUNICIPAL DE CRICIUMA",2025,"GESTÃO ADMINISTRATIVA","Manut. do Conselho Tutelar","Planejar a gestão publica atraves de implementações de dados gerenciais visando a redução de custos, e estrategicas na defesa civil do municipio.","GABINETE DO PREFEITO","Conselho Tutelar",Administração,"Administração Geral",1009,"Manut. do Conselho Tutelar","APLICAÇÕES DIRETAS",13,31900000000000,"APLICAÇÕES DIRETAS","PREFEITURA MUNICIPAL DE CRICIUMA","DESPESAS CORRENTES",1200000,-35000,1165000,1066371.69,1066371.69,1066371.69,1066371.69,0.0,1066371.69,0,1066371.69,0.0,0.0,88.86,91.53,88.86,91.53,88.86,109.25,"fontesRecursos_94ba8e3e-be0f-436a-9990-bd56736f6f14.csv","informacaoPlanejamento_ed15b3cd-ac90-4f0e-b829-562050fa1ef8.csv","empenhos_8bdffffe-25fa-43d4-9b43-343b3c432737.csv","suplementacoes_308191c4-ffe6-40d6-9377-597c23996cb0.csv"," "
"PREFEITURA MUNICIPAL DE CRICIUMA",2025,"AVANÇAR CRICIUMA","Manut. depto de Obras","Elaborar projetos arquitetônicos, urbanísticos e geométricos (rodoviários) de espaços públicos; Revisar e regulamentar constantemente a legislação urbanística do Plano Diretor; Executar obras de edificações e espaços públicos de interesse da coletividade. Garantir o desenvolvimento econômico do município por meio de execução de obras significativas ao crescimento urbano.Tornar à cidade mais humanizada, bonita e agradável de se viver, sempre em conformidade com o novo Plano Diretor do Municipio.","SEC. M. DE INFRAEST.,PLANEJ. E MOBILIDADE URBANA",Obras,Urbanismo,"Serviços Urbanos",1073,"Manut. depto de Obras","APLICAÇÕES DIRETAS",174,31900000000000,"APLICAÇÕES DIRETAS","PREFEITURA MUNICIPAL DE CRICIUMA","DESPESAS CORRENTES",1400000,0,1400000,1205805.68,1205805.68,1205805.68,1205805.68,0.0,1205805.68,0,1205805.68,0.0,0.0,86.13,86.13,86.13,86.13,86.13,116.1,"fontesRecursos_3f79a42d-3413-42d8-bd7d-5e8681377977.csv","informacaoPlanejamento_7eebdcbc-e61d-40af-b9f3-708f618ad43a.csv","empenhos_51ebf056-1e24-437b-916e-5aeb32e3e569.csv"," "," "
"PREFEITURA MUNICIPAL DE CRICIUMA",2025,"DEFENSORIA PUBLICA","Manut. da Procuradoria Geral","Para que os processos e ações movidas contra ou a favor o municipio, possam ser estudado e receberem o tratamento necessario.","PROCURADORIA GERAL DO MUNICIPIO","Defensoria Publica",Judiciária,"Ação Judiciária",1016,"Manut. da Procuradoria Geral","APLICAÇÕES DIRETAS",47,31900000000000,"APLICAÇÕES DIRETAS","PREFEITURA MUNICIPAL DE CRICIUMA","DESPESAS CORRENTES",5800000,-150000,5650000,5043372.2,5043372.2,5043372.2,5043372.2,0.0,5043372.2,0,5043372.2,0.0,0.0,86.95,89.26,86.95,89.26,86.95,112.03,"fontesRecursos_5d2e8da5-295b-482d-ab63-056ff7ed621f.csv","informacaoPlanejamento_3b3f1d5e-7b40-47bd-99b5-0e370df778de.csv","empenhos_3ae9e795-97b7-4983-aae9-a0b9ab01fd6b.csv","suplementacoes_eea72f1b-c144-42de-ac26-dd7fbfb08034.csv"," "
"PREFEITURA MUNICIPAL DE CRICIUMA",2025,"AVANÇAR CRICIUMA","Manut. Gabinete do Secretario.","Elaborar projetos arquitetônicos, urbanísticos e geométricos (rodoviários) de espaços públicos; Revisar e regulamentar constantemente a legislação urbanística do Plano Diretor; Executar obras de edificações e espaços públicos de interesse da coletividade. Garantir o desenvolvimento econômico do município por meio de execução de obras significativas ao crescimento urbano.Tornar à cidade mais humanizada, bonita e agradável de se viver, sempre em conformidade com o novo Plano Diretor do Municipio.","SEC. M. DE INFRAEST.,PLANEJ. E MOBILIDADE URBANA","Gab. Secretaria de Infraest. e Mob. Urbana",Administração,"Administração Geral",1072,"Manut. Gabinete do Secretario.","APLICAÇÕES DIRETAS",164,31900000000000,"APLICAÇÕES DIRETAS","PREFEITURA MUNICIPAL DE CRICIUMA","DESPESAS CORRENTES",2200000,0,2200000,1831769.53,1831769.53,1831769.53,1831769.53,0.0,1831769.53,0,1831769.53,0.0,0.0,83.26,83.26,83.26,83.26,83.26,120.1,"fontesRecursos_bef8bff5-18a4-49a7-9149-6e1be482d743.csv","informacaoPlanejamento_0016e784-b8df-40be-9a77-8dddfa347a23.csv","empenhos_6417896e-ddc4-4534-86e2-ff45847f70b2.csv"," "," "
"PREFEITURA MUNICIPAL DE CRICIUMA",2025,"GESTÃO ADMINISTRATIVA","Manutenção da Ouvidoria","Planejar a gestão publica atraves de implementações de dados gerenciais visando a redução de custos, e estrategicas na defesa civil do municipio.","SECRETARIA DE GOVERNANÇA",Ouvidoria,Administração,"Administração Geral",1255,"Manutenção da Ouvidoria","APLICAÇÕES DIRETAS",253,31900000000000,"APLICAÇÕES DIRETAS","PREFEITURA MUNICIPAL DE CRICIUMA","DESPESAS CORRENTES",0,110000,110000,89278.6,89278.6,89278.6,89278.6,0.0,89278.6,0,89278.6,0.0,0.0,0.0,81.16,0.0,81.16,0.0,123.21,"fontesRecursos_dc4b8a39-679e-43cb-b956-26c8fedbc3ad.csv","informacaoPlanejamento_1fd687b5-837d-4411-bfe5-45217680187b.csv","empenhos_17eda5a0-8e52-4191-b07e-cd7e220f1578.csv","suplementacoes_3c231aaf-0088-4a97-8105-eb124d6ad5af.csv"," "
"PREFEITURA MUNICIPAL DE CRICIUMA",2025,"AVANÇAR CRICIUMA","Manutenção da Diretoria de Turismo","Elaborar projetos arquitetônicos, urbanísticos e geométricos (rodoviários) de espaços públicos; Revisar e regulamentar constantemente a legislação urbanística do Plano Diretor; Executar obras de edificações e espaços públicos de interesse da coletividade. Garantir o desenvolvimento econômico do município por meio de execução de obras significativas ao crescimento urbano.Tornar à cidade mais humanizada, bonita e agradável de se viver, sempre em conformidade com o novo Plano Diretor do Municipio.","SEC. DES. ECONÔMICO, INDÚSTRIA, COMÉRCIO E SERVIÇO","Diretoria de Turismo",Urbanismo,Turismo,1258,"Manutenção da Diretoria de Turismo","APLICAÇÕES DIRETAS",262,31900000000000,"APLICAÇÕES DIRETAS","PREFEITURA MUNICIPAL DE CRICIUMA","DESPESAS CORRENTES",0,300000,300000,273983.68,273983.68,273983.68,273983.68,0.0,273983.68,0,273983.68,0.0,0.0,0.0,91.33,0.0,91.33,0.0,109.5,"fontesRecursos_ad84926b-fd8b-471c-9ad7-dcaa6f75b29b.csv","informacaoPlanejamento_05aa1c70-df84-4c78-8c34-2241c4bce8c7.csv","empenhos_d0ee33d3-e059-43ae-9acf-d529304ea18f.csv","suplementacoes_72f2381d-0bfb-414c-8c1b-a1b0d6c126d2.csv"," "
"PREFEITURA MUNICIPAL DE CRICIUMA",2025,"OPERAÇÕES ESPECIAIS","Amortização/juros/Setenças/Ações Judiciais/Aposentados e Pensionistas","Que a administração nao efetue contratações impensadas, ou financiamentos impossiveis de se cumprir, alem de efetuar análise das dividas que estão sendo0 executadas. E que a folha dos aposentados e pensionistas sejam acompanhadas de forma estatistica e financeira.","SEC. MUN. DA FAZENDA","Gab. Secretaria da Fazenda",Administração,"Administração Geral",1001,"Amortização/juros/Setenças/Ações Judiciais/Aposentados e Pensionistas","APLICAÇÃO DIRETA DECORRENTE DE OPERAÇÃO ENTRE ÓRGÃOS, FUNDOS E ENTIDADES INTEGRANTES DOS ORÇAMENTOS FISCAL E DA SEGURIDADE SOCIAL",58,32910000000000,"APLICAÇÃO DIRETA DECORRENTE DE OPERAÇÃO ENTRE ÓRGÃOS, FUNDOS E ENTIDADES INTEGRANTES DOS ORÇAMENTOS FISCAL E DA SEGURIDADE SOCIAL","PREFEITURA MUNICIPAL DE CRICIUMA","DESPESAS CORRENTES",10000000,2350000,12350000,1.055966269E7,8074436.27,8074436.27,8074436.27,0.0,8074436.27,0,8074436.27,0.0,0.0,105.6,85.5,80.74,65.38,80.74,152.95,"fontesRecursos_4656eb45-9320-40e9-a504-0e8a028f6c79.csv","informacaoPlanejamento_68a5b24d-4226-45ba-83a8-64d60161c280.csv","empenhos_37db13ca-d930-4084-bc4b-f34453d99089.csv","suplementacoes_900e1945-af44-4f13-aedb-cbb90a210eeb.csv"," "
"PREFEITURA MUNICIPAL DE CRICIUMA",2025,"GESTÃO FISCAL E FINANCEIRA","Manut. do Convênio Policia Militar","Que as receitas possam crescer o suficiente para podermos cobrir as despesas fixas, e ainda obtermos sobra para os investimentos.","SEC. MUN. DA FAZENDA","Convênio Polícia Militar","Segurança Pública",Policiamento,1027,"Manut. do Convênio Policia Militar","TRANSFERÊNCIAS A ESTADOS E AO DISTRITO FEDERAL",98,44300000000000,"TRANSFERÊNCIAS A ESTADOS E AO DISTRITO FEDERAL","PREFEITURA MUNICIPAL DE CRICIUMA","DESPESAS DE CAPITAL",50000,773079.21,823079.21,775214.63,505141.31,619981.31,505141.31,0.0,505141.31,0,505141.31,0.0,0.0,1550.43,94.18,1239.96,75.32,1010.28,162.94,"fontesRecursos_27184af2-d2af-4131-8f1e-643846e5b383.csv","informacaoPlanejamento_9ae42c95-03f2-4be0-b712-918fa884ec4d.csv","empenhos_b15bbe03-e489-402a-8976-5238e82e78a9.csv","suplementacoes_1ec32278-bdcf-4328-b698-18b21fd6e376.csv"," "
"PREFEITURA MUNICIPAL DE CRICIUMA",2025,"GESTÃO ADMINISTRATIVA","Manutenção da Diretoria de Tecnologia e Inovação","Planejar a gestão publica atraves de implementações de dados gerenciais visando a redução de custos, e estrategicas na defesa civil do municipio.","SECRETARIA DE GOVERNANÇA","Diretoria de Tecnologia e Inovação",Administração,"Administração Geral",1251,"Manutenção da Diretoria de Tecnologia e Inovação","APLICAÇÕES DIRETAS",243,44900000000000,"APLICAÇÕES DIRETAS","PREFEITURA MUNICIPAL DE CRICIUMA","DESPESAS DE CAPITAL",0,466683.65,466683.65,36654.0,36654.0,36654.0,36654.0,0.0,36654.0,0,36654.0,0.0,0.0,0.0,7.85,0.0,7.85,0.0,1273.21,"fontesRecursos_c8ac172b-fc9e-4dfb-8a8a-b8f1e29f5ca6.csv","informacaoPlanejamento_2f711759-3683-4918-95f9-75569a79325d.csv","empenhos_2a297fd9-92a9-42aa-bddd-5574ed6e8fbc.csv","suplementacoes_52b68e51-7fb7-4e9c-b139-77698d5c562e.csv"," "
"PREFEITURA MUNICIPAL DE CRICIUMA",2025,"GESTÃO FISCAL E FINANCEIRA","Manut. da Arrecadação, Fiscalização, Cadastro Imobiliario","Que as receitas possam crescer o suficiente para podermos cobrir as despesas fixas, e ainda obtermos sobra para os investimentos.","SEC. MUN. DA FAZENDA","Arrecadação e Fiscalização",Administração,"Administração Geral",1022,"Manut. da Arrecadação, Fiscalização, Cadastro Imobiliario","APLICAÇÕES DIRETAS",88,44900000000000,"APLICAÇÕES DIRETAS","PREFEITURA MUNICIPAL DE CRICIUMA","DESPESAS DE CAPITAL",150000,-20000,130000,13000.0,13000.0,13000.0,13000.0,0.0,13000.0,0,13000.0,0.0,0.0,8.67,10.0,8.67,10.0,8.67,1000.0,"fontesRecursos_2b3cc3b1-7c89-4e51-a002-36a59042845f.csv","informacaoPlanejamento_bd631f03-e03f-43a7-9c51-fdd3fad8b693.csv","empenhos_b0ae164e-5aea-45b9-8d67-6b471daf23aa.csv","suplementacoes_4f8f3013-4d27-46f7-99da-4cdb03041d73.csv"," "
"FUNDO MUNICIPAL DE SAUDE DE CRICIUMA",2025,"CONSCIENTIZAÇÃO AMBIENTAL","Manut. do Núcleo do Bem-Estar Animal (NBEA)","Incentivar a conscientização ambiental entre os cidadãos e promover a conservação do meio ambiente para a melhoria da qualidade de vida.","FUNDO MUNICIPAL DE SAÚDE","Fundo Mun. de Saúde","Gestão Ambiental","Administração Geral",1223,"Manut. do Núcleo do Bem-Estar Animal (NBEA)","APLICAÇÕES DIRETAS",67,44900000000000,"APLICAÇÕES DIRETAS","FUNDO MUNICIPAL DE SAUDE DE CRICIUMA","DESPESAS DE CAPITAL",80000,184000,264000,3770.25,3770.25,3770.25,3770.25,0.0,3770.25,0,3770.25,0.0,0.0,4.71,1.43,4.71,1.43,4.71,7002.19,"fontesRecursos_83c26d1e-ae34-4fc9-af8d-82c9c207a9e8.csv","informacaoPlanejamento_b60a3af4-83c4-4bb8-a639-9a4bfe30276d.csv","empenhos_f445499b-587f-4838-95fc-a6a538034bb5.csv","suplementacoes_828eaf68-7c2d-431c-93b6-0faf2f7541eb.csv"," "
"PREFEITURA MUNICIPAL DE CRICIUMA",2025,"APOIO A GESTÃO ADMINISTRATIVA","Manut. Funcional do Gabinete do Vice Prefeito","Incentivar e apoiar a gestão publica atraves de implementação de dados gerenciais visando a redução de custos, e estrategicas na defesa civil do municipio.","GABINETE DO VICE-PREFEITO","Gabinete do Vice-Prefeito",Administração,"Administração Geral",1015,"Manut. Funcional do Gabinete do Vice Prefeito","APLICAÇÕES DIRETAS",45,33900000000000,"APLICAÇÕES DIRETAS","PREFEITURA MUNICIPAL DE CRICIUMA","DESPESAS CORRENTES",30000,0,30000,12856.84,12856.84,12856.84,12856.84,0.0,12856.84,0,12856.84,0.0,0.0,42.86,42.86,42.86,42.86,42.86,233.34,"fontesRecursos_770c77b9-e730-4dd5-977f-43087ffbbadd.csv","informacaoPlanejamento_f5e740be-706a-4830-bfca-2bf05cd12d4c.csv","empenhos_d153cb3b-e280-4674-8615-fbcfb0afa581.csv"," "," "
"PREFEITURA MUNICIPAL DE CRICIUMA",2025,"GESTÃO ADMINISTRATIVA","Manut. do Fundo do Idoso - Proteção ao Idoso","Planejar a gestão publica atraves de implementações de dados gerenciais visando a redução de custos, e estrategicas na defesa civil do municipio.","GABINETE DO PREFEITO","Proteção ao Idoso","Assistência Social","Assistência ao Idoso",1014,"Manut. do Fundo do Idoso - Proteção ao Idoso","APLICAÇÕES DIRETAS",20,44900000000000,"APLICAÇÕES DIRETAS","PREFEITURA MUNICIPAL DE CRICIUMA","DESPESAS DE CAPITAL",1000000,2270000,3270000,2800000.0,2800000.0,2800000.0,2800000.0,0.0,2800000.0,0,2800000.0,0.0,0.0,280.0,85.63,280.0,85.63,280.0,116.79,"fontesRecursos_1d903f45-a7fb-4b78-acce-e30b42e2f9f5.csv","informacaoPlanejamento_07f47116-3d73-4bd4-b2a6-486e40a87670.csv","empenhos_e673571a-f50e-4b1c-aef5-b0d98bb42e07.csv","suplementacoes_94e2d60e-b460-4940-9234-bb1e5955b509.csv"," "
"PREFEITURA MUNICIPAL DE CRICIUMA",2025,"GESTÃO FISCAL E FINANCEIRA","Manut. do Convênio Corpo de Bombeiros","Que as receitas possam crescer o suficiente para podermos cobrir as despesas fixas, e ainda obtermos sobra para os investimentos.","SEC. MUN. DA FAZENDA","Convênio Corpo de Bombeiros","Segurança Pública",Policiamento,1029,"Manut. do Convênio Corpo de Bombeiros","TRANSFERÊNCIAS A ESTADOS E AO DISTRITO FEDERAL",102,33300000000000,"TRANSFERÊNCIAS A ESTADOS E AO DISTRITO FEDERAL","PREFEITURA MUNICIPAL DE CRICIUMA","DESPESAS CORRENTES",20000,30000,50000,50000.0,50000.0,50000.0,50000.0,0.0,50000.0,0,50000.0,0.0,0.0,250.0,100.0,250.0,100.0,250.0,100.0,"fontesRecursos_209289c2-1677-4cc9-a37c-46c4a28470a9.csv","informacaoPlanejamento_d1f1baf3-fc12-4fd6-9b98-d380f04c2304.csv","empenhos_965f779b-f3a1-4388-9d6f-a597c50396b6.csv","suplementacoes_4cc9bec7-f8c5-49a5-be8d-7e16d2a42a3a.csv"," "
"PREFEITURA MUNICIPAL DE CRICIUMA",2025,"GESTÃO ADMINISTRATIVA","Manut. do Conselho Tutelar","Planejar a gestão publica atraves de implementações de dados gerenciais visando a redução de custos, e estrategicas na defesa civil do municipio.","GABINETE DO PREFEITO","Conselho Tutelar",Administração,"Administração Geral",1009,"Manut. do Conselho Tutelar","APLICAÇÕES DIRETAS",15,44900000000000,"APLICAÇÕES DIRETAS","PREFEITURA MUNICIPAL DE CRICIUMA","DESPESAS DE CAPITAL",20000,-8268.4,11731.6,1731.6,1731.6,1731.6,1731.6,0.0,1731.6,0,1731.6,0.0,0.0,8.66,14.76,8.66,14.76,8.66,677.5,"fontesRecursos_2e599336-efaa-4011-a0a6-193d72ace329.csv","informacaoPlanejamento_99a01b81-8604-4f82-ae93-acee2f6d7db3.csv","empenhos_a790969a-ce4f-43c0-956a-d6fd08f4d5f9.csv","suplementacoes_0a81e1dc-29bf-4f3d-bf94-dec32d14f94f.csv"," "
"FUNDO M.DOS DIR.DA CRIANCA E DO ADOLESC.- CRICIUMA",2025,"FUNDO MUNICIPAL DA INFÂNCIA E ADOLESCENCIA - FIA","Manut. do Fundo da Infancia - FIA, Doação do IR e Recursos Estaduais e Federais.","Garantir o atendimento prioritário a crianças e adolescentes em todas as esferas;- Manutenção e ampliação dos programas específicos para o atendimento e garantia de direitos, bem como, articulação com órgão do Judiciário, Ministério Público, Defensoria Pública, Conselho Tutelar e demais órgão municipais, estaduais, federais.","FUNDO M. DOS DIR. DA CRIANÇA E DO ADOLESC-CRICIÚMA","Fdo. dos Dir. da Criança e do Adolescente","Assistência Social","Assistência à Criança e ao Adolescente",1069,"Manut. do Fundo da Infancia - FIA, Doação do IR e Recursos Estaduais e Federais.","TRANSFERÊNCIAS A INSTITUIÇÕES PRIVADAS SEM FINS LUCRATIVOS",3,44500000000000,"TRANSFERÊNCIAS A INSTITUIÇÕES PRIVADAS SEM FINS LUCRATIVOS","FUNDO M.DOS DIR.DA CRIANCA E DO ADOLESC.- CRICIUMA","DESPESAS DE CAPITAL",1300000,-725200,574800,153973.07,153973.07,153973.07,153973.07,0.0,153973.07,0,153973.07,0.0,0.0,11.84,26.79,11.84,26.79,11.84,373.31,"fontesRecursos_5de87274-b36c-4cc0-b90f-72c0ccd5715c.csv","informacaoPlanejamento_e6fee889-5c95-4353-bb55-d9b1f5aebffc.csv","empenhos_0dcef3f6-c56a-4c8a-b4d1-f497fef3896b.csv","suplementacoes_34d2cb3d-6f19-4ddd-9178-dd686946a0a5.csv"," "
"FUNDO MUNICIPAL DE SAUDE DE CRICIUMA",2025,"SAUDE PARA TODOS","Manut. CAPs","Realizar ações de promoção e prevenção à saúde na rede básica e Estratégia Saúde da Família, e ações curativas na rede secundaria e terciária do sistema municipal da saúde.","FUNDO MUNICIPAL DE SAÚDE","Fundo Mun. de Saúde",Saúde,"Atenção Básica",1055,"Manut. CAPs","APLICAÇÕES DIRETAS",32,44900000000000,"APLICAÇÕES DIRETAS","FUNDO MUNICIPAL DE SAUDE DE CRICIUMA","DESPESAS DE CAPITAL",1000000,1840535.2,2840535.2,2600772.75,41472.75,41472.75,41472.75,0.0,41472.75,0,41472.75,0.0,0.0,260.08,91.56,4.15,1.46,4.15,6849.16,"fontesRecursos_5851a082-b26a-45fe-a44d-f5482ed483d2.csv","informacaoPlanejamento_09b053f2-a0a8-4c0c-837e-44beb96efbd5.csv","empenhos_3cc87b88-4945-4a45-a457-fb0aaba4b2c9.csv","suplementacoes_412233a4-66cc-4ee6-be5b-d8a579a5c05d.csv"," "
"FUNDO MUNICIPAL DE SAUDE DE CRICIUMA",2025,"SAUDE PARA TODOS","Manut. SAMU","Realizar ações de promoção e prevenção à saúde na rede básica e Estratégia Saúde da Família, e ações curativas na rede secundaria e terciária do sistema municipal da saúde.","FUNDO MUNICIPAL DE SAÚDE","Fundo Mun. de Saúde",Saúde,"Atenção Básica",1054,"Manut. SAMU","APLICAÇÕES DIRETAS",28,44900000000000,"APLICAÇÕES DIRETAS","FUNDO MUNICIPAL DE SAUDE DE CRICIUMA","DESPESAS DE CAPITAL",510000,-126000,384000,36820.84,33220.84,33220.84,33220.84,0.0,33220.84,0,33220.84,0.0,0.0,7.22,9.59,6.51,8.65,6.51,1155.9,"fontesRecursos_5a698115-bba4-4046-a23c-62c04e12b85c.csv","informacaoPlanejamento_2ec228e0-1e20-432e-aad2-a5b1e790422a.csv","empenhos_4f6d7344-15ee-4de0-8c6f-7762ae92a0be.csv","suplementacoes_f5d921c8-5d62-4b6c-a0de-ca08e711ae68.csv"," "
"PREFEITURA MUNICIPAL DE CRICIUMA",2025,"GESTÃO FISCAL E FINANCEIRA","Manutenção do Apoio Administrativo, Contribuição a Entidades Associativas","Que as receitas possam crescer o suficiente para podermos cobrir as despesas fixas, e ainda obtermos sobra para os investimentos.","SEC. MUN. DA FAZENDA",Financeiro,Administração,"Administração Geral",1237,"Manutenção do Apoio Administrativo, Contribuição a Entidades Associativas","APLICAÇÕES DIRETAS",81,44900000000000,"APLICAÇÕES DIRETAS","PREFEITURA MUNICIPAL DE CRICIUMA","DESPESAS DE CAPITAL",200000,-100000,100000,46142.0,46142.0,46142.0,46142.0,0.0,45264.58,0,45264.58,877.42,877.42,23.07,46.14,23.07,46.14,22.63,220.92,"fontesRecursos_e8bb621a-8277-49c4-8c7c-549978685298.csv","informacaoPlanejamento_c6e3ef19-407d-49ea-bf2a-bebef6b54dff.csv","empenhos_90b9a4d8-6238-4621-bebf-3d3e5e4ee29e.csv","suplementacoes_fb0da1e7-b72f-46b3-9e97-bee9c546c2ed.csv"," "
"PREFEITURA MUNICIPAL DE CRICIUMA",2025,"GESTÃO FISCAL E FINANCEIRA","Manut. da Tesouraria e Contabilidade - Financeiro","Que as receitas possam crescer o suficiente para podermos cobrir as despesas fixas, e ainda obtermos sobra para os investimentos.","SEC. MUN. DA FAZENDA",Financeiro,Administração,"Administração Financeira",1023,"Manut. da Tesouraria e Contabilidade - Financeiro","APLICAÇÕES DIRETAS",75,44900000000000,"APLICAÇÕES DIRETAS","PREFEITURA MUNICIPAL DE CRICIUMA","DESPESAS DE CAPITAL",50000,-49101,899,899.0,899.0,899.0,899.0,0.0,0,0,0,899.0,899.0,1.8,100.0,1.8,100.0,0.0,0.0,"fontesRecursos_df522fff-e7bb-436e-a5c8-be980ab38c1f.csv","informacaoPlanejamento_3ad647f4-5997-4e2e-8a35-9c08fc62cdbf.csv","empenhos_a3f922c3-a6a9-4ba0-9124-2c2837c56bff.csv","suplementacoes_f8623c9c-08a6-4859-bfe4-1a90b169042c.csv"," "
"FUNDO MUNICIPAL DE SAUDE DE CRICIUMA",2025,"SAUDE PARA TODOS","Manutenção do Programa Estudar para Cuidar","Realizar ações de promoção e prevenção à saúde na rede básica e Estratégia Saúde da Família, e ações curativas na rede secundaria e terciária do sistema municipal da saúde.","FUNDO MUNICIPAL DE SAÚDE","Fundo Mun. de Saúde",Saúde,"Assistência Hospitalar e Ambulatorial",1236,"Manutenção do Programa Estudar para Cuidar","APLICAÇÕES DIRETAS",61,33900000000000,"APLICAÇÕES DIRETAS","FUNDO MUNICIPAL DE SAUDE DE CRICIUMA","DESPESAS CORRENTES",200000,0,200000,200000.0,58000.8,58000.8,58000.8,0.0,58000.8,0,58000.8,0.0,0.0,100.0,100.0,29.0,29.0,29.0,344.82,"fontesRecursos_4c2d31a0-975c-43ec-bd7b-4c03a573f249.csv","informacaoPlanejamento_c96ed220-4336-40d0-a492-0f9311fdb854.csv","empenhos_a8f73820-95c5-40b5-b6ca-f949564a9694.csv"," "," "
"FUNDO MUNICIPAL DE SAUDE DE CRICIUMA",2025,"SAUDE PARA TODOS","Manut. do Fundo Municipal de Saude, despesas de pessoal outros p/ manut.","Realizar ações de promoção e prevenção à saúde na rede básica e Estratégia Saúde da Família, e ações curativas na rede secundaria e terciária do sistema municipal da saúde.","FUNDO MUNICIPAL DE SAÚDE","Fundo Mun. de Saúde",Saúde,"Atenção Básica",1045,"Manut. do Fundo Municipal de Saude, despesas de pessoal outros p/ manut.","TRANSFERÊNCIAS A INSTITUIÇÕES PRIVADAS SEM FINS LUCRATIVOS",4,33500000000000,"TRANSFERÊNCIAS A INSTITUIÇÕES PRIVADAS SEM FINS LUCRATIVOS","FUNDO MUNICIPAL DE SAUDE DE CRICIUMA","DESPESAS CORRENTES",1500000,780000,2280000,2024288.68,1978098.61,1981088.68,1978098.61,0.0,1973728.68,2990.07,1970738.61,7360.0,7360.0,134.95,88.78,132.07,86.89,131.58,115.52,"fontesRecursos_527c079f-c729-49ee-b5af-b7b89bc0e2ce.csv","informacaoPlanejamento_0c08f0d0-07b5-4f17-9074-6704164f46c6.csv","empenhos_f3b3c8af-4dae-4a2d-9dce-5cb184ad077b.csv","suplementacoes_7ca0c687-9d04-437c-8ddd-25666a4717ba.csv"," "
"FUNDO MUNICIPAL DE SAUDE DE CRICIUMA",2025,"SAUDE PARA TODOS","Manutenção do Programa de Residência Médica em Medicina de Família e Comunidade - PRMFC","Realizar ações de promoção e prevenção à saúde na rede básica e Estratégia Saúde da Família, e ações curativas na rede secundaria e terciária do sistema municipal da saúde.","FUNDO MUNICIPAL DE SAÚDE","Fundo Mun. de Saúde",Saúde,"Assistência Hospitalar e Ambulatorial",1209,"Manutenção do Programa de Residência Médica em Medicina de Família e Comunidade - PRMFC","APLICAÇÕES DIRETAS",59,33900000000000,"APLICAÇÕES DIRETAS","FUNDO MUNICIPAL DE SAUDE DE CRICIUMA","DESPESAS CORRENTES",630000,0,630000,354000.0,242000.0,223000.0,222000.0,20000.0,223000.0,1000.0,222000.0,20000.0,0.0,56.19,56.19,35.4,35.4,35.4,282.51,"fontesRecursos_23180721-e506-47a1-9bfe-e449245b12cf.csv","informacaoPlanejamento_b5dee74d-8cb1-4b02-8a56-dbc5c45a1030.csv","empenhos_d53edf4f-d976-403f-a3b7-a1d89436afaa.csv"," "," "
"PREFEITURA MUNICIPAL DE CRICIUMA",2025,"GESTÃO ADMINISTRATIVA","Manut. do Comitê Gestor e da Assessoria de Gabinete","Planejar a gestão publica atraves de implementações de dados gerenciais visando a redução de custos, e estrategicas na defesa civil do municipio.","GABINETE DO PREFEITO","Gabinete do Prefeito",Administração,"Administração Geral",1004,"Manut. do Comitê Gestor e da Assessoria de Gabinete","APLICAÇÕES DIRETAS",8,33900000000000,"APLICAÇÕES DIRETAS","PREFEITURA MUNICIPAL DE CRICIUMA","DESPESAS CORRENTES",20000,30000,50000,32496.41,30847.61,30847.61,30847.61,0.0,22776.72,0,22776.72,8070.89,8070.89,162.48,64.99,154.24,61.7,113.88,219.52,"fontesRecursos_210a2eff-12d6-41b6-a983-d08aadeb02c7.csv","informacaoPlanejamento_2fc783eb-98d8-4e8b-9757-022b75378bbd.csv","empenhos_9d9cce0d-6953-4412-9032-e6910d7a95de.csv","suplementacoes_99a75f90-2e1d-4383-a454-e9f584aa6ec0.csv"," "
"PREFEITURA MUNICIPAL DE CRICIUMA",2025,"GESTÃO ADMINISTRATIVA","Manut. Funcional do Gabinete do Prefeito","Planejar a gestão publica atraves de implementações de dados gerenciais visando a redução de custos, e estrategicas na defesa civil do municipio.","GABINETE DO PREFEITO","Gabinete do Prefeito",Administração,"Administração Geral",1002,"Manut. Funcional do Gabinete do Prefeito","APLICAÇÕES DIRETAS",2,33900000000000,"APLICAÇÕES DIRETAS","PREFEITURA MUNICIPAL DE CRICIUMA","DESPESAS CORRENTES",100000,12050,112050,32108.96,30777.05,32108.96,30777.05,0.0,31610.96,1331.91,30279.05,498.0,498.0,32.11,28.66,32.11,28.66,31.61,354.47,"fontesRecursos_558adc68-0dae-4d9d-bd0e-8e2adb94c84d.csv","informacaoPlanejamento_a86538a8-676c-4d05-bd23-d00c0f0fddf1.csv","empenhos_3130a550-2a9f-4e3a-a5cc-dd11a7bd81db.csv","suplementacoes_1016571b-ff4e-4c33-924c-362b6a8e73f7.csv"," "
"PREFEITURA MUNICIPAL DE CRICIUMA",2025,"AVANÇAR CRICIUMA","Manutenção/Parque Turístico/Ecológico/Mina de Visitação Octávio Fontana","Elaborar projetos arquitetônicos, urbanísticos e geométricos (rodoviários) de espaços públicos; Revisar e regulamentar constantemente a legislação urbanística do Plano Diretor; Executar obras de edificações e espaços públicos de interesse da coletividade. Garantir o desenvolvimento econômico do município por meio de execução de obras significativas ao crescimento urbano.Tornar à cidade mais humanizada, bonita e agradável de se viver, sempre em conformidade com o novo Plano Diretor do Municipio.","SEC. M. DE INFRAEST.,PLANEJ. E MOBILIDADE URBANA",Obras,Urbanismo,Turismo,1230,"Manutenção/Parque Turístico/Ecológico/Mina de Visitação Octávio Fontana","APLICAÇÕES DIRETAS",180,33900000000000,"APLICAÇÕES DIRETAS","PREFEITURA MUNICIPAL DE CRICIUMA","DESPESAS CORRENTES",200000,0,200000,20000.0,0.0,0,0,0.0,0,0,0,0.0,0,10.0,10.0,0.0,0.0,0.0,0.0,"fontesRecursos_f4054f12-011d-477d-82e5-1a67a322840d.csv","informacaoPlanejamento_1d3853c2-f125-45db-b3e1-0c86e7b3834b.csv","empenhos_df258f99-db44-4abf-8c73-23ad56f93a89.csv"," "," "
"PREFEITURA MUNICIPAL DE CRICIUMA",2025,"GESTÃO ADMINISTRATIVA","Manut. Fdo de Proteção e Defesa Civil","Planejar a gestão publica atraves de implementações de dados gerenciais visando a redução de custos, e estrategicas na defesa civil do municipio.","SEC. M. DE INFRAEST.,PLANEJ. E MOBILIDADE URBANA",Obras,"Segurança Pública","Defesa Civil",1008,"Manut. Fdo de Proteção e Defesa Civil","APLICAÇÕES DIRETAS",171,33900000000000,"APLICAÇÕES DIRETAS","PREFEITURA MUNICIPAL DE CRICIUMA","DESPESAS CORRENTES",50000,-33000,17000,17000.0,170.78,2000.0,170.78,0.0,2000.0,1829.22,170.78,0.0,0.0,34.0,100.0,4.0,11.76,4.0,850.0,"fontesRecursos_0bf5feaa-a286-4224-ad53-1ac4f8fd677d.csv","informacaoPlanejamento_11bc3fc6-79a7-4729-aade-86b45eba65f7.csv","empenhos_5af66dbf-57d1-4ffa-9c30-580e1d8224d8.csv","suplementacoes_b466e1a6-a5ef-4f10-8653-6a373dee1471.csv"," "
"PREFEITURA MUNICIPAL DE CRICIUMA",2025,"AVANÇAR CRICIUMA","Oficinas e Garagens","Elaborar projetos arquitetônicos, urbanísticos e geométricos (rodoviários) de espaços públicos; Revisar e regulamentar constantemente a legislação urbanística do Plano Diretor; Executar obras de edificações e espaços públicos de interesse da coletividade. Garantir o desenvolvimento econômico do município por meio de execução de obras significativas ao crescimento urbano.Tornar à cidade mais humanizada, bonita e agradável de se viver, sempre em conformidade com o novo Plano Diretor do Municipio.","SEC. M. DE INFRAEST.,PLANEJ. E MOBILIDADE URBANA","Oficinas e Garagens",Administração,"Administração Geral",1083,"Oficinas e Garagens","APLICAÇÕES DIRETAS",209,33900000000000,"APLICAÇÕES DIRETAS","PREFEITURA MUNICIPAL DE CRICIUMA","DESPESAS CORRENTES",550000,0,550000,429027.32,382931.64,383330.59,382931.64,0.0,366478.81,398.95,366079.86,16851.78,16851.78,78.0,78.0,69.7,69.7,66.63,150.08,"fontesRecursos_22abcf29-9024-4a41-8300-7ac310565638.csv","informacaoPlanejamento_45dcbff7-73cb-418f-8798-e6dedf826f27.csv","empenhos_b34d3547-c8fa-4597-958a-92b78c3c0bf3.csv"," "," "
"PREFEITURA MUNICIPAL DE CRICIUMA",2025,"GESTÃO DE QUALIDADE NO ENSINO","Manut. do Gabinete da Secretaria de Educação","Garantir espaço educativo adequado para a promoção da formação humana; fornecer materiais de consumo e didático, generos alimenticios, limpeza e outros paa as escolas e CEIMs; Acompanhar e das suporte administrativo e financeiro as Unidades Escolares; Manter e ampliar os espaços fisicos internos e externos das escolas e CEIMs.","SEC. MUN. DE EDUCAÇÃO","Gab. Secretaria de Educação",Educação,"Ensino Fundamental",1030,"Manut. do Gabinete da Secretaria de Educação","APLICAÇÕES DIRETAS",117,33900000000000,"APLICAÇÕES DIRETAS","PREFEITURA MUNICIPAL DE CRICIUMA","DESPESAS CORRENTES",150000,0,150000,140966.89,21992.62,25110.17,21992.62,0.0,25110.17,3117.55,21992.62,0.0,0.0,93.98,93.98,16.74,16.74,16.74,597.37,"fontesRecursos_f886cf23-a5a1-4d29-b401-ccaa0921b38c.csv","informacaoPlanejamento_e85b3611-344e-416a-86d3-801e70913e88.csv","empenhos_19bd9c88-7d24-4750-9aec-71585e26e605.csv"," "," "
"PREFEITURA MUNICIPAL DE CRICIUMA",2025,"GESTÃO DE QUALIDADE NA PERSPECTIVA DA EDUCAÇÃO INCLUSIVA","Educação Inclusiva","Implementara Politica Nacional de Educação Especial na perspectiva da Educação Inclusiva e o atendimento educacional especializado a toda rede; Garantir a oferta de Formação Bilingue em Lingua Brasileira de Sinais (LIBRAS); Articular o Convenio com Associação ADVISUL; Criar uma escola Polo de atencimento Bilingue; Adquirir materiais pedagogicos  para o atendimento dos alunos cegos.","SEC. MUN. DE EDUCAÇÃO","Educação Inclusiva",Educação,"Ensino Fundamental",1041,"Educação Inclusiva","APLICAÇÕES DIRETAS",148,31900000000000,"APLICAÇÕES DIRETAS","PREFEITURA MUNICIPAL DE CRICIUMA","DESPESAS CORRENTES",3310000,35000,3345000,2406314.12,2371621.28,2406314.12,2371621.28,0.0,2371621.28,0,2371621.28,0.0,0.0,72.7,71.94,72.7,71.94,71.65,141.04,"fontesRecursos_466b0502-9545-4b20-8cf6-ee131c6bd59a.csv","informacaoPlanejamento_6ed27183-8ad3-45d7-827f-26f177fee027.csv","empenhos_feea55d8-02f0-48d5-9554-397dea3a8779.csv","suplementacoes_cd3ea706-56a0-45e1-bf6f-ede727dd8001.csv"," "
"PREFEITURA MUNICIPAL DE CRICIUMA",2025,"GESTÃO DE QUALIDADE - PROEJA - PROGRAMA DE EDUCAÇÃO DE EDUCAÇÃO DE JOVENS E ADULTOS","Alfabetização de Jovens e Adultos","Ampliar o acesso e permanencia dos jovens e adultos sem escolaridade no PROEJA; Qualificar profissionalmente os jovens e adultos atencidos pelo Programa, por meio de parcerias; Criar uma unidade Polo do Programa (NEJAC - Nucleo Educacional de Jovens e Adultos de Criciuma).","SEC. MUN. DE EDUCAÇÃO","Alfabetização de Jovens e Adultos - PROEJA",Educação,"Ensino Fundamental",1040,"Alfabetização de Jovens e Adultos","APLICAÇÕES DIRETAS",123,31900000000000,"APLICAÇÕES DIRETAS","PREFEITURA MUNICIPAL DE CRICIUMA","DESPESAS CORRENTES",1300000,0,1300000,916980.4,908955.77,916980.4,908955.77,0.0,908955.77,0,908955.77,0.0,0.0,70.54,70.54,70.54,70.54,69.92,143.02,"fontesRecursos_b7e8b5dd-c76d-4182-8aae-e032d223a0c0.csv","informacaoPlanejamento_f620b505-20dd-4a44-900f-6c58a74f8780.csv","empenhos_68549a8b-c253-4d81-9100-4de128012567.csv"," "," "
"PREFEITURA MUNICIPAL DE CRICIUMA",2025,"DIVERSIDADE ETNICO-RACIAL/PERSPECTIVA INCLUSIVA","Diversidade Etnica Racial","Reduzir as desigualdades raciais existentes nas estruturas de poder e que perpassam o sistema sócio/educacional/econômico no município, atendendo o ensino da educação básica e seus profissionais no processo das relações sociais de diversidade étnico-racial. Adquirir livros de literatura infanto-juvenil, brinquedos ejogos. Promover o I Seminário de Africanidades.","SEC. MUN. DE EDUCAÇÃO","Diversidade Étnica Racial",Educação,"Ensino Fundamental",1044,"Diversidade Etnica Racial","APLICAÇÕES DIRETAS",155,31900000000000,"APLICAÇÕES DIRETAS","PREFEITURA MUNICIPAL DE CRICIUMA","DESPESAS CORRENTES",170000,55000,225000,205838.43,201690.9,205838.43,201690.9,0.0,201690.9,0,201690.9,0.0,0.0,121.08,91.48,121.08,91.48,118.64,111.56,"fontesRecursos_b2f50b38-0755-444e-87b4-87b0f55c32a7.csv","informacaoPlanejamento_cc7efdbb-7dfa-4e40-b2ff-fa6a15ccd440.csv","empenhos_43c3e104-2bb0-4b49-ab2a-31d4553eb5a4.csv","suplementacoes_e2aa2d40-8022-40d7-a311-a31f18c0be32.csv"," "
"PREFEITURA MUNICIPAL DE CRICIUMA",2025,"GESTÃO DE QUALIDADE NO ENSINO","Creches e Pré-Escolares - Educação Infantil","Garantir espaço educativo adequado para a promoção da formação humana; fornecer materiais de consumo e didático, generos alimenticios, limpeza e outros paa as escolas e CEIMs; Acompanhar e das suporte administrativo e financeiro as Unidades Escolares; Manter e ampliar os espaços fisicos internos e externos das escolas e CEIMs.","SEC. MUN. DE EDUCAÇÃO","Creches e Pré-Escolares",Educação,"Educação Infantil",1031,"Creches e Pré-Escolares - Educação Infantil","APLICAÇÕES DIRETAS",119,31900000000000,"APLICAÇÕES DIRETAS","PREFEITURA MUNICIPAL DE CRICIUMA","DESPESAS CORRENTES",80000000,-10273000,69727000,4.355554726E7,4.297040733E7,4.355554726E7,4.297040733E7,0.0,4.297040733E7,0,4.297040733E7,0.0,0.0,54.44,62.47,54.44,62.47,53.71,162.27,"fontesRecursos_71729778-9b74-4ba8-95b5-0d1d5ceafc0a.csv","informacaoPlanejamento_8389e6a3-f178-4314-8ecd-17a39fbec8d7.csv","empenhos_d35d9998-d87c-450a-941e-c97b3e788f3a.csv","suplementacoes_d1154390-0dc8-43e3-adc6-39c8c683e521.csv"," "
"PREFEITURA MUNICIPAL DE CRICIUMA",2025,"GESTÃO DE QUALIDADE NO ENSINO","Unidades Escolares - Ensino Fundamental","Garantir espaço educativo adequado para a promoção da formação humana; fornecer materiais de consumo e didático, generos alimenticios, limpeza e outros paa as escolas e CEIMs; Acompanhar e das suporte administrativo e financeiro as Unidades Escolares; Manter e ampliar os espaços fisicos internos e externos das escolas e CEIMs.","SEC. MUN. DE EDUCAÇÃO","Unidades Escolares",Educação,"Ensino Fundamental",1032,"Unidades Escolares - Ensino Fundamental","APLICAÇÕES DIRETAS",126,31900000000000,"APLICAÇÕES DIRETAS","PREFEITURA MUNICIPAL DE CRICIUMA","DESPESAS CORRENTES",100000,3018000,3118000,2688456.75,2172311.12,2688456.75,2172311.12,0.0,2172311.12,0,2172311.12,0.0,0.0,2688.46,86.22,2688.46,86.22,2172.31,143.53,"fontesRecursos_eded7e26-da1c-43a0-b69e-6b0902898923.csv","informacaoPlanejamento_b8db7288-ebe8-4df1-84ce-ae6f6af9403a.csv","empenhos_ba6dec1a-500a-4f6c-aa35-f4f17fb0405c.csv","suplementacoes_43eb0c2e-6434-46d8-b53c-bf62a2c0e3c5.csv"," "
"FUNDO MUNICIPAL DO MEIO AMBIENTE DE CRICIUMA",2025,"FUNDO MUN. DO MEIO AMBIENTE","Manut. do Fundo do Meio Ambiente","Proteger as nascentes, areas remanescentes de matas nativas, entre outros, visando contribuir ao ecosistema da cidade","FUNDO MUN. DO MEIO AMBIENTE","Fundo Mun. do Meio Ambiente","Gestão Ambiental","Administração Geral",1105,"Manut. do Fundo do Meio Ambiente","APLICAÇÕES DIRETAS",1,33900000000000,"APLICAÇÕES DIRETAS","FUNDO MUNICIPAL DO MEIO AMBIENTE DE CRICIUMA","DESPESAS CORRENTES",50000,0,50000,500.0,500.0,5.95,5.95,494.05,5.95,0,5.95,494.05,0.0,1.0,1.0,0.01,0.01,0.01,840336.13,"fontesRecursos_7e6c8f3b-6f9f-40eb-9057-c8ea85a7373f.csv","informacaoPlanejamento_abd33a67-340f-4b5a-b1ae-f2298112d349.csv","empenhos_b2032c6b-9d9d-4cea-948c-0242000dbeb9.csv"," "," "
"PREFEITURA MUNICIPAL DE CRICIUMA",2025,"OPERAÇÕES ESPECIAIS","Amortização/juros/Setenças/Ações Judiciais/Aposentados e Pensionistas","Que a administração nao efetue contratações impensadas, ou financiamentos impossiveis de se cumprir, alem de efetuar análise das dividas que estão sendo0 executadas. E que a folha dos aposentados e pensionistas sejam acompanhadas de forma estatistica e financeira.","SEC. MUN. DA FAZENDA","Gab. Secretaria da Fazenda",Administração,"Administração Geral",1001,"Amortização/juros/Setenças/Ações Judiciais/Aposentados e Pensionistas","APLICAÇÕES DIRETAS",57,32900000000000,"APLICAÇÕES DIRETAS","PREFEITURA MUNICIPAL DE CRICIUMA","DESPESAS CORRENTES",31000000,8138200.0,3.91382E7,2.898101786E7,2.743213507E7,2.739670828E7,2.739670828E7,35426.79,2.739670828E7,0,2.739670828E7,35426.79,0.0,93.49,74.05,88.38,70.0,88.38,142.86,"fontesRecursos_9abb67ec-615a-443e-aa57-5c96a3e4cdbd.csv","informacaoPlanejamento_50bc1744-b46a-48c3-be5e-50ae83e73fae.csv","empenhos_ce5ef2e7-78ec-4d5e-bac2-3ba623c2f6d9.csv","suplementacoes_602ba805-cd9e-4f20-bdad-4ed73743ef18.csv"," "
"PREFEITURA MUNICIPAL DE CRICIUMA",2025,"OPERAÇÕES ESPECIAIS","Amortização/juros/Setenças/Ações Judiciais/Aposentados e Pensionistas","Que a administração nao efetue contratações impensadas, ou financiamentos impossiveis de se cumprir, alem de efetuar análise das dividas que estão sendo0 executadas. E que a folha dos aposentados e pensionistas sejam acompanhadas de forma estatistica e financeira.","SEC. MUN. DA FAZENDA","Gab. Secretaria da Fazenda",Administração,"Administração Geral",1001,"Amortização/juros/Setenças/Ações Judiciais/Aposentados e Pensionistas","APLICAÇÕES DIRETAS",60,46900000000000,"APLICAÇÕES DIRETAS","PREFEITURA MUNICIPAL DE CRICIUMA","DESPESAS DE CAPITAL",40000000,-5850000,34150000,3.332209656E7,3.15954654E7,3.15954654E7,3.15954654E7,0.0,3.15954654E7,0,3.15954654E7,0.0,0.0,83.31,97.58,78.99,92.52,78.99,108.09,"fontesRecursos_e314fa1a-6013-473b-9608-5bad63eb27f0.csv","informacaoPlanejamento_47df0860-b182-4214-8759-a792ac327c69.csv","empenhos_0564434b-9a84-4201-9e4d-03002d5e3f74.csv","suplementacoes_81f6ed9c-e793-4cb3-b4c1-7164c3252206.csv"," "
"FUNDO MUN. SANEAMENTO BASICO DE CRICIUMA - FUNSAB",2025,"SANEAMENTO BÁSICO MUNICIPAL (LIMPEZA PÚBLICA URBANA)","Limpeza de vias e logradouro públicos","Além da TAXA DE LIMPEZA PÚBLICA, pretende o município criar as condições para que através do Contrato de Programa com a CASAN, possa o município utilizar recursos desse Contrato para melhorar a limpeza pública urbana, conforme prevê a Lei do Saneamento Basico.","FUNDO MUN. DE SANEAMENTO BASICO-FUNSAB","Limpeza Pública",Urbanismo,"Serviços Urbanos",1099,"Limpeza de vias e logradouro públicos","APLICAÇÕES DIRETAS",4,44900000000000,"APLICAÇÕES DIRETAS","FUNDO MUN. SANEAMENTO BASICO DE CRICIUMA - FUNSAB","DESPESAS DE CAPITAL",300000,-210000,90000,34184.0,34184.0,34184.0,34184.0,0.0,0,0,0,34184.0,34184.0,11.39,37.98,11.39,37.98,0.0,0.0,"fontesRecursos_433a5726-cfd6-43fd-9a8d-51147ee56023.csv","informacaoPlanejamento_036d3ed8-f506-4a8b-a4c4-5a3df5c26f94.csv","empenhos_1bfdaaa7-d7fa-47eb-8f15-f3cdb54cfa03.csv","suplementacoes_7d25dc64-7500-4611-bb9d-ec2c8cbe2dea.csv"," "
"PREFEITURA MUNICIPAL DE CRICIUMA",2025,"SAUDE PARA TODOS","Aquisição de equipamentos e materiais permanentes de TI","Realizar ações de promoção e prevenção à saúde na rede básica e Estratégia Saúde da Família, e ações curativas na rede secundaria e terciária do sistema municipal da saúde.","GABINETE DO PREFEITO","Gabinete do Prefeito",Saúde,"Tecnologia da Informatização",1238,"Aquisição de equipamentos e materiais permanentes de TI","APLICAÇÕES DIRETAS",224,44900000000000,"APLICAÇÕES DIRETAS","PREFEITURA MUNICIPAL DE CRICIUMA","DESPESAS DE CAPITAL",0,319775.84,319775.84,297855.41,296380.0,296380.0,296380.0,0.0,243340.0,0,243340.0,53040.0,53040.0,0.0,93.15,0.0,92.68,0.0,131.41,"fontesRecursos_6328a402-8033-41f6-abc7-4bb24dec089e.csv","informacaoPlanejamento_67681504-c47e-49e8-9824-728d4307b061.csv","empenhos_b8c02eae-de72-4ac3-ba4b-2b63d9fe1fef.csv","suplementacoes_f89daeab-5bea-41f5-bf85-f907320dd817.csv"," "
"PREFEITURA MUNICIPAL DE CRICIUMA",2025,"GESTÃO ADMINISTRATIVA","Manut. Funcional do Gabinete do Prefeito","Planejar a gestão publica atraves de implementações de dados gerenciais visando a redução de custos, e estrategicas na defesa civil do municipio.","GABINETE DO PREFEITO","Gabinete do Prefeito",Administração,"Administração Geral",1002,"Manut. Funcional do Gabinete do Prefeito","APLICAÇÕES DIRETAS",3,44900000000000,"APLICAÇÕES DIRETAS","PREFEITURA MUNICIPAL DE CRICIUMA","DESPESAS DE CAPITAL",100000,11950,111950,41762.3,41762.3,41762.3,41762.3,0.0,40198.3,0,40198.3,1564.0,1564.0,41.76,37.3,41.76,37.3,40.2,278.49,"fontesRecursos_c2521ad6-db80-4250-aaa5-c573cff2a8ad.csv","informacaoPlanejamento_1d32420d-d628-472e-b7f9-f141e5917748.csv","empenhos_6f16a6fd-ab2e-41d7-ac00-60a458950b07.csv","suplementacoes_55e7611d-8b08-44a8-be73-b5706e75c34b.csv"," "
"PREFEITURA MUNICIPAL DE CRICIUMA",2025,"GESTÃO ADMINISTRATIVA","Manutenção da Diretoria de Parques e Praças","Planejar a gestão publica atraves de implementações de dados gerenciais visando a redução de custos, e estrategicas na defesa civil do municipio.","GABINETE DO PREFEITO","Gabinete do Prefeito","Desporto e Lazer",Lazer,1248,"Manutenção da Diretoria de Parques e Praças","APLICAÇÕES DIRETAS",234,44900000000000,"APLICAÇÕES DIRETAS","PREFEITURA MUNICIPAL DE CRICIUMA","DESPESAS DE CAPITAL",0,1000000,1000000,975.0,975.0,975.0,975.0,0.0,0,0,0,975.0,975.0,0.0,0.1,0.0,0.1,0.0,0.0,"fontesRecursos_44437371-acd0-4e25-afef-214e57e76438.csv","informacaoPlanejamento_cfe65b09-1770-40a2-8e8b-2da7fe30132d.csv","empenhos_bf39ecaf-6dcf-458b-9b1e-7d74af09de31.csv","suplementacoes_6d1394f1-ac59-4d82-aae7-49661d1edc55.csv"," "
"PREFEITURA MUNICIPAL DE CRICIUMA",2025,"GESTÃO FISCAL E FINANCEIRA","Manutenção do Fundo Municipal de Inovação","Que as receitas possam crescer o suficiente para podermos cobrir as despesas fixas, e ainda obtermos sobra para os investimentos.","SEC. MUN. DA FAZENDA","Diretoria de Desenvolvimento Econômico","Ciência e Tecnologia","Difusão do Conhecimento Científico e Tecnológico",1208,"Manutenção do Fundo Municipal de Inovação","APLICAÇÕES DIRETAS",109,33900000000000,"APLICAÇÕES DIRETAS","PREFEITURA MUNICIPAL DE CRICIUMA","DESPESAS CORRENTES",50000,0,50000,40551.08,35751.78,38165.63,33366.33,2385.45,38045.63,4679.3,33366.33,2385.45,0.0,81.1,81.1,76.33,76.33,76.09,131.42,"fontesRecursos_b2d058e7-279d-4051-8d4b-0157d172f3c5.csv","informacaoPlanejamento_3e0ca403-31d7-4104-a209-caa06b936345.csv","empenhos_3633db41-136b-44e5-ba46-425b43e51b40.csv"," "," "
"FUNDO MUNICIPAL DE SAUDE DE CRICIUMA",2025,"SAUDE PARA TODOS","Manut. da Saude Bucal-ESF","Realizar ações de promoção e prevenção à saúde na rede básica e Estratégia Saúde da Família, e ações curativas na rede secundaria e terciária do sistema municipal da saúde.","FUNDO MUNICIPAL DE SAÚDE","Fundo Mun. de Saúde",Saúde,"Atenção Básica",1060,"Manut. da Saude Bucal-ESF","APLICAÇÕES DIRETAS",43,33900000000000,"APLICAÇÕES DIRETAS","FUNDO MUNICIPAL DE SAUDE DE CRICIUMA","DESPESAS CORRENTES",1000000,480000,1480000,1044215.62,677468.34,677468.34,677468.34,0.0,674334.4,0,674334.4,3133.94,3133.94,104.42,70.56,67.75,45.77,67.43,219.48,"fontesRecursos_2c50967a-108f-467c-92f1-b7c311be8bb4.csv","informacaoPlanejamento_d73e0e7a-8ede-4aa7-abfe-9d44b4df2a36.csv","empenhos_b3be8c4b-4d7a-421e-a224-f0ae35f43137.csv","suplementacoes_d5055d54-68f1-4f21-bd39-c67e45e95ead.csv"," "
"PREFEITURA MUNICIPAL DE CRICIUMA",2025,"GESTÃO DE QUALIDADE NO ENSINO","Funcional do FUNDEB (Folha Pagamanento)","Garantir espaço educativo adequado para a promoção da formação humana; fornecer materiais de consumo e didático, generos alimenticios, limpeza e outros paa as escolas e CEIMs; Acompanhar e das suporte administrativo e financeiro as Unidades Escolares; Manter e ampliar os espaços fisicos internos e externos das escolas e CEIMs.","SEC. MUN. DE EDUCAÇÃO",FUNDEB,Educação,"Ensino Fundamental",1033,"Funcional do FUNDEB (Folha Pagamanento)","APLICAÇÕES DIRETAS",137,31900000000000,"APLICAÇÕES DIRETAS","PREFEITURA MUNICIPAL DE CRICIUMA","DESPESAS CORRENTES",115000000,1.420298678E7,1.2920298678E8,1.3079849806E8,1.2808226147E8,1.2898467748E8,1.2777214398E8,310117.49,1.2777386779E8,1723.81,1.2777214398E8,310117.49,0.0,113.74,101.23,112.16,99.83,111.11,101.12,"fontesRecursos_e174a4ba-c9b8-4545-9b90-e0a05c83127c.csv","informacaoPlanejamento_79c5338f-fa44-4c21-86f1-9c167c34ae61.csv","empenhos_d5ace005-bbd9-4089-8d42-7bbcaee9fd2f.csv","suplementacoes_38f71e32-6a0d-457a-b212-59515738c9a7.csv"," "
"PREFEITURA MUNICIPAL DE CRICIUMA",2025,"AVANÇAR CRICIUMA","Manut. depto de Obras","Elaborar projetos arquitetônicos, urbanísticos e geométricos (rodoviários) de espaços públicos; Revisar e regulamentar constantemente a legislação urbanística do Plano Diretor; Executar obras de edificações e espaços públicos de interesse da coletividade. Garantir o desenvolvimento econômico do município por meio de execução de obras significativas ao crescimento urbano.Tornar à cidade mais humanizada, bonita e agradável de se viver, sempre em conformidade com o novo Plano Diretor do Municipio.","SEC. M. DE INFRAEST.,PLANEJ. E MOBILIDADE URBANA",Obras,Urbanismo,"Serviços Urbanos",1073,"Manut. depto de Obras","TRANSFERÊNCIAS A INSTITUIÇÕES PRIVADAS SEM FINS LUCRATIVOS",175,33500000000000,"TRANSFERÊNCIAS A INSTITUIÇÕES PRIVADAS SEM FINS LUCRATIVOS","PREFEITURA MUNICIPAL DE CRICIUMA","DESPESAS CORRENTES",1500000,-200000,1300000,1200000.0,642369.47,597221.25,597221.25,45148.22,597221.25,0,597221.25,45148.22,0.0,80.0,92.31,39.81,45.94,39.81,217.67,"fontesRecursos_9ae3f383-23b1-4142-bd27-dceed04b1a0e.csv","informacaoPlanejamento_01a308d0-4bce-4826-b5e7-86e923b3d3c1.csv","empenhos_7d4e6b90-4e90-4276-82a5-1547c3ad024a.csv","suplementacoes_0551fac8-b838-462c-8953-ff76c273a627.csv"," "
"PREFEITURA MUNICIPAL DE CRICIUMA",2025,"GESTÃO FISCAL E FINANCEIRA","Manut. do Recurso Humanos, Admissões por Concursos, Capacitação Profis.","Que as receitas possam crescer o suficiente para podermos cobrir as despesas fixas, e ainda obtermos sobra para os investimentos.","SEC. MUN. DA FAZENDA","Gab. Secretaria da Fazenda",Administração,"Administração Geral",1020,"Manut. do Recurso Humanos, Admissões por Concursos, Capacitação Profis.","APLICAÇÕES DIRETAS",65,31900000000000,"APLICAÇÕES DIRETAS","PREFEITURA MUNICIPAL DE CRICIUMA","DESPESAS CORRENTES",20000000,-1.406610572E7,5933894.28,5933894.28,5896373.05,5862776.4,5862776.4,33596.65,5862776.4,0,5862776.4,33596.65,0.0,29.67,100.0,29.31,98.8,29.31,101.21,"fontesRecursos_f924b9f7-24fb-4df0-b045-f468b4d57af7.csv","informacaoPlanejamento_cc0f1345-b69a-4a51-be81-371c596d8212.csv","empenhos_0f186183-2c6d-44fe-9b2a-316130a76c2f.csv","suplementacoes_90815b5e-75a5-4846-8ac8-3eb82bee4235.csv"," "
"FUNDO MUN. SANEAMENTO BASICO DE CRICIUMA - FUNSAB",2025,"SANEAMENTO BÁSICO MUNICIPAL (AGUA E ESGOTO)","Recuperação de pavimentação asfáltica de Obras de Infraestrutura - Convênio/Casan","Criar as condições para que com o Contrato de Programa PMC/CASAN, possa o município ser parceiro na administração dos sistemas de distribuição de água e de coleta do esgoto sanitário e possa usar recursos desse Contrato para melhorar a drenagem urbana e para desassoriar rios da região.","FUNDO MUN. DE SANEAMENTO BASICO-FUNSAB","Convênios com o Estado",Saneamento,"Infra-Estrutura Urbana",1214,"Recuperação de pavimentação asfáltica de Obras de Infraestrutura - Convênio/Casan","APLICAÇÕES DIRETAS",7,33900000000000,"APLICAÇÕES DIRETAS","FUNDO MUN. SANEAMENTO BASICO DE CRICIUMA - FUNSAB","DESPESAS CORRENTES",2900000,1500000,4400000,3430959.32,2848789.22,2848789.22,2848789.22,0.0,2848789.22,0,2848789.22,0.0,0.0,118.31,77.98,98.23,64.75,98.23,154.45,"fontesRecursos_2162f0b4-8789-472b-961d-5570697eed92.csv","informacaoPlanejamento_83beae7b-ce11-4203-902c-884a3788ae94.csv","empenhos_3db6d400-adc4-4561-adfb-453014519fde.csv","suplementacoes_8e8047ee-d7e1-49d9-815f-fb96fe2e6f51.csv"," "
"FUNDO MUNICIPAL DE SAUDE DE CRICIUMA",2025,"SAUDE PARA TODOS","Manut. e contrução das Unidades de Saude, 24 Horas e Policlinicas","Realizar ações de promoção e prevenção à saúde na rede básica e Estratégia Saúde da Família, e ações curativas na rede secundaria e terciária do sistema municipal da saúde.","FUNDO MUNICIPAL DE SAÚDE","Unidades de Saúde / 24Hs / Policlinicas",Saúde,"Atenção Básica",1048,"Manut. e contrução das Unidades de Saude, 24 Horas e Policlinicas","APLICAÇÕES DIRETAS",68,31900000000000,"APLICAÇÕES DIRETAS","FUNDO MUNICIPAL DE SAUDE DE CRICIUMA","DESPESAS CORRENTES",24150000,-1238806.49,2.291119351E7,1.976815611E7,1.975849774E7,1.976815611E7,1.975849774E7,0.0,1.976757869E7,9080.95,1.975849774E7,0.0,0.0,81.86,86.28,81.86,86.28,81.85,115.9,"fontesRecursos_0e3ff547-5944-4a65-b28c-7f3c521271c5.csv","informacaoPlanejamento_f5aa1394-899c-48c6-9951-0804f8f0c5be.csv","empenhos_dc0a50d0-b5d8-44c3-9a4d-b18e83f298ab.csv","suplementacoes_d1ea74e6-62af-4c87-9840-c83a5d04d075.csv"," "
"PREFEITURA MUNICIPAL DE CRICIUMA",2025,"AVANÇAR CRICIUMA","Coleta e Transporte de Resíduos Sólidos.","Elaborar projetos arquitetônicos, urbanísticos e geométricos (rodoviários) de espaços públicos; Revisar e regulamentar constantemente a legislação urbanística do Plano Diretor; Executar obras de edificações e espaços públicos de interesse da coletividade. Garantir o desenvolvimento econômico do município por meio de execução de obras significativas ao crescimento urbano.Tornar à cidade mais humanizada, bonita e agradável de se viver, sempre em conformidade com o novo Plano Diretor do Municipio.","SEC. M. DE INFRAEST.,PLANEJ. E MOBILIDADE URBANA",Obras,"Gestão Ambiental","Preservação e Conservação Ambiental",1245,"Coleta e Transporte de Resíduos Sólidos.","APLICAÇÕES DIRETAS",182,33900000000000,"APLICAÇÕES DIRETAS","PREFEITURA MUNICIPAL DE CRICIUMA","DESPESAS CORRENTES",25000000,1426644.87,2.642664487E7,2.642664487E7,2.642664487E7,2.399359416E7,2.399359416E7,2433050.71,2.399359416E7,0,2.399359416E7,2433050.71,0.0,105.71,100.0,95.97,90.79,95.97,110.14,"fontesRecursos_c1d43e50-23eb-4c9d-a053-b43bc3c8aca4.csv","informacaoPlanejamento_0ad37671-cb7e-440c-9ca4-4aaf091a979b.csv","empenhos_28bdffd9-49c0-4f0f-b460-ba3783d88995.csv","suplementacoes_c1f42338-0808-41f5-aa27-1ac9d284f973.csv"," "
"FUNDO MUNICIPAL DE SAUDE DE CRICIUMA",2025,"SAUDE PARA TODOS","Manut. do Fundo Municipal de Saude, despesas de pessoal outros p/ manut.","Realizar ações de promoção e prevenção à saúde na rede básica e Estratégia Saúde da Família, e ações curativas na rede secundaria e terciária do sistema municipal da saúde.","FUNDO MUNICIPAL DE SAÚDE","Fundo Mun. de Saúde",Saúde,"Atenção Básica",1045,"Manut. do Fundo Municipal de Saude, despesas de pessoal outros p/ manut.","APLICAÇÕES DIRETAS",8,44900000000000,"APLICAÇÕES DIRETAS","FUNDO MUNICIPAL DE SAUDE DE CRICIUMA","DESPESAS DE CAPITAL",5000000,695614.16,5695614.16,2164419.95,990419.95,990419.95,990419.95,0.0,943045.85,0,943045.85,47374.1,47374.1,43.29,38.0,19.81,17.39,18.86,603.96,"fontesRecursos_a77786b1-58fe-4887-9abb-cd94db9019f9.csv","informacaoPlanejamento_04f40fc7-6b72-42c2-bd65-cf0fd0b35afd.csv","empenhos_b6342568-7930-421e-a677-bdb9d1f52bee.csv","suplementacoes_9358da15-22aa-41a1-aef3-670d6f03d314.csv"," "
"PREFEITURA MUNICIPAL DE CRICIUMA",2025,"AVANÇAR CRICIUMA","Pontes/Passarelas/Viadutos/Elevados","Elaborar projetos arquitetônicos, urbanísticos e geométricos (rodoviários) de espaços públicos; Revisar e regulamentar constantemente a legislação urbanística do Plano Diretor; Executar obras de edificações e espaços públicos de interesse da coletividade. Garantir o desenvolvimento econômico do município por meio de execução de obras significativas ao crescimento urbano.Tornar à cidade mais humanizada, bonita e agradável de se viver, sempre em conformidade com o novo Plano Diretor do Municipio.","SEC. M. DE INFRAEST.,PLANEJ. E MOBILIDADE URBANA","Pontes/Passarelas/Viadutos/Elevados",Urbanismo,"Infra-Estrutura Urbana",1078,"Pontes/Passarelas/Viadutos/Elevados","APLICAÇÕES DIRETAS",197,33900000000000,"APLICAÇÕES DIRETAS","PREFEITURA MUNICIPAL DE CRICIUMA","DESPESAS CORRENTES",1060000,708347,1768347,927934.06,905990.91,905990.91,905990.91,0.0,905990.91,0,905990.91,0.0,0.0,87.54,52.47,85.47,51.23,85.47,195.18,"fontesRecursos_af8fb817-1196-46c6-8a9a-410bb239f61b.csv","informacaoPlanejamento_44c65185-d5b0-448f-9877-90caebe272ec.csv","empenhos_258d2e94-9333-49ea-b3f1-e04f41fe071c.csv","suplementacoes_39e4cb87-a151-4f44-a7ba-3c38a90fe4ba.csv"," "
"PREFEITURA MUNICIPAL DE CRICIUMA",2025,"AVANÇAR CRICIUMA","Manut. Fdo. Iluminação Pública","Elaborar projetos arquitetônicos, urbanísticos e geométricos (rodoviários) de espaços públicos; Revisar e regulamentar constantemente a legislação urbanística do Plano Diretor; Executar obras de edificações e espaços públicos de interesse da coletividade. Garantir o desenvolvimento econômico do município por meio de execução de obras significativas ao crescimento urbano.Tornar à cidade mais humanizada, bonita e agradável de se viver, sempre em conformidade com o novo Plano Diretor do Municipio.","SEC. M. DE INFRAEST.,PLANEJ. E MOBILIDADE URBANA","Manut. Fdo. Iluminação Pública",Urbanismo,"Conservação de Energia",1082,"Manut. Fdo. Iluminação Pública","APLICAÇÕES DIRETAS",207,44900000000000,"APLICAÇÕES DIRETAS","PREFEITURA MUNICIPAL DE CRICIUMA","DESPESAS DE CAPITAL",10000000,-2430000,7570000,2688000.0,2688000.0,2688000.0,2688000.0,0.0,32256.0,0,32256.0,2655744.0,2655744.0,26.88,35.51,26.88,35.51,0.32,23468.5,"fontesRecursos_71b00a53-4db5-4034-b4b3-97a71197fa4e.csv","informacaoPlanejamento_7a1ea60c-539d-4c3b-b83a-cd4da31ff6d3.csv","empenhos_113c0edd-ccd6-41bd-a443-5d7908d25fb7.csv","suplementacoes_1786ebbd-35fb-4d5d-a728-efb2188c016e.csv"," "
"FUNDO MUN. SANEAMENTO BASICO DE CRICIUMA - FUNSAB",2025,"SANEAMENTO BÁSICO MUNICIPAL (COLETA DE RESIDUOS)","Coleta e tranporte de Residuos Sólidos","Criar as condições para que, além da taxa de resíduos sólidos, possa o município utilizar  recursos do Contrato de Programa com a CASAN, para suprir também a tarefa de coleta, transporte e destino final dos Resíduos Sólidos, conforme previsto na Lei do Saneamento Básico.","FUNDO MUN. DE SANEAMENTO BASICO-FUNSAB","Administração e Controle","Gestão Ambiental","Preservação e Conservação Ambiental",1098,"Coleta e tranporte de Residuos Sólidos","APLICAÇÕES DIRETAS",1,33900000000000,"APLICAÇÕES DIRETAS","FUNDO MUN. SANEAMENTO BASICO DE CRICIUMA - FUNSAB","DESPESAS CORRENTES",1940000,300000,2240000,383781.24,344897.24,319158.08,319158.08,25739.16,319158.08,0,319158.08,25739.16,0.0,19.78,17.13,16.45,14.25,16.45,701.85,"fontesRecursos_b06ed346-fe21-4e88-8392-6a70e0379eea.csv","informacaoPlanejamento_ef1e9251-2ac7-4ff8-ac9e-b63dd85698fd.csv","empenhos_daf59338-67f8-494c-a78e-aa823f9b1728.csv","suplementacoes_d757292e-8230-4ddb-a609-b4465eb613cc.csv"," "
"PREFEITURA MUNICIPAL DE CRICIUMA",2025,"GESTÃO DE QUALIDADE NO ENSINO","Auxílio ao Ensino Superior","Garantir espaço educativo adequado para a promoção da formação humana; fornecer materiais de consumo e didático, generos alimenticios, limpeza e outros paa as escolas e CEIMs; Acompanhar e das suporte administrativo e financeiro as Unidades Escolares; Manter e ampliar os espaços fisicos internos e externos das escolas e CEIMs.","SEC. MUN. DE EDUCAÇÃO","Auxilio ao Ensino",Educação,"Ensino Superior",1036,"Auxílio ao Ensino Superior","TRANSFERÊNCIAS A INSTITUIÇÕES PRIVADAS SEM FINS LUCRATIVOS",142,33500000000000,"TRANSFERÊNCIAS A INSTITUIÇÕES PRIVADAS SEM FINS LUCRATIVOS","PREFEITURA MUNICIPAL DE CRICIUMA","DESPESAS CORRENTES",6000000,0,6000000,5814748.93,5101818.69,4607796.5,4607796.5,494022.19,4607796.5,0,4607796.5,494022.19,0.0,96.91,96.91,76.8,76.8,76.8,130.21,"fontesRecursos_ff7f3463-5316-4fff-b5af-dcd5148a7886.csv","informacaoPlanejamento_49717cd4-4956-447a-9386-1b6b62e4588f.csv","empenhos_e5fb3a2c-7a2e-4950-81e4-c1d3e8d92a25.csv"," "," "
"PREFEITURA MUNICIPAL DE CRICIUMA",2025,"GESTÃO ADMINISTRATIVA","Manutenção do Controle Interno","Planejar a gestão publica atraves de implementações de dados gerenciais visando a redução de custos, e estrategicas na defesa civil do municipio.","CONTROLADORIA-GERAL DO MUNICÍPIO","Controladoria-Geral do Município",Administração,"Administração Geral",1250,"Manutenção do Controle Interno","APLICAÇÕES DIRETAS",239,33900000000000,"APLICAÇÕES DIRETAS","PREFEITURA MUNICIPAL DE CRICIUMA","DESPESAS CORRENTES",0,127680.73,127680.73,18197.92,6726.4,9641.65,6726.4,0.0,6726.4,0,6726.4,0.0,0.0,0.0,14.25,0.0,7.55,0.0,1898.2,"fontesRecursos_cda17d91-8532-42be-8624-ea837342d5e5.csv","informacaoPlanejamento_8d9d32bd-d06e-4e73-824f-995e3c5b204c.csv","empenhos_c95d7684-3ddf-4a60-a474-0b4a7b206e40.csv","suplementacoes_59c59496-4c1b-4f40-b7d8-e1d506b70196.csv"," "
"PREFEITURA MUNICIPAL DE CRICIUMA",2025,"GESTÃO DE QUALIDADE NO ENSINO","Transporte Escolar","Garantir espaço educativo adequado para a promoção da formação humana; fornecer materiais de consumo e didático, generos alimenticios, limpeza e outros paa as escolas e CEIMs; Acompanhar e das suporte administrativo e financeiro as Unidades Escolares; Manter e ampliar os espaços fisicos internos e externos das escolas e CEIMs.","SEC. MUN. DE EDUCAÇÃO","Aquisição de Veículos/Transp. de Alunos",Educação,"Ensino Fundamental",1035,"Transporte Escolar","APLICAÇÕES DIRETAS",140,33900000000000,"APLICAÇÕES DIRETAS","PREFEITURA MUNICIPAL DE CRICIUMA","DESPESAS CORRENTES",10650000,2807133.71,1.345713371E7,1.231621091E7,1.135524094E7,1.112376627E7,1.112376627E7,231474.67,1.112376627E7,0,1.112376627E7,231474.67,0.0,115.65,91.52,104.45,82.66,104.45,120.98,"fontesRecursos_e1dd6257-5e9c-498b-8ddc-5a69b45ea2fe.csv","informacaoPlanejamento_acf0b534-2cf5-49c1-a462-aa146803567e.csv","empenhos_1c34c422-8a3d-4d85-bcd1-0dc8585af6bb.csv","suplementacoes_64aae685-ba34-4029-9110-3a338497ce60.csv"," "
"PREFEITURA MUNICIPAL DE CRICIUMA",2025,"CENTRAL DE ALIMENTOS","Aquisição de Merenda Escolar","Elaborar cardapio de qualidade para um bom desenvolvimento e crescimento doa slunos; Oportunizar Formação Continuada as serventes, apra qualificar o atendimento; Fornecer generos alimenticios, gas e outros, para garantir as necessidades basicas das unidades.","SEC. MUN. DE EDUCAÇÃO","Merenda Escolar",Educação,"Alimentação e Nutrição",1037,"Aquisição de Merenda Escolar","APLICAÇÕES DIRETAS",160,33900000000000,"APLICAÇÕES DIRETAS","PREFEITURA MUNICIPAL DE CRICIUMA","DESPESAS CORRENTES",22000000,1.172015168E7,3.372015168E7,2.354054165E7,1.473665213E7,1.516135057E7,1.473665213E7,0.0,1.475733586E7,130000.0,1.462733586E7,109316.27,109316.27,107.0,69.81,68.92,44.96,67.08,228.5,"fontesRecursos_ade4beab-3ce8-48f3-85d1-e66a15f9afc5.csv","informacaoPlanejamento_6a95d8b8-25cd-41dc-b1f7-f3b1c7e273f4.csv","empenhos_6b30a178-2802-48b4-b76a-1f135ce2ff4c.csv","suplementacoes_6242bc9d-039a-475a-bf46-d47956d8b98d.csv"," "
"PREFEITURA MUNICIPAL DE CRICIUMA",2025,"GESTÃO FISCAL E FINANCEIRA","Manut. do Convênio Policia Militar","Que as receitas possam crescer o suficiente para podermos cobrir as despesas fixas, e ainda obtermos sobra para os investimentos.","SEC. MUN. DA FAZENDA","Convênio Polícia Militar","Segurança Pública",Policiamento,1027,"Manut. do Convênio Policia Militar","APLICAÇÕES DIRETAS",99,44900000000000,"APLICAÇÕES DIRETAS","PREFEITURA MUNICIPAL DE CRICIUMA","DESPESAS DE CAPITAL",2350000,505078.37,2855078.37,834599.3,809790.42,809790.42,809790.42,0.0,511315.24,0,511315.24,298475.18,298475.18,35.51,29.23,34.46,28.36,21.76,558.38,"fontesRecursos_9308085d-1a32-4f36-89be-96e653b34ee0.csv","informacaoPlanejamento_55a445fe-8eaf-4277-a32b-1de908f225be.csv","empenhos_8dea792f-eae5-447e-8e72-f9a672cebe4c.csv","suplementacoes_29a9847c-b781-488c-9582-66f9ebeee13e.csv"," "
"PREFEITURA MUNICIPAL DE CRICIUMA",2025,"OPERAÇÕES ESPECIAIS","Amortização/juros/Setenças/Ações Judiciais/Aposentados e Pensionistas","Que a administração nao efetue contratações impensadas, ou financiamentos impossiveis de se cumprir, alem de efetuar análise das dividas que estão sendo0 executadas. E que a folha dos aposentados e pensionistas sejam acompanhadas de forma estatistica e financeira.","SEC. MUN. DA FAZENDA","Gab. Secretaria da Fazenda",Administração,"Administração Geral",1001,"Amortização/juros/Setenças/Ações Judiciais/Aposentados e Pensionistas","APLICAÇÕES DIRETAS",59,33900000000000,"APLICAÇÕES DIRETAS","PREFEITURA MUNICIPAL DE CRICIUMA","DESPESAS CORRENTES",28000000,1.021846125E7,3.821846125E7,2.796240848E7,2.794037612E7,2.794062236E7,2.794037612E7,0.0,2.793673083E7,0,2.793673083E7,3645.29,3645.29,99.87,73.16,99.79,73.11,99.77,136.8,"fontesRecursos_48bb416e-0b8b-424d-8c1b-3e86a360678b.csv","informacaoPlanejamento_be29efbd-018c-4d2e-a5a3-92f4c352d1ec.csv","empenhos_4c25d53b-1450-4351-b937-2a85008aaec8.csv","suplementacoes_0614bd00-aea2-4cbe-90a0-b07b1f990b46.csv"," "
"PREFEITURA MUNICIPAL DE CRICIUMA",2025,"GESTÃO ADMINISTRATIVA","Manut. do Conselho Tutelar","Planejar a gestão publica atraves de implementações de dados gerenciais visando a redução de custos, e estrategicas na defesa civil do municipio.","GABINETE DO PREFEITO","Conselho Tutelar",Administração,"Administração Geral",1009,"Manut. do Conselho Tutelar","APLICAÇÕES DIRETAS",14,33900000000000,"APLICAÇÕES DIRETAS","PREFEITURA MUNICIPAL DE CRICIUMA","DESPESAS CORRENTES",180000,43268.4,223268.4,271107.58,119659.08,111555.34,111555.34,8103.74,78329.56,0,78329.56,41329.52,33225.78,150.62,121.43,61.98,49.96,43.52,285.04,"fontesRecursos_1191f889-ac79-43be-849e-6b5afd1315e5.csv","informacaoPlanejamento_cc452b8d-906e-4737-a05b-d1ba46ddd3d8.csv","empenhos_307e3700-fabc-4c9d-9359-629f1a098b69.csv","suplementacoes_51e1112c-ffc5-4833-b8ca-09ce1c2da72f.csv"," "
"PREFEITURA MUNICIPAL DE CRICIUMA",2025,"GESTÃO DE QUALIDADE NO ENSINO","Funcional do FUNDEB (Folha Pagamanento)","Garantir espaço educativo adequado para a promoção da formação humana; fornecer materiais de consumo e didático, generos alimenticios, limpeza e outros paa as escolas e CEIMs; Acompanhar e das suporte administrativo e financeiro as Unidades Escolares; Manter e ampliar os espaços fisicos internos e externos das escolas e CEIMs.","SEC. MUN. DE EDUCAÇÃO",FUNDEB,Educação,"Ensino Fundamental",1033,"Funcional do FUNDEB (Folha Pagamanento)","APLICAÇÃO DIRETA DECORRENTE DE OPERAÇÃO ENTRE ÓRGÃOS, FUNDOS E ENTIDADES INTEGRANTES DOS ORÇAMENTOS FISCAL E DA SEGURIDADE SOCIAL",138,31910000000000,"APLICAÇÃO DIRETA DECORRENTE DE OPERAÇÃO ENTRE ÓRGÃOS, FUNDOS E ENTIDADES INTEGRANTES DOS ORÇAMENTOS FISCAL E DA SEGURIDADE SOCIAL","PREFEITURA MUNICIPAL DE CRICIUMA","DESPESAS CORRENTES",19110000,7281651.29,2.639165129E7,3.369640169E7,2.624888179E7,2.427165129E7,2.427165129E7,1977230.5,2.427165129E7,0,2.427165129E7,1977230.5,0.0,176.33,127.68,127.01,91.97,127.01,108.73,"fontesRecursos_642136ad-d718-41fb-aaa0-446b51b6e56e.csv","informacaoPlanejamento_259e5ea3-20af-4869-a445-d4174bd00dc2.csv","empenhos_2e0bde25-ecef-44cf-b795-16384ac54aa8.csv","suplementacoes_bdd8af14-8d24-4a31-87c9-a717f5235eca.csv"," "
"FUNDO MUNICIPAL DE SAUDE DE CRICIUMA",2025,"SAUDE PARA TODOS","Manut. do PACs","Realizar ações de promoção e prevenção à saúde na rede básica e Estratégia Saúde da Família, e ações curativas na rede secundaria e terciária do sistema municipal da saúde.","FUNDO MUNICIPAL DE SAÚDE","Fundo Mun. de Saúde",Saúde,"Atenção Básica",1051,"Manut. do PACs","APLICAÇÕES DIRETAS",15,31900000000000,"APLICAÇÕES DIRETAS","FUNDO MUNICIPAL DE SAUDE DE CRICIUMA","DESPESAS CORRENTES",12500000,303000,12803000,1.268919374E7,1.2688619E7,1.268919374E7,1.2688619E7,0.0,1.268919374E7,574.74,1.2688619E7,0.0,0.0,101.51,99.11,101.51,99.11,101.51,100.9,"fontesRecursos_5ace79d3-252b-4fd9-86a9-509449538a06.csv","informacaoPlanejamento_54b022c1-dbf5-462c-b5a7-2514f617431c.csv","empenhos_227aac68-d22a-4a59-b540-572135cbb160.csv","suplementacoes_1e4ffe66-55a8-4535-a317-fe9c46b8841e.csv"," "
"PREFEITURA MUNICIPAL DE CRICIUMA",2025,"GESTÃO DE QUALIDADE - PROEJA - PROGRAMA DE EDUCAÇÃO DE EDUCAÇÃO DE JOVENS E ADULTOS","Alfabetização de Jovens e Adultos","Ampliar o acesso e permanencia dos jovens e adultos sem escolaridade no PROEJA; Qualificar profissionalmente os jovens e adultos atencidos pelo Programa, por meio de parcerias; Criar uma unidade Polo do Programa (NEJAC - Nucleo Educacional de Jovens e Adultos de Criciuma).","SEC. MUN. DE EDUCAÇÃO","Alfabetização de Jovens e Adultos - PROEJA",Educação,"Ensino Fundamental",1040,"Alfabetização de Jovens e Adultos","APLICAÇÕES DIRETAS",124,33900000000000,"APLICAÇÕES DIRETAS","PREFEITURA MUNICIPAL DE CRICIUMA","DESPESAS CORRENTES",100000,0,100000,99578.74,1584.01,1584.01,1584.01,0.0,1393.31,0,1393.31,190.7,190.7,99.58,99.58,1.58,1.58,1.39,7177.15,"fontesRecursos_c10dacbe-d453-44f1-8059-1285114c38d4.csv","informacaoPlanejamento_ab2a39ac-0a94-4fb8-a50a-6d8a12b30f50.csv","empenhos_e2b92140-32b3-4766-acc9-897d98f1fa81.csv","suplementacoes_c85e9257-5a27-4303-a308-b9e7324665a6.csv"," "
"PREFEITURA MUNICIPAL DE CRICIUMA",2025,"CONSCIENTIZAÇÃO AMBIENTAL","Manut. de Horto Florestal / Parque Ecológico ""José Milanese""","Incentivar a conscientização ambiental entre os cidadãos e promover a conservação do meio ambiente para a melhoria da qualidade de vida.","SEC. M. DE INFRAEST.,PLANEJ. E MOBILIDADE URBANA","Diretoria Municipal de Meio Ambiente de Criciúma","Gestão Ambiental","Preservação e Conservação Ambiental",1222,"Manut. de Horto Florestal / Parque Ecológico ""José Milanese""","APLICAÇÕES DIRETAS",222,33900000000000,"APLICAÇÕES DIRETAS","PREFEITURA MUNICIPAL DE CRICIUMA","DESPESAS CORRENTES",420000,0,420000,86105.6,62544.6,62544.6,62544.6,0.0,59223.8,0,59223.8,3320.8,3320.8,20.5,20.5,14.89,14.89,14.1,709.17,"fontesRecursos_04be0d8d-cc15-45d6-a7b6-7322c1dfb126.csv","informacaoPlanejamento_bdcc4b99-d00c-48de-b40d-9c34db384ecc.csv","empenhos_e849c16d-801e-4c4f-b256-64d1240f0ac6.csv"," "," "
"PREFEITURA MUNICIPAL DE CRICIUMA",2025,"AVANÇAR CRICIUMA",Parques/Praças/Jardins,"Elaborar projetos arquitetônicos, urbanísticos e geométricos (rodoviários) de espaços públicos; Revisar e regulamentar constantemente a legislação urbanística do Plano Diretor; Executar obras de edificações e espaços públicos de interesse da coletividade. Garantir o desenvolvimento econômico do município por meio de execução de obras significativas ao crescimento urbano.Tornar à cidade mais humanizada, bonita e agradável de se viver, sempre em conformidade com o novo Plano Diretor do Municipio.","SEC. M. DE INFRAEST.,PLANEJ. E MOBILIDADE URBANA",Parques/Praças/Jardins,"Desporto e Lazer",Lazer,1081,Parques/Praças/Jardins,"APLICAÇÕES DIRETAS",204,33900000000000,"APLICAÇÕES DIRETAS","PREFEITURA MUNICIPAL DE CRICIUMA","DESPESAS CORRENTES",5000000,-2000000,3000000,2601760.75,2279318.69,2278147.74,2278147.74,1170.95,2095812.66,0,2095812.66,183506.03,182335.08,52.04,86.73,45.56,75.94,41.92,143.14,"fontesRecursos_5dc9aa2f-406d-41dd-a61a-09bd1c58440b.csv","informacaoPlanejamento_c7200a86-756a-4326-86de-07370306022c.csv","empenhos_3fd230f0-9b23-4df5-817e-270acad26d81.csv","suplementacoes_984cfa4d-b784-4687-9f94-a1d93f44518e.csv"," "
"PREFEITURA MUNICIPAL DE CRICIUMA",2025,"AVANÇAR CRICIUMA","Manut. das Intendencias do Rio Maina/Santa Luzia/Prospera/Quarta Linha","Elaborar projetos arquitetônicos, urbanísticos e geométricos (rodoviários) de espaços públicos; Revisar e regulamentar constantemente a legislação urbanística do Plano Diretor; Executar obras de edificações e espaços públicos de interesse da coletividade. Garantir o desenvolvimento econômico do município por meio de execução de obras significativas ao crescimento urbano.Tornar à cidade mais humanizada, bonita e agradável de se viver, sempre em conformidade com o novo Plano Diretor do Municipio.","SEC. M. DE INFRAEST.,PLANEJ. E MOBILIDADE URBANA","Edificações Públicas",Urbanismo,"Serviços Urbanos",1086,"Manut. das Intendencias do Rio Maina/Santa Luzia/Prospera/Quarta Linha","APLICAÇÕES DIRETAS",187,33900000000000,"APLICAÇÕES DIRETAS","PREFEITURA MUNICIPAL DE CRICIUMA","DESPESAS CORRENTES",500000,0,500000,136607.83,108561.76,108561.76,108561.76,0.0,98946.06,0,98946.06,9615.7,9615.7,27.32,27.32,21.71,21.71,19.79,505.33,"fontesRecursos_091cea34-3884-446b-9e1b-2550f1b18b26.csv","informacaoPlanejamento_4c8c8878-76c7-4fa5-97b8-0cc32878fe2e.csv","empenhos_54aed579-3238-4a49-8edb-3f1a9d1b1f34.csv"," "," "
"PREFEITURA MUNICIPAL DE CRICIUMA",2025,"AVANÇAR CRICIUMA","Centros Comunitarios","Elaborar projetos arquitetônicos, urbanísticos e geométricos (rodoviários) de espaços públicos; Revisar e regulamentar constantemente a legislação urbanística do Plano Diretor; Executar obras de edificações e espaços públicos de interesse da coletividade. Garantir o desenvolvimento econômico do município por meio de execução de obras significativas ao crescimento urbano.Tornar à cidade mais humanizada, bonita e agradável de se viver, sempre em conformidade com o novo Plano Diretor do Municipio.","SEC. M. DE INFRAEST.,PLANEJ. E MOBILIDADE URBANA","Centros Comunitários","Desporto e Lazer",Lazer,1075,"Centros Comunitarios","APLICAÇÕES DIRETAS",190,33900000000000,"APLICAÇÕES DIRETAS","PREFEITURA MUNICIPAL DE CRICIUMA","DESPESAS CORRENTES",250000,-37000,213000,212882.03,181455.95,180859.33,180859.33,596.62,166460.31,0,166460.31,14995.64,14399.02,85.15,99.94,72.34,84.91,66.58,127.96,"fontesRecursos_1100a314-c120-417e-bf49-da0fd3d84d94.csv","informacaoPlanejamento_cf423867-d388-4e01-8ffb-b254e2c24ed0.csv","empenhos_333b55fe-d7b1-4bf0-8e35-686c46ffd57e.csv","suplementacoes_08816125-2ad0-4af9-8f99-21892b9a91b1.csv"," "
"FUNDO MUNICIPAL DE SAUDE DE CRICIUMA",2025,"SAUDE PARA TODOS","Manut. e contrução das Unidades de Saude, 24 Horas e Policlinicas","Realizar ações de promoção e prevenção à saúde na rede básica e Estratégia Saúde da Família, e ações curativas na rede secundaria e terciária do sistema municipal da saúde.","FUNDO MUNICIPAL DE SAÚDE","Unidades de Saúde / 24Hs / Policlinicas",Saúde,"Atenção Básica",1048,"Manut. e contrução das Unidades de Saude, 24 Horas e Policlinicas","APLICAÇÕES DIRETAS",73,44900000000000,"APLICAÇÕES DIRETAS","FUNDO MUNICIPAL DE SAUDE DE CRICIUMA","DESPESAS DE CAPITAL",5200000,586653.11,5786653.11,6012723.33,3548135.92,3471199.19,3471199.19,76936.73,3471199.19,0,3471199.19,76936.73,0.0,115.63,103.91,66.75,59.99,66.75,166.7,"fontesRecursos_4921c1eb-4612-4777-ab8c-e9848b614c5f.csv","informacaoPlanejamento_bda4c8ea-b8be-4fbb-8c9b-a7eeb44a124a.csv","empenhos_89f19523-d85b-409d-99ce-9da34c565337.csv","suplementacoes_26211396-a4e0-4323-8df8-13cac2eb9ada.csv"," "
"PREFEITURA MUNICIPAL DE CRICIUMA",2025,"CONSCIENTIZAÇÃO AMBIENTAL","Manutenção da Diretoria de Meio Ambiente","Incentivar a conscientização ambiental entre os cidadãos e promover a conservação do meio ambiente para a melhoria da qualidade de vida.","COMITÊ DE MEIO AMBIENTE E SANEAMENTO BÁSICO","Diretoria de Meio Ambiente","Gestão Ambiental","Administração Geral",1262,"Manutenção da Diretoria de Meio Ambiente","APLICAÇÕES DIRETAS",281,44900000000000,"APLICAÇÕES DIRETAS","PREFEITURA MUNICIPAL DE CRICIUMA","DESPESAS DE CAPITAL",0,800000,800000,524.5,0.0,0,0,0.0,0,0,0,0.0,0,0.0,0.07,0.0,0.0,0.0,0.0,"fontesRecursos_59f5d875-6a4d-45b6-95e5-1c26c5baa714.csv","informacaoPlanejamento_123f7267-40b4-4e87-93ad-9e2cdfd59106.csv","empenhos_1caa7373-b1eb-438c-ad06-97c0ccaebe02.csv","suplementacoes_71a913e2-b169-49e3-a393-b51b924cc07b.csv"," "
"PREFEITURA MUNICIPAL DE CRICIUMA",2025,"GESTÃO FISCAL E FINANCEIRA","Manut. do Convênio Policia Militar","Que as receitas possam crescer o suficiente para podermos cobrir as despesas fixas, e ainda obtermos sobra para os investimentos.","SEC. MUN. DA FAZENDA","Convênio Polícia Militar","Segurança Pública",Policiamento,1027,"Manut. do Convênio Policia Militar","APLICAÇÕES DIRETAS",97,33900000000000,"APLICAÇÕES DIRETAS","PREFEITURA MUNICIPAL DE CRICIUMA","DESPESAS CORRENTES",2970000,239310.63,3209310.63,2877515.3,2138234.19,2138234.19,2138234.19,0.0,2069551.02,0,2069551.02,68683.17,68683.17,96.89,89.66,71.99,66.63,69.68,155.07,"fontesRecursos_9691be72-cf14-4bd8-8caa-265b95038ba9.csv","informacaoPlanejamento_e3c27729-2095-4eb6-9238-1da68c8dc2f3.csv","empenhos_2ce4193c-d3ed-4cff-8eff-4131d34768fe.csv","suplementacoes_ccc84dfa-6558-478f-bea5-7a2b5272708c.csv"," "
"PREFEITURA MUNICIPAL DE CRICIUMA",2025,"GESTÃO FISCAL E FINANCEIRA","Manut. do Convênio Corpo de Bombeiros","Que as receitas possam crescer o suficiente para podermos cobrir as despesas fixas, e ainda obtermos sobra para os investimentos.","SEC. MUN. DA FAZENDA","Convênio Corpo de Bombeiros","Segurança Pública",Policiamento,1029,"Manut. do Convênio Corpo de Bombeiros","APLICAÇÕES DIRETAS",105,44900000000000,"APLICAÇÕES DIRETAS","PREFEITURA MUNICIPAL DE CRICIUMA","DESPESAS DE CAPITAL",610000,371876.94,981876.94,814404.05,640512.54,615598.84,615598.84,24913.7,228535.36,0,228535.36,411977.18,387063.48,133.51,82.94,100.92,62.7,37.46,429.64,"fontesRecursos_09f9faa2-1aea-4927-b316-052b3b9425e6.csv","informacaoPlanejamento_500bd17a-998d-4496-9d6d-a3c002b0f844.csv","empenhos_ea3f60a3-0a47-4d64-b4a1-a91369832e69.csv","suplementacoes_e95cd5e1-97ce-4c52-a816-040c44cc405b.csv"," "
"PREFEITURA MUNICIPAL DE CRICIUMA",2025,"GESTÃO FISCAL E FINANCEIRA","Manut. da Tesouraria e Contabilidade - Financeiro","Que as receitas possam crescer o suficiente para podermos cobrir as despesas fixas, e ainda obtermos sobra para os investimentos.","SEC. MUN. DA FAZENDA",Financeiro,Administração,"Administração Financeira",1023,"Manut. da Tesouraria e Contabilidade - Financeiro","TRANSFERÊNCIAS A INSTITUIÇÕES PRIVADAS SEM FINS LUCRATIVOS",73,33500000000000,"TRANSFERÊNCIAS A INSTITUIÇÕES PRIVADAS SEM FINS LUCRATIVOS","PREFEITURA MUNICIPAL DE CRICIUMA","DESPESAS CORRENTES",100000,-50999,49001,48000.0,42516.0,38973.0,38973.0,3543.0,38973.0,0,38973.0,3543.0,0.0,48.0,97.96,38.97,79.54,38.97,125.73,"fontesRecursos_352ff35d-e84e-451d-ac1f-dba74a81b388.csv","informacaoPlanejamento_c982c598-d4e4-46c4-9c37-f647cc947748.csv","empenhos_7941252d-5bd0-4731-b635-0a504f18e25a.csv","suplementacoes_38fd174d-e7c4-4a22-933a-fcb3ea7f06a4.csv"," "
"PREFEITURA MUNICIPAL DE CRICIUMA",2025,"GESTÃO FISCAL E FINANCEIRA","Manut. do Recurso Humanos, Admissões por Concursos, Capacitação Profis.","Que as receitas possam crescer o suficiente para podermos cobrir as despesas fixas, e ainda obtermos sobra para os investimentos.","SEC. MUN. DA FAZENDA","Gab. Secretaria da Fazenda",Administração,"Administração Geral",1020,"Manut. do Recurso Humanos, Admissões por Concursos, Capacitação Profis.","APLICAÇÃO DIRETA DECORRENTE DE OPERAÇÃO ENTRE ÓRGÃOS, FUNDOS E ENTIDADES INTEGRANTES DOS ORÇAMENTOS FISCAL E DA SEGURIDADE SOCIAL",66,31910000000000,"APLICAÇÃO DIRETA DECORRENTE DE OPERAÇÃO ENTRE ÓRGÃOS, FUNDOS E ENTIDADES INTEGRANTES DOS ORÇAMENTOS FISCAL E DA SEGURIDADE SOCIAL","PREFEITURA MUNICIPAL DE CRICIUMA","DESPESAS CORRENTES",14000000,-6431000,7569000,7657860.03,6769765.02,6235775.35,6235775.35,533989.67,6235775.35,0,6235775.35,533989.67,0.0,54.7,101.17,44.54,82.39,44.54,121.38,"fontesRecursos_ab047ca0-f578-43a8-ac8e-abded4a32971.csv","informacaoPlanejamento_a794b6e7-37c6-4ef7-a058-f4fa46678ee6.csv","empenhos_46d6c429-03c2-40d5-b8ce-38f85e6ac561.csv","suplementacoes_66fbab4d-6d4f-4fff-a15c-f06afac6352e.csv"," "
"FUNDO MUNICIPAL DE SAUDE DE CRICIUMA",2025,"SAUDE PARA TODOS","Manut. do Fundo Municipal de Saude, despesas de pessoal outros p/ manut.","Realizar ações de promoção e prevenção à saúde na rede básica e Estratégia Saúde da Família, e ações curativas na rede secundaria e terciária do sistema municipal da saúde.","FUNDO MUNICIPAL DE SAÚDE","Fundo Mun. de Saúde",Saúde,"Atenção Básica",1045,"Manut. do Fundo Municipal de Saude, despesas de pessoal outros p/ manut.","APLICAÇÃO DIRETA DECORRENTE DE OPERAÇÃO ENTRE ÓRGÃOS, FUNDOS E ENTIDADES INTEGRANTES DOS ORÇAMENTOS FISCAL E DA SEGURIDADE SOCIAL",2,31910000000000,"APLICAÇÃO DIRETA DECORRENTE DE OPERAÇÃO ENTRE ÓRGÃOS, FUNDOS E ENTIDADES INTEGRANTES DOS ORÇAMENTOS FISCAL E DA SEGURIDADE SOCIAL","FUNDO MUNICIPAL DE SAUDE DE CRICIUMA","DESPESAS CORRENTES",20000000,7625000,27625000,2.411621713E7,2.115150398E7,1.981607625E7,1.981607625E7,1335427.73,1.981607625E7,0,1.981607625E7,1335427.73,0.0,120.58,87.3,99.08,71.73,99.08,139.41,"fontesRecursos_c77864c3-7f84-4be8-903a-f3715548296a.csv","informacaoPlanejamento_f1b69d67-50af-4aa8-a829-c464fed3c5e2.csv","empenhos_69c7bc64-8788-42f0-8948-ab3ca81480f2.csv","suplementacoes_b838fd39-c0b0-4f6c-a724-57361e39eb00.csv"," "
"FUNDO MUNICIPAL DE SAUDE DE CRICIUMA",2025,"SAUDE PARA TODOS","Manut. do Fundo Municipal de Saude, despesas de pessoal outros p/ manut.","Realizar ações de promoção e prevenção à saúde na rede básica e Estratégia Saúde da Família, e ações curativas na rede secundaria e terciária do sistema municipal da saúde.","FUNDO MUNICIPAL DE SAÚDE","Fundo Mun. de Saúde",Saúde,"Atenção Básica",1045,"Manut. do Fundo Municipal de Saude, despesas de pessoal outros p/ manut.","TRANSFERÊNCIAS A INSTITUIÇÕES PRIVADAS SEM FINS LUCRATIVOS",6,44500000000000,"TRANSFERÊNCIAS A INSTITUIÇÕES PRIVADAS SEM FINS LUCRATIVOS","FUNDO MUNICIPAL DE SAUDE DE CRICIUMA","DESPESAS DE CAPITAL",100000,-40000,60000,43200.0,43200.0,43200.0,43200.0,0.0,34560.0,0,34560.0,8640.0,8640.0,43.2,72.0,43.2,72.0,34.56,173.61,"fontesRecursos_c8d288aa-3873-474c-aab8-f08f0f043ea5.csv","informacaoPlanejamento_d46a726e-7b8e-47f7-8480-cbd88324e163.csv","empenhos_c13b7439-6902-4846-8a5f-f753c20ea3df.csv","suplementacoes_783a397d-b407-41dd-8f69-9b3be0e059ae.csv"," "
"FUNDO MUNICIPAL DE SAUDE DE CRICIUMA",2025,"SAUDE PARA TODOS","Manutenção do Centro de Zoonoses - CCZ","Realizar ações de promoção e prevenção à saúde na rede básica e Estratégia Saúde da Família, e ações curativas na rede secundaria e terciária do sistema municipal da saúde.","FUNDO MUNICIPAL DE SAÚDE","Fundo Mun. de Saúde",Saúde,"Vigilância Epidemiológica",1207,"Manutenção do Centro de Zoonoses - CCZ","APLICAÇÕES DIRETAS",58,44900000000000,"APLICAÇÕES DIRETAS","FUNDO MUNICIPAL DE SAUDE DE CRICIUMA","DESPESAS DE CAPITAL",315000,0,315000,236270.25,236270.25,236270.25,236270.25,0.0,6560.25,0,6560.25,229710.0,229710.0,75.01,75.01,75.01,75.01,2.08,4801.65,"fontesRecursos_3bf69bd1-5dca-4544-85ba-1fde77eb10eb.csv","informacaoPlanejamento_082ea263-d2ce-4202-b39e-46e823fe0c22.csv","empenhos_8223bdc8-6443-46dd-8a88-423f74bb3f20.csv"," "," "
"PREFEITURA MUNICIPAL DE CRICIUMA",2025,"GESTÃO ADMINISTRATIVA","Manutenção do Comitê de Gestão e Compliance","Planejar a gestão publica atraves de implementações de dados gerenciais visando a redução de custos, e estrategicas na defesa civil do municipio.","COMITÊ DE GESTÃO E COMPLIANCE","Comitê de Gestão e Compliance",Administração,"Administração Geral",1256,"Manutenção do Comitê de Gestão e Compliance","APLICAÇÕES DIRETAS",257,33900000000000,"APLICAÇÕES DIRETAS","PREFEITURA MUNICIPAL DE CRICIUMA","DESPESAS CORRENTES",0,50000,50000,40137.37,36508.46,36836.77,36508.46,0.0,36836.77,328.31,36508.46,0.0,0.0,0.0,80.27,0.0,73.67,0.0,135.73,"fontesRecursos_bcc3457d-ba65-4f64-b379-7a653a1ddee8.csv","informacaoPlanejamento_4a116a5c-07c7-4c38-8161-a556ef7a6595.csv","empenhos_dadccd93-1b4b-48c0-8790-e17b69783f6e.csv","suplementacoes_e28459df-e134-44d6-ac67-4798b75586b9.csv"," "
"FUNDO MUNICIPAL DE SAUDE DE CRICIUMA",2025,"SAUDE PARA TODOS","Manutenção DST/HIV/AIDS","Realizar ações de promoção e prevenção à saúde na rede básica e Estratégia Saúde da Família, e ações curativas na rede secundaria e terciária do sistema municipal da saúde.","FUNDO MUNICIPAL DE SAÚDE","Fundo Mun. de Saúde",Saúde,"Vigilância Epidemiológica",1206,"Manutenção DST/HIV/AIDS","APLICAÇÕES DIRETAS",54,33900000000000,"APLICAÇÕES DIRETAS","FUNDO MUNICIPAL DE SAUDE DE CRICIUMA","DESPESAS CORRENTES",100000,0,100000,3000.0,1500.0,0,0,1500.0,0,0,0,1500.0,0,3.0,3.0,0.0,0.0,0.0,0.0,"fontesRecursos_7ba52677-7685-4f5b-8878-d46113373744.csv","informacaoPlanejamento_01b133b7-54fe-4ad2-a107-3b197ce54b27.csv","empenhos_4c83b217-bb63-4797-ad54-b518beede5b4.csv"," "," "
"PREFEITURA MUNICIPAL DE CRICIUMA",2025,"AVANÇAR CRICIUMA","Canalizações e Drenagens","Elaborar projetos arquitetônicos, urbanísticos e geométricos (rodoviários) de espaços públicos; Revisar e regulamentar constantemente a legislação urbanística do Plano Diretor; Executar obras de edificações e espaços públicos de interesse da coletividade. Garantir o desenvolvimento econômico do município por meio de execução de obras significativas ao crescimento urbano.Tornar à cidade mais humanizada, bonita e agradável de se viver, sempre em conformidade com o novo Plano Diretor do Municipio.","SEC. M. DE INFRAEST.,PLANEJ. E MOBILIDADE URBANA","Canalizações e Drenagens",Saneamento,"Saneamento Básico Urbano",1076,"Canalizações e Drenagens","APLICAÇÕES DIRETAS",194,44900000000000,"APLICAÇÕES DIRETAS","PREFEITURA MUNICIPAL DE CRICIUMA","DESPESAS DE CAPITAL",3040000,389470.36,3429470.36,3124614.34,2904046.85,2904046.85,2904046.85,0.0,2904046.85,0,2904046.85,0.0,0.0,102.78,91.11,95.53,84.68,95.53,118.09,"fontesRecursos_15e351ee-a4b9-4b94-821b-03a8154fe5f7.csv","informacaoPlanejamento_2114dd20-1868-4a73-a524-32b72a2869b7.csv","empenhos_10ff519a-8e20-4e34-9f74-9274d46ee990.csv","suplementacoes_f8c9a434-cd3d-429e-99cd-456e96ed6255.csv"," "
"PREFEITURA MUNICIPAL DE CRICIUMA",2025,"GESTÃO DE QUALIDADE NO ENSINO","Auxílio ao Ensino Médio","Garantir espaço educativo adequado para a promoção da formação humana; fornecer materiais de consumo e didático, generos alimenticios, limpeza e outros paa as escolas e CEIMs; Acompanhar e das suporte administrativo e financeiro as Unidades Escolares; Manter e ampliar os espaços fisicos internos e externos das escolas e CEIMs.","SEC. MUN. DE EDUCAÇÃO","Auxilio ao Ensino",Educação,"Ensino Médio",1232,"Auxílio ao Ensino Médio","APLICAÇÕES DIRETAS",145,33900000000000,"APLICAÇÕES DIRETAS","PREFEITURA MUNICIPAL DE CRICIUMA","DESPESAS CORRENTES",2000000,0,2000000,1016000.0,539910.55,536676.55,536676.55,3234.0,536676.55,0,536676.55,3234.0,0.0,50.8,50.8,26.83,26.83,26.83,372.66,"fontesRecursos_488b9a32-a71a-4376-b919-d2775edfae49.csv","informacaoPlanejamento_ce3ea194-ebb2-4a50-8728-f2a39dd817e2.csv","empenhos_b39ccb28-71f7-40e1-8049-a3b89a4024dc.csv"," "," "
"PREFEITURA MUNICIPAL DE CRICIUMA",2025,"GESTÃO DE QUALIDADE NO ENSINO","Auxílio ao Ensino Superior","Garantir espaço educativo adequado para a promoção da formação humana; fornecer materiais de consumo e didático, generos alimenticios, limpeza e outros paa as escolas e CEIMs; Acompanhar e das suporte administrativo e financeiro as Unidades Escolares; Manter e ampliar os espaços fisicos internos e externos das escolas e CEIMs.","SEC. MUN. DE EDUCAÇÃO","Auxilio ao Ensino",Educação,"Ensino Superior",1036,"Auxílio ao Ensino Superior","APLICAÇÕES DIRETAS",143,33900000000000,"APLICAÇÕES DIRETAS","PREFEITURA MUNICIPAL DE CRICIUMA","DESPESAS CORRENTES",5000000,0,5000000,4142542.29,3133805.97,3121258.22,3121258.22,12547.75,3121258.22,0,3121258.22,12547.75,0.0,82.85,82.85,62.43,62.43,62.43,160.19,"fontesRecursos_6f13a55d-bb82-4321-813a-9cb697ff11a1.csv","informacaoPlanejamento_3524f37a-fad5-4f57-bd7b-27d42029391c.csv","empenhos_5e9e0070-5a99-4ac0-ba28-8ff524da6861.csv"," "," "
"PREFEITURA MUNICIPAL DE CRICIUMA",2025,"GESTÃO FISCAL E FINANCEIRA","Manut. do Recurso Humanos, Admissões por Concursos, Capacitação Profis.","Que as receitas possam crescer o suficiente para podermos cobrir as despesas fixas, e ainda obtermos sobra para os investimentos.","SEC. MUN. DA FAZENDA","Gab. Secretaria da Fazenda",Administração,"Administração Geral",1020,"Manut. do Recurso Humanos, Admissões por Concursos, Capacitação Profis.","APLICAÇÕES DIRETAS",67,33900000000000,"APLICAÇÕES DIRETAS","PREFEITURA MUNICIPAL DE CRICIUMA","DESPESAS CORRENTES",4500000,-3462229.47,1037770.53,1353777.62,978044.99,948095.8,947994.18,30050.81,948095.8,101.62,947994.18,30050.81,0.0,30.08,130.45,21.07,91.36,21.07,109.46,"fontesRecursos_012895ac-5c09-46a9-8c22-64a08106e504.csv","informacaoPlanejamento_7c0b32d4-fd05-4816-8085-8be559d8f16b.csv","empenhos_442c3001-bd20-474c-be4f-0f40394e7b30.csv","suplementacoes_b98276a6-34e4-4bc9-84b4-e7c3bf3d9cb2.csv"," "
"PREFEITURA MUNICIPAL DE CRICIUMA",2025,"OPERAÇÕES ESPECIAIS","Amortização/juros/Setenças/Ações Judiciais/Aposentados e Pensionistas","Que a administração nao efetue contratações impensadas, ou financiamentos impossiveis de se cumprir, alem de efetuar análise das dividas que estão sendo0 executadas. E que a folha dos aposentados e pensionistas sejam acompanhadas de forma estatistica e financeira.","SEC. MUN. DA FAZENDA","Gab. Secretaria da Fazenda",Administração,"Administração Geral",1001,"Amortização/juros/Setenças/Ações Judiciais/Aposentados e Pensionistas","APLICAÇÕES DIRETAS",56,31900000000000,"APLICAÇÕES DIRETAS","PREFEITURA MUNICIPAL DE CRICIUMA","DESPESAS CORRENTES",17000000,11240000,28240000,2.31498082E7,2.307140086E7,2.306015815E7,2.30384361E7,32964.76,2.304769649E7,19354.72,2.302834177E7,43059.09,10094.33,136.18,81.98,135.65,81.66,135.57,122.53,"fontesRecursos_8f6e8de0-7224-4723-a777-6d2895c93bd5.csv","informacaoPlanejamento_30707497-55fe-41fb-93ea-54161db9369a.csv","empenhos_1f0385c8-fae1-43bc-96d3-d3157f870ec6.csv","suplementacoes_227944b5-d979-4174-99b9-4d557e5b1a84.csv"," "
"PREFEITURA MUNICIPAL DE CRICIUMA",2025,"GESTÃO ADMINISTRATIVA","Manutenção da Diretoria de Atos Oficiais e Gestão de Pessoas","Planejar a gestão publica atraves de implementações de dados gerenciais visando a redução de custos, e estrategicas na defesa civil do municipio.","GABINETE DO PREFEITO","Gabinete do Prefeito",Administração,"Administração Geral",1246,"Manutenção da Diretoria de Atos Oficiais e Gestão de Pessoas","APLICAÇÕES DIRETAS",225,31900000000000,"APLICAÇÕES DIRETAS","PREFEITURA MUNICIPAL DE CRICIUMA","DESPESAS CORRENTES",0,8066105.72,8066105.72,5554400.02,5471413.06,4951453.03,4951453.03,519960.03,4951453.03,0,4951453.03,519960.03,0.0,0.0,68.86,0.0,61.39,0.0,162.9,"fontesRecursos_1afb580f-02e4-4d7c-8b71-ee0078bbb6a0.csv","informacaoPlanejamento_29dc7a2e-e52f-42a2-9168-0cbda80353cb.csv","empenhos_ef5a00ac-f984-4e03-99bc-59f653f53f90.csv","suplementacoes_a040da7c-f038-4435-bb06-64d9fd6e1761.csv"," "
"PREFEITURA MUNICIPAL DE CRICIUMA",2025,"GESTÃO DE QUALIDADE NO ENSINO","Funcional do FUNDEB (Folha Pagamanento)","Garantir espaço educativo adequado para a promoção da formação humana; fornecer materiais de consumo e didático, generos alimenticios, limpeza e outros paa as escolas e CEIMs; Acompanhar e das suporte administrativo e financeiro as Unidades Escolares; Manter e ampliar os espaços fisicos internos e externos das escolas e CEIMs.","SEC. MUN. DE EDUCAÇÃO",FUNDEB,Educação,"Ensino Fundamental",1033,"Funcional do FUNDEB (Folha Pagamanento)","APLICAÇÕES DIRETAS",139,33900000000000,"APLICAÇÕES DIRETAS","PREFEITURA MUNICIPAL DE CRICIUMA","DESPESAS CORRENTES",6000000,2774613.8,8774613.8,9258293.17,8386150.07,8385642.57,8385642.57,507.5,8385642.57,0,8385642.57,507.5,0.0,154.3,105.51,139.76,95.57,139.76,104.64,"fontesRecursos_1fc1b6c9-c650-4d97-baff-ef2990e7b763.csv","informacaoPlanejamento_bbeaa631-6f76-4dc7-b908-5b17acb54b90.csv","empenhos_0eaa70b6-67c2-4160-b6b8-cbfc0048e8a5.csv","suplementacoes_85e00a0f-87f9-4e5d-8a7d-ee8b7e61e5c1.csv"," "
"PREFEITURA MUNICIPAL DE CRICIUMA",2025,"AVANÇAR CRICIUMA","Manutenção da Diretoria de Agricultura","Elaborar projetos arquitetônicos, urbanísticos e geométricos (rodoviários) de espaços públicos; Revisar e regulamentar constantemente a legislação urbanística do Plano Diretor; Executar obras de edificações e espaços públicos de interesse da coletividade. Garantir o desenvolvimento econômico do município por meio de execução de obras significativas ao crescimento urbano.Tornar à cidade mais humanizada, bonita e agradável de se viver, sempre em conformidade com o novo Plano Diretor do Municipio.","SEC. DES. ECONÔMICO, INDÚSTRIA, COMÉRCIO E SERVIÇO","Diretoria de Agricultura",Agricultura,"Extensão Rural",1259,"Manutenção da Diretoria de Agricultura","APLICAÇÕES DIRETAS",269,33900000000000,"APLICAÇÕES DIRETAS","PREFEITURA MUNICIPAL DE CRICIUMA","DESPESAS CORRENTES",0,1220474.07,1220474.07,403539.13,77909.13,72034.13,72034.13,5875.0,72034.13,0,72034.13,5875.0,0.0,0.0,33.06,0.0,5.9,0.0,1694.3,"fontesRecursos_e90110cf-f026-4b32-adea-d7e848b41cb7.csv","informacaoPlanejamento_ce5b2586-ba9b-4175-8e34-0bd001c46432.csv","empenhos_f7ed1ad7-6436-49fd-b918-6ccdef95e806.csv","suplementacoes_12b04425-7203-4178-a941-9f454c914310.csv"," "
"PREFEITURA MUNICIPAL DE CRICIUMA",2025,"AVANÇAR CRICIUMA","Centros Comunitarios","Elaborar projetos arquitetônicos, urbanísticos e geométricos (rodoviários) de espaços públicos; Revisar e regulamentar constantemente a legislação urbanística do Plano Diretor; Executar obras de edificações e espaços públicos de interesse da coletividade. Garantir o desenvolvimento econômico do município por meio de execução de obras significativas ao crescimento urbano.Tornar à cidade mais humanizada, bonita e agradável de se viver, sempre em conformidade com o novo Plano Diretor do Municipio.","SEC. M. DE INFRAEST.,PLANEJ. E MOBILIDADE URBANA","Centros Comunitários","Desporto e Lazer",Lazer,1075,"Centros Comunitarios","APLICAÇÕES DIRETAS",192,44900000000000,"APLICAÇÕES DIRETAS","PREFEITURA MUNICIPAL DE CRICIUMA","DESPESAS DE CAPITAL",3300000,3572744.03,6872744.03,5895780.84,4558539.16,4732474.23,4558539.16,0.0,4535746.45,86676.08,4449070.37,109468.79,109468.79,178.66,85.78,143.41,68.86,137.45,151.52,"fontesRecursos_3e4e1112-0285-4d18-9851-370950ce4e9e.csv","informacaoPlanejamento_dcb0378e-ca76-4ce9-bcc9-debebb7bf001.csv","empenhos_794612a4-b78c-45ba-9285-f2064128150c.csv","suplementacoes_668d5c2f-7580-4efd-86d3-770eb662d255.csv"," "
"FUNDO MUNICIPAL DE SAUDE DE CRICIUMA",2025,"CONSCIENTIZAÇÃO AMBIENTAL","Manut. do Núcleo do Bem-Estar Animal (NBEA)","Incentivar a conscientização ambiental entre os cidadãos e promover a conservação do meio ambiente para a melhoria da qualidade de vida.","FUNDO MUNICIPAL DE SAÚDE","Fundo Mun. de Saúde","Gestão Ambiental","Administração Geral",1223,"Manut. do Núcleo do Bem-Estar Animal (NBEA)","APLICAÇÕES DIRETAS",66,33900000000000,"APLICAÇÕES DIRETAS","FUNDO MUNICIPAL DE SAUDE DE CRICIUMA","DESPESAS CORRENTES",60000,2216000,2276000,1781537.76,1138216.05,1102732.25,1102732.25,35483.8,1016544.09,0,1016544.09,121671.96,86188.16,2969.23,78.27,1837.89,48.45,1694.24,223.9,"fontesRecursos_a5419126-a981-4d0a-a152-66ea8ec53354.csv","informacaoPlanejamento_c3017cec-d03b-441a-8444-cbe1461e9dcb.csv","empenhos_7d65c0b0-e460-4ceb-ac52-b916be7c5051.csv","suplementacoes_59e40329-c0c0-4ed7-85c1-4c542dc1b7f0.csv"," "
"FUNDO MUNICIPAL DE SAUDE DE CRICIUMA",2025,"SAUDE PARA TODOS","Manut. do Fundo Municipal de Saude, despesas de pessoal outros p/ manut.","Realizar ações de promoção e prevenção à saúde na rede básica e Estratégia Saúde da Família, e ações curativas na rede secundaria e terciária do sistema municipal da saúde.","FUNDO MUNICIPAL DE SAÚDE","Fundo Mun. de Saúde",Saúde,"Atenção Básica",1045,"Manut. do Fundo Municipal de Saude, despesas de pessoal outros p/ manut.","APLICAÇÕES DIRETAS",5,33900000000000,"APLICAÇÕES DIRETAS","FUNDO MUNICIPAL DE SAUDE DE CRICIUMA","DESPESAS CORRENTES",49500000,-1504120.05,4.799587995E7,3.857578884E7,2.856415825E7,2.8491791E7,2.786577136E7,698386.89,2.672463596E7,136441.33,2.658819463E7,1975963.62,1277576.73,77.93,80.37,57.56,59.36,53.99,179.59,"fontesRecursos_8a1d834d-cdba-4ee3-b55d-a3d063cf4aca.csv","informacaoPlanejamento_9ecee3ad-31e0-410b-883a-a69b8cd2deee.csv","empenhos_b50c43a7-1bff-4c78-ac55-8b3bfdb1a0c1.csv","suplementacoes_3412c5f7-d30b-42fc-ab14-a6b8337151e8.csv"," "
"PREFEITURA MUNICIPAL DE CRICIUMA",2025,"GESTÃO FISCAL E FINANCEIRA","Manut. da Arrecadação, Fiscalização, Cadastro Imobiliario","Que as receitas possam crescer o suficiente para podermos cobrir as despesas fixas, e ainda obtermos sobra para os investimentos.","SEC. MUN. DA FAZENDA","Arrecadação e Fiscalização",Administração,"Administração Geral",1022,"Manut. da Arrecadação, Fiscalização, Cadastro Imobiliario","APLICAÇÕES DIRETAS",86,33900000000000,"APLICAÇÕES DIRETAS","PREFEITURA MUNICIPAL DE CRICIUMA","DESPESAS CORRENTES",5000000,-479000,4521000,4197774.3,2880403.56,2569370.44,2569263.01,311140.55,2531865.68,107.43,2531758.25,348645.31,37504.76,83.96,92.85,51.39,56.83,50.64,178.56,"fontesRecursos_8e652ea1-80ed-41c1-a7cd-9738a78176e0.csv","informacaoPlanejamento_e0c4b650-039f-4f45-af2e-0645dc838276.csv","empenhos_77361f30-b844-4e03-9a1d-3cc45752c6f1.csv","suplementacoes_94535878-01c3-4e3b-827f-b0beabca87c6.csv"," "
"FUNDO MUNICIPAL DE SAUDE DE CRICIUMA",2025,"SAUDE PARA TODOS","Manutenção dos Serviços Médicos e Laboratoriais (SUS)","Realizar ações de promoção e prevenção à saúde na rede básica e Estratégia Saúde da Família, e ações curativas na rede secundaria e terciária do sistema municipal da saúde.","FUNDO MUNICIPAL DE SAÚDE","Fundo Mun. de Saúde",Saúde,"Assistência Hospitalar e Ambulatorial",1204,"Manutenção dos Serviços Médicos e Laboratoriais (SUS)","APLICAÇÕES DIRETAS",52,33900000000000,"APLICAÇÕES DIRETAS","FUNDO MUNICIPAL DE SAUDE DE CRICIUMA","DESPESAS CORRENTES",240000000,-12710000,227290000,1.2087051641E8,5.847929598E7,4.809810673E7,4.808578563E7,1.039351035E7,4.72970996E7,617.06,4.729648254E7,1.118281344E7,789303.09,50.36,53.18,20.04,21.16,19.71,480.56,"fontesRecursos_0562cabe-52ac-4b10-a9e3-bc68cfbdf052.csv","informacaoPlanejamento_20aac9ad-0e24-4d3b-bdd2-d7652dfd98c1.csv","empenhos_d80304eb-bab5-41b7-8be4-63585208d6eb.csv","suplementacoes_50512afe-43b3-4db6-a2e6-b2643023d032.csv"," "
"PREFEITURA MUNICIPAL DE CRICIUMA",2025,"GESTÃO DE QUALIDADE NO ENSINO","Creches e Pré-Escolares - Educação Infantil","Garantir espaço educativo adequado para a promoção da formação humana; fornecer materiais de consumo e didático, generos alimenticios, limpeza e outros paa as escolas e CEIMs; Acompanhar e das suporte administrativo e financeiro as Unidades Escolares; Manter e ampliar os espaços fisicos internos e externos das escolas e CEIMs.","SEC. MUN. DE EDUCAÇÃO","Creches e Pré-Escolares",Educação,"Educação Infantil",1031,"Creches e Pré-Escolares - Educação Infantil","APLICAÇÕES DIRETAS",122,44900000000000,"APLICAÇÕES DIRETAS","PREFEITURA MUNICIPAL DE CRICIUMA","DESPESAS DE CAPITAL",12000000,-4205000,7795000,5443027.76,5182721.44,5000618.11,5000618.11,182103.33,4996397.99,0,4996397.99,186323.45,4220.12,45.36,69.83,41.67,64.15,41.64,156.01,"fontesRecursos_a279a9b0-2800-49cd-bad8-b17e1037ef1d.csv","informacaoPlanejamento_c0564aad-2905-4a2f-ace6-85955bd3e49e.csv","empenhos_601ed1ec-0120-46e1-a99a-0cd5ee6849ae.csv","suplementacoes_d99a60ab-e041-47f4-9a39-a4e6677e2ff1.csv","Transferências do FUNDEB - 30%"
"PREFEITURA MUNICIPAL DE CRICIUMA",2025,"AVANÇAR CRICIUMA","Pavimentação/Recup/Revitalização/Mobilidade Urbana/Emprestimo FONPLATA, BNDES/BRDE","Elaborar projetos arquitetônicos, urbanísticos e geométricos (rodoviários) de espaços públicos; Revisar e regulamentar constantemente a legislação urbanística do Plano Diretor; Executar obras de edificações e espaços públicos de interesse da coletividade. Garantir o desenvolvimento econômico do município por meio de execução de obras significativas ao crescimento urbano.Tornar à cidade mais humanizada, bonita e agradável de se viver, sempre em conformidade com o novo Plano Diretor do Municipio.","SEC. M. DE INFRAEST.,PLANEJ. E MOBILIDADE URBANA","Abertura/Pavimentação/Manut. de Vias Públicas",Urbanismo,"Infra-Estrutura Urbana",1079,"Pavimentação/Recup/Revitalização/Mobilidade Urbana/Emprestimo FONPLATA, BNDES/BRDE","APLICAÇÕES DIRETAS",199,33900000000000,"APLICAÇÕES DIRETAS","PREFEITURA MUNICIPAL DE CRICIUMA","DESPESAS CORRENTES",23000000,13791000,36791000,3.299498084E7,2.671757713E7,2.54970023E7,2.413497421E7,2582602.92,2.393018551E7,25452.48,2.390473303E7,2812844.1,230241.18,143.46,89.68,110.86,69.3,104.04,153.74,"fontesRecursos_683fe343-e61c-418f-a825-4fa453d45d20.csv","informacaoPlanejamento_adeb530a-df38-447f-a807-8462cc6df1f0.csv","empenhos_fb0f5ee7-326c-4f85-a608-76756a866d4a.csv","suplementacoes_fed052b7-254e-4a17-b495-e2d545570000.csv","Recursos Ordinários"
"PREFEITURA MUNICIPAL DE CRICIUMA",2025,"GESTÃO ADMINISTRATIVA","Manut. da Diretoria de Transito e Transporte","Planejar a gestão publica atraves de implementações de dados gerenciais visando a redução de custos, e estrategicas na defesa civil do municipio.","GABINETE DO PREFEITO","Diretoria de Transito e Transporte",Urbanismo,"Infra-Estrutura Urbana",1013,"Manut. da Diretoria de Transito e Transporte","APLICAÇÕES DIRETAS",42,33900000000000,"APLICAÇÕES DIRETAS","PREFEITURA MUNICIPAL DE CRICIUMA","DESPESAS CORRENTES",30940000,5098449.55,3.603844955E7,2.755191964E7,2.285588116E7,2.318360641E7,2.165744241E7,1198438.75,2.091495606E7,1526164.0,1.938879206E7,3467089.1,2268650.35,89.05,76.45,74.93,64.33,67.6,172.31,"fontesRecursos_50b58799-83c2-43ec-8089-df58b2746cbb.csv","informacaoPlanejamento_dc256c09-8588-4b46-94ce-9e00db8117f4.csv","empenhos_7de7a853-958d-4081-97a2-20b3bc5fd9ca.csv","suplementacoes_6645dc4a-209a-4e42-927f-78564540a0b7.csv"," "
"PREFEITURA MUNICIPAL DE CRICIUMA",2025,"GESTÃO DE QUALIDADE NO ENSINO","Unidades Escolares - Ensino Fundamental","Garantir espaço educativo adequado para a promoção da formação humana; fornecer materiais de consumo e didático, generos alimenticios, limpeza e outros paa as escolas e CEIMs; Acompanhar e das suporte administrativo e financeiro as Unidades Escolares; Manter e ampliar os espaços fisicos internos e externos das escolas e CEIMs.","SEC. MUN. DE EDUCAÇÃO","Unidades Escolares",Educação,"Ensino Fundamental",1032,"Unidades Escolares - Ensino Fundamental","APLICAÇÕES DIRETAS",131,44900000000000,"APLICAÇÕES DIRETAS","PREFEITURA MUNICIPAL DE CRICIUMA","DESPESAS DE CAPITAL",33800000,-1.838373493E7,1.541626507E7,7784824.84,7443080.32,5203620.33,5203620.33,2239459.99,5117105.99,0,5117105.99,2325974.33,86514.34,23.03,50.5,15.4,33.75,15.14,301.27,"fontesRecursos_1b673bcc-b5d6-442d-8b54-bf782c8f1e54.csv","informacaoPlanejamento_cfd6e981-af75-467e-a329-46cf4eea9825.csv","empenhos_c839380f-ef64-45fb-aee4-666d493e3f22.csv","suplementacoes_0c016b29-0475-4c36-bd22-c219812b7a5c.csv","Receitas de Impostos e de Transferência de Impostos - Educação"
"FUNDO MUNICIPAL DE SAUDE DE CRICIUMA",2025,"SAUDE PARA TODOS","Manut. Vigilancia Sanitaria","Realizar ações de promoção e prevenção à saúde na rede básica e Estratégia Saúde da Família, e ações curativas na rede secundaria e terciária do sistema municipal da saúde.","FUNDO MUNICIPAL DE SAÚDE","Fundo Mun. de Saúde",Saúde,"Vigilância Sanitária",1049,"Manut. Vigilancia Sanitaria","APLICAÇÕES DIRETAS",10,33900000000000,"APLICAÇÕES DIRETAS","FUNDO MUNICIPAL DE SAUDE DE CRICIUMA","DESPESAS CORRENTES",800000,-5000,795000,424202.71,204441.03,196188.47,196188.47,8252.56,195569.95,0,195569.95,8871.08,618.52,53.03,53.36,24.52,24.68,24.45,406.5,"fontesRecursos_4c9ecbda-c87b-4842-99e8-328d00d3f90f.csv","informacaoPlanejamento_ccb209cd-7a95-423d-9204-da5f014a5ab0.csv","empenhos_fc3a9964-a5b2-48b9-baf0-bcc65e423acb.csv","suplementacoes_3c4545bd-fd87-4e1d-862b-78f458426cc5.csv"," "
"FUNDO MUNICIPAL DE SAUDE DE CRICIUMA",2025,"SAUDE PARA TODOS","Manut. CEOs","Realizar ações de promoção e prevenção à saúde na rede básica e Estratégia Saúde da Família, e ações curativas na rede secundaria e terciária do sistema municipal da saúde.","FUNDO MUNICIPAL DE SAÚDE","Fundo Mun. de Saúde",Saúde,"Atenção Básica",1056,"Manut. CEOs","APLICAÇÕES DIRETAS",34,33900000000000,"APLICAÇÕES DIRETAS","FUNDO MUNICIPAL DE SAUDE DE CRICIUMA","DESPESAS CORRENTES",1200000,60000,1260000,772896.79,367056.1,354506.74,354506.74,12549.36,343565.49,0,343565.49,23490.61,10941.25,64.41,61.34,29.54,28.14,28.63,366.74,"fontesRecursos_cc4106ef-cff4-4b6d-8f0a-4a2fdb288b9f.csv","informacaoPlanejamento_c97e647f-07f4-4842-8c7a-278c4d312ab5.csv","empenhos_b94cc8f3-5fb3-4d39-a2b2-f55445a1652f.csv","suplementacoes_f168b9db-74f0-4e72-9cb7-61677691cb56.csv"," "
"FUNDO MUNICIPAL DE SAUDE DE CRICIUMA",2025,"SAUDE PARA TODOS","Manut. SAMU","Realizar ações de promoção e prevenção à saúde na rede básica e Estratégia Saúde da Família, e ações curativas na rede secundaria e terciária do sistema municipal da saúde.","FUNDO MUNICIPAL DE SAÚDE","Fundo Mun. de Saúde",Saúde,"Atenção Básica",1054,"Manut. SAMU","APLICAÇÕES DIRETAS",25,33900000000000,"APLICAÇÕES DIRETAS","FUNDO MUNICIPAL DE SAUDE DE CRICIUMA","DESPESAS CORRENTES",1700000,0,1700000,146603.42,84629.0,81027.38,81027.38,3601.62,75735.38,0,75735.38,8893.62,5292.0,8.62,8.62,4.77,4.77,4.46,2244.66,"fontesRecursos_c6b1e19b-983b-418f-b639-cd7642515846.csv","informacaoPlanejamento_b1dc3c7c-7100-4f5b-9929-5b718f7c994b.csv","empenhos_76f56422-ae3e-4653-a79d-cc85b217da89.csv"," "," "
"FUNDO MUNICIPAL DE SAUDE DE CRICIUMA",2025,"SAUDE PARA TODOS","Manutenção do Centro de Zoonoses - CCZ","Realizar ações de promoção e prevenção à saúde na rede básica e Estratégia Saúde da Família, e ações curativas na rede secundaria e terciária do sistema municipal da saúde.","FUNDO MUNICIPAL DE SAÚDE","Fundo Mun. de Saúde",Saúde,"Vigilância Epidemiológica",1207,"Manutenção do Centro de Zoonoses - CCZ","APLICAÇÕES DIRETAS",57,33900000000000,"APLICAÇÕES DIRETAS","FUNDO MUNICIPAL DE SAUDE DE CRICIUMA","DESPESAS CORRENTES",525000,8000,533000,306580.43,199205.09,186642.7,186642.7,12562.39,183128.9,0,183128.9,16076.19,3513.8,58.4,57.52,35.55,35.02,34.88,291.05,"fontesRecursos_7abd3659-68e2-4694-a131-88a46f7fd976.csv","informacaoPlanejamento_498b3d57-b368-48b2-8c43-de8a45907691.csv","empenhos_dca61808-e6e7-46ac-91b3-26fe1c71c90c.csv","suplementacoes_c77621b2-8e84-48d1-b52d-396b334fa1c2.csv"," "
"FUNDO MUNICIPAL DE SAUDE DE CRICIUMA",2025,"SAUDE PARA TODOS","Manutenção da Assistência Farmacêutica","Realizar ações de promoção e prevenção à saúde na rede básica e Estratégia Saúde da Família, e ações curativas na rede secundaria e terciária do sistema municipal da saúde.","FUNDO MUNICIPAL DE SAÚDE","Fundo Mun. de Saúde",Saúde,"Suporte Profilático e Terapêutico",1202,"Manutenção da Assistência Farmacêutica","APLICAÇÕES DIRETAS",51,33900000000000,"APLICAÇÕES DIRETAS","FUNDO MUNICIPAL DE SAUDE DE CRICIUMA","DESPESAS CORRENTES",10500000,700000,11200000,7518513.43,7353903.87,7214894.52,7214702.58,139201.29,7193831.39,2.3,7193829.09,160074.78,20873.49,71.6,67.13,68.71,64.42,68.51,155.69,"fontesRecursos_335d2b49-916c-4062-8601-92e3d6323a1e.csv","informacaoPlanejamento_68b583a5-a19c-4269-be86-a0154ca8e661.csv","empenhos_1d05b45c-b440-4241-8339-a38adcbd5802.csv","suplementacoes_28f81135-4755-4acc-b739-9943007a0d0c.csv"," "
"FUNDO M.DOS DIR.DA CRIANCA E DO ADOLESC.- CRICIUMA",2025,"FUNDO MUNICIPAL DA INFÂNCIA E ADOLESCENCIA - FIA","Manut. do Fundo da Infancia - FIA, Doação do IR e Recursos Estaduais e Federais.","Garantir o atendimento prioritário a crianças e adolescentes em todas as esferas;- Manutenção e ampliação dos programas específicos para o atendimento e garantia de direitos, bem como, articulação com órgão do Judiciário, Ministério Público, Defensoria Pública, Conselho Tutelar e demais órgão municipais, estaduais, federais.","FUNDO M. DOS DIR. DA CRIANÇA E DO ADOLESC-CRICIÚMA","Fdo. dos Dir. da Criança e do Adolescente","Assistência Social","Assistência à Criança e ao Adolescente",1069,"Manut. do Fundo da Infancia - FIA, Doação do IR e Recursos Estaduais e Federais.","APLICAÇÕES DIRETAS",2,33900000000000,"APLICAÇÕES DIRETAS","FUNDO M.DOS DIR.DA CRIANCA E DO ADOLESC.- CRICIUMA","DESPESAS CORRENTES",660000,-400000,260000,119022.46,104651.76,106432.26,100178.98,4472.78,102464.03,6253.28,96210.75,8441.01,3968.23,18.03,45.78,16.13,40.94,15.52,253.75,"fontesRecursos_d992d2c3-40d3-4bf0-b6e3-cf68aa57db9a.csv","informacaoPlanejamento_8fc011fc-0fa7-45dd-bc1d-8a48ef76b0f9.csv","empenhos_4f993f71-56d1-4c7e-af21-4a2132197e5d.csv","suplementacoes_7c7ec8d7-e217-47e7-89a0-48eafe6ad7c5.csv"," "
"PREFEITURA MUNICIPAL DE CRICIUMA",2025,"AVANÇAR CRICIUMA","Pavimentação/Recup/Revitalização/Mobilidade Urbana/Emprestimo FONPLATA, BNDES/BRDE","Elaborar projetos arquitetônicos, urbanísticos e geométricos (rodoviários) de espaços públicos; Revisar e regulamentar constantemente a legislação urbanística do Plano Diretor; Executar obras de edificações e espaços públicos de interesse da coletividade. Garantir o desenvolvimento econômico do município por meio de execução de obras significativas ao crescimento urbano.Tornar à cidade mais humanizada, bonita e agradável de se viver, sempre em conformidade com o novo Plano Diretor do Municipio.","SEC. M. DE INFRAEST.,PLANEJ. E MOBILIDADE URBANA","Abertura/Pavimentação/Manut. de Vias Públicas",Urbanismo,"Infra-Estrutura Urbana",1079,"Pavimentação/Recup/Revitalização/Mobilidade Urbana/Emprestimo FONPLATA, BNDES/BRDE","APLICAÇÕES DIRETAS",201,44900000000000,"APLICAÇÕES DIRETAS","PREFEITURA MUNICIPAL DE CRICIUMA","DESPESAS DE CAPITAL",87000000,1.920763315E7,1.0620763315E8,1.1064559737E8,3.815159425E7,4.066997607E7,3.77635337E7,388060.55,3.77686666E7,40797.09,3.772786951E7,423724.74,35664.19,127.18,104.18,46.75,38.29,43.41,281.21,"fontesRecursos_780d9402-d44e-40d2-9cf8-1ad1ee3bda1a.csv","informacaoPlanejamento_4844b02e-be51-4f3d-991d-75b25263764e.csv","empenhos_86b14a26-2ce2-49a8-bba9-c51cea5a07cd.csv","suplementacoes_6bb86739-a4f8-4239-aa3c-97254ea7ea57.csv"," "
"PREFEITURA MUNICIPAL DE CRICIUMA",2025,"GESTÃO DE QUALIDADE NA EDUCAÇÃO INFANTIL","Convênios com Entidades Educacionais","Garantir espço educativo adequado para a promoção da formação humana; Ampliar o numero de crianças atendidas na Educação Infantil na faixa etária de 4 a 5 anos  na rede Municipal de Educação; Ampliar os espaços fisicos dos CEIMs; Fornecer materiais diversos e outros para a manutenção dos CEIMs; Ampliar a equipe tecnica Pedagogica para atender as especifidades da Ed. Infantil; Fomentar Pojetos Educativos nos CEIMs.","SEC. MUN. DE EDUCAÇÃO","Unidades Escolares",Educação,"Educação Infantil",1039,"Convênios com Entidades Educacionais","TRANSFERÊNCIAS A INSTITUIÇÕES PRIVADAS SEM FINS LUCRATIVOS",133,33500000000000,"TRANSFERÊNCIAS A INSTITUIÇÕES PRIVADAS SEM FINS LUCRATIVOS","PREFEITURA MUNICIPAL DE CRICIUMA","DESPESAS CORRENTES",8000000,-4000000,4000000,169257.57,168746.96,169257.57,168746.96,0.0,169257.57,510.61,168746.96,0.0,0.0,2.12,4.23,2.12,4.23,2.12,2363.26,"fontesRecursos_bef4fce3-03c3-4e19-8326-f955c2da1752.csv","informacaoPlanejamento_a6831c3a-b6a0-4ad4-a765-f5c324227137.csv","empenhos_e15796d4-2fe0-4fa0-94fd-82691bcb32e3.csv","suplementacoes_94923a26-f33a-4dde-b6c1-1e55ab34b547.csv"," "
"PREFEITURA MUNICIPAL DE CRICIUMA",2025,"CONSCIENTIZAÇÃO AMBIENTAL","Manut. da Diretoria de Meio Ambiente","Incentivar a conscientização ambiental entre os cidadãos e promover a conservação do meio ambiente para a melhoria da qualidade de vida.","SEC. M. DE INFRAEST.,PLANEJ. E MOBILIDADE URBANA","Diretoria Municipal de Meio Ambiente de Criciúma","Gestão Ambiental","Administração Geral",1221,"Manut. da Diretoria de Meio Ambiente","APLICAÇÕES DIRETAS",220,33900000000000,"APLICAÇÕES DIRETAS","PREFEITURA MUNICIPAL DE CRICIUMA","DESPESAS CORRENTES",3600000,-3360644.38,239355.62,239491.99,149585.6,149419.56,149419.56,166.04,149911.18,491.62,149419.56,166.04,0.0,6.65,100.06,4.15,62.43,4.16,159.66,"fontesRecursos_ef6b8cd6-8e20-4821-be4f-74b60028232c.csv","informacaoPlanejamento_08d0b32a-9ccc-47df-aa37-840e99129f86.csv","empenhos_668bfaf7-6364-4e47-8719-c0914c30f120.csv","suplementacoes_9a43ce83-e978-45ef-aa25-0daa24f99e6d.csv"," "
"PREFEITURA MUNICIPAL DE CRICIUMA",2025,"GESTÃO DE QUALIDADE NO ENSINO","Unidades Escolares - Ensino Fundamental","Garantir espaço educativo adequado para a promoção da formação humana; fornecer materiais de consumo e didático, generos alimenticios, limpeza e outros paa as escolas e CEIMs; Acompanhar e das suporte administrativo e financeiro as Unidades Escolares; Manter e ampliar os espaços fisicos internos e externos das escolas e CEIMs.","SEC. MUN. DE EDUCAÇÃO","Unidades Escolares",Educação,"Ensino Fundamental",1032,"Unidades Escolares - Ensino Fundamental","TRANSFERÊNCIAS A INSTITUIÇÕES PRIVADAS SEM FINS LUCRATIVOS",128,33500000000000,"TRANSFERÊNCIAS A INSTITUIÇÕES PRIVADAS SEM FINS LUCRATIVOS","PREFEITURA MUNICIPAL DE CRICIUMA","DESPESAS CORRENTES",2500000,7165000,9665000,9729263.55,9605537.67,9729263.55,9605537.67,0.0,9729263.55,123725.88,9605537.67,0.0,0.0,389.17,100.66,389.17,100.66,389.17,99.34,"fontesRecursos_95176b76-570e-4edc-9429-49211a3d7273.csv","informacaoPlanejamento_ec2f8122-8950-43dc-a765-27a192f8a463.csv","empenhos_7e964bb2-a54f-4aa0-b41e-29f068679eb5.csv","suplementacoes_968e29a7-f396-4723-998b-b3159048996a.csv"," "
"PREFEITURA MUNICIPAL DE CRICIUMA",2025,"AVANÇAR CRICIUMA","Convênio Rio de Manut. Manejo de Rios","Elaborar projetos arquitetônicos, urbanísticos e geométricos (rodoviários) de espaços públicos; Revisar e regulamentar constantemente a legislação urbanística do Plano Diretor; Executar obras de edificações e espaços públicos de interesse da coletividade. Garantir o desenvolvimento econômico do município por meio de execução de obras significativas ao crescimento urbano.Tornar à cidade mais humanizada, bonita e agradável de se viver, sempre em conformidade com o novo Plano Diretor do Municipio.","SEC. M. DE INFRAEST.,PLANEJ. E MOBILIDADE URBANA","Convênio Rio Criciúma",Saneamento,"Saneamento Básico Urbano",1077,"Convênio Rio de Manut. Manejo de Rios","APLICAÇÕES DIRETAS",195,33900000000000,"APLICAÇÕES DIRETAS","PREFEITURA MUNICIPAL DE CRICIUMA","DESPESAS CORRENTES",300000,919000,1219000,819193.68,565205.12,554719.63,554719.63,10485.49,523544.36,0,523544.36,41660.76,31175.27,273.06,67.2,184.91,45.51,174.51,232.84,"fontesRecursos_44a78cbf-54e3-4f53-9bb3-db032a0178f8.csv","informacaoPlanejamento_770229b3-5209-46cf-9db6-cecfb44641e8.csv","empenhos_271ea72f-c37b-42d0-a2a8-db749baab15c.csv","suplementacoes_2c21128e-4d75-4a38-b763-b03cf094ed37.csv"," "
"PREFEITURA MUNICIPAL DE CRICIUMA",2025,"AVANÇAR CRICIUMA","Canalizações e Drenagens","Elaborar projetos arquitetônicos, urbanísticos e geométricos (rodoviários) de espaços públicos; Revisar e regulamentar constantemente a legislação urbanística do Plano Diretor; Executar obras de edificações e espaços públicos de interesse da coletividade. Garantir o desenvolvimento econômico do município por meio de execução de obras significativas ao crescimento urbano.Tornar à cidade mais humanizada, bonita e agradável de se viver, sempre em conformidade com o novo Plano Diretor do Municipio.","SEC. M. DE INFRAEST.,PLANEJ. E MOBILIDADE URBANA","Canalizações e Drenagens",Saneamento,"Saneamento Básico Urbano",1076,"Canalizações e Drenagens","APLICAÇÕES DIRETAS",193,33900000000000,"APLICAÇÕES DIRETAS","PREFEITURA MUNICIPAL DE CRICIUMA","DESPESAS CORRENTES",2000000,2750000,4750000,4694866.41,3028041.84,2798434.88,2798434.88,229606.96,2759086.59,0,2759086.59,268955.25,39348.29,234.74,98.84,139.92,58.91,137.95,172.16,"fontesRecursos_22487be4-6f10-4436-94e4-640b65a6079b.csv","informacaoPlanejamento_6fefcbc4-3845-409f-b14a-f014557ff6cc.csv","empenhos_f2d5259a-691b-4f6e-b5ca-760cb7ccc7d4.csv","suplementacoes_eb5ecb35-6b43-42ab-8338-90119db065a2.csv"," "
"PREFEITURA MUNICIPAL DE CRICIUMA",2025,"AVANÇAR CRICIUMA",Parques/Praças/Jardins,"Elaborar projetos arquitetônicos, urbanísticos e geométricos (rodoviários) de espaços públicos; Revisar e regulamentar constantemente a legislação urbanística do Plano Diretor; Executar obras de edificações e espaços públicos de interesse da coletividade. Garantir o desenvolvimento econômico do município por meio de execução de obras significativas ao crescimento urbano.Tornar à cidade mais humanizada, bonita e agradável de se viver, sempre em conformidade com o novo Plano Diretor do Municipio.","SEC. M. DE INFRAEST.,PLANEJ. E MOBILIDADE URBANA",Parques/Praças/Jardins,"Desporto e Lazer",Lazer,1081,Parques/Praças/Jardins,"APLICAÇÕES DIRETAS",205,44900000000000,"APLICAÇÕES DIRETAS","PREFEITURA MUNICIPAL DE CRICIUMA","DESPESAS DE CAPITAL",14500000,-342461.75,1.415753825E7,1.078968604E7,4777500.53,4625943.08,4625943.08,151557.45,4473433.66,0,4473433.66,304066.87,152509.42,74.41,76.21,31.9,32.67,30.85,316.48,"fontesRecursos_a8a9f098-099b-49f9-b5ab-5bf0e2b6aa40.csv","informacaoPlanejamento_6a1ff17f-f2fd-46f5-a80b-83fc323251f2.csv","empenhos_8bfcd32a-b232-4e58-ba1b-0e708bf5096e.csv","suplementacoes_97dd59fe-fe4b-4e2e-939a-b8aa6e581176.csv"," "
"PREFEITURA MUNICIPAL DE CRICIUMA",2025,"GESTÃO ADMINISTRATIVA","Manut. da Diretoria de Logistica","Planejar a gestão publica atraves de implementações de dados gerenciais visando a redução de custos, e estrategicas na defesa civil do municipio.","GABINETE DO PREFEITO","Gabinete do Prefeito",Administração,"Administração Geral",1012,"Manut. da Diretoria de Logistica","APLICAÇÕES DIRETAS",12,44900000000000,"APLICAÇÕES DIRETAS","PREFEITURA MUNICIPAL DE CRICIUMA","DESPESAS DE CAPITAL",120000,-104375.31,15624.69,15624.69,5974.69,0,0,5974.69,0,0,0,5974.69,0,13.02,100.0,0.0,0.0,0.0,0.0,"fontesRecursos_1713f3f4-8467-4fbf-9a5a-5a82af6fdf04.csv","informacaoPlanejamento_95b40d22-65ad-4b6e-92fa-6fa52469a179.csv","empenhos_0b2d8a5c-f012-4917-918c-d2b76e1293df.csv","suplementacoes_bcc5ffeb-1bb3-4f85-acc3-08942418b546.csv"," "
"PREFEITURA MUNICIPAL DE CRICIUMA",2025,"GESTÃO ADMINISTRATIVA","Manut. da Direitoria de Tecnologia da Informação","Planejar a gestão publica atraves de implementações de dados gerenciais visando a redução de custos, e estrategicas na defesa civil do municipio.","GABINETE DO PREFEITO","Diretoria Executiva de Tecnologia de Informação",Administração,"Tecnologia da Informatização",1010,"Manut. da Direitoria de Tecnologia da Informação","APLICAÇÕES DIRETAS",34,33900000000000,"APLICAÇÕES DIRETAS","PREFEITURA MUNICIPAL DE CRICIUMA","DESPESAS CORRENTES",800000,1053889.64,1853889.64,1857684.46,1643775.32,1508647.9,1508647.9,135127.42,1508647.9,0,1508647.9,135127.42,0.0,232.21,100.2,188.58,81.38,188.58,122.88,"fontesRecursos_cb6d8447-7388-4b03-b5df-7f8fb47ad8c3.csv","informacaoPlanejamento_15f09a6b-95d6-4012-b55d-eff4594ec6fd.csv","empenhos_55cc20cf-5c0d-44e8-9a30-67483efe6f99.csv","suplementacoes_0af39375-80b5-410f-aac7-29659f1dcdda.csv"," "
"PREFEITURA MUNICIPAL DE CRICIUMA",2025,"GESTÃO ADMINISTRATIVA","Manutenção da Diretoria de Tecnologia e Inovação","Planejar a gestão publica atraves de implementações de dados gerenciais visando a redução de custos, e estrategicas na defesa civil do municipio.","SECRETARIA DE GOVERNANÇA","Diretoria de Tecnologia e Inovação",Administração,"Administração Geral",1251,"Manutenção da Diretoria de Tecnologia e Inovação","APLICAÇÕES DIRETAS",242,33900000000000,"APLICAÇÕES DIRETAS","PREFEITURA MUNICIPAL DE CRICIUMA","DESPESAS CORRENTES",0,500000,500000,308895.32,226257.18,182398.74,182398.74,43858.44,176895.48,0,176895.48,49361.7,5503.26,0.0,61.78,0.0,36.48,0.0,282.65,"fontesRecursos_a68a065a-1df7-413d-97ca-c003e01296df.csv","informacaoPlanejamento_54adbfd4-a577-40d5-bebb-1299d93d220e.csv","empenhos_afa36bdf-1f58-49dc-9797-e0d1bfe3f035.csv","suplementacoes_0299113c-ae46-4fee-882a-42ed61858997.csv"," "
"PREFEITURA MUNICIPAL DE CRICIUMA",2025,"GESTÃO FISCAL E FINANCEIRA","Manut. da Tesouraria e Contabilidade - Financeiro","Que as receitas possam crescer o suficiente para podermos cobrir as despesas fixas, e ainda obtermos sobra para os investimentos.","SEC. MUN. DA FAZENDA",Financeiro,Administração,"Administração Financeira",1023,"Manut. da Tesouraria e Contabilidade - Financeiro","APLICAÇÕES DIRETAS",74,33900000000000,"APLICAÇÕES DIRETAS","PREFEITURA MUNICIPAL DE CRICIUMA","DESPESAS CORRENTES",12850000,2617100,15467100,1.439423478E7,1.385732489E7,1.270619345E7,1.27061875E7,1151137.39,1.270619345E7,5.95,1.27061875E7,1151137.39,0.0,112.02,93.06,98.88,82.15,98.88,121.73,"fontesRecursos_fcf15fbd-5e2a-4109-adab-fd0f71c05d69.csv","informacaoPlanejamento_bc49d0b8-04f1-4ca0-a36e-cce1fa7bbf5a.csv","empenhos_01d75f09-5f26-4f5f-b4a0-a1c0a9296998.csv","suplementacoes_a908d768-c6fd-426e-91c3-efc9c46ffa83.csv"," "
"PREFEITURA MUNICIPAL DE CRICIUMA",2025,"DEFENSORIA PUBLICA","Manut. da Casa da Cidadania","Para que os processos e ações movidas contra ou a favor o municipio, possam ser estudado e receberem o tratamento necessario.","PROCURADORIA GERAL DO MUNICIPIO","Casa da Cidadania","Direitos da Cidadania","Direitos Individuais, Coletivos e Difusos",1017,"Manut. da Casa da Cidadania","APLICAÇÕES DIRETAS",54,33900000000000,"APLICAÇÕES DIRETAS","PREFEITURA MUNICIPAL DE CRICIUMA","DESPESAS CORRENTES",100000,50000,150000,154476.9,108824.26,100735.76,100735.76,8088.5,100593.91,0,100593.91,8230.35,141.85,154.48,102.98,100.74,67.16,100.59,149.11,"fontesRecursos_be33d1bc-a4be-4764-8911-ac1945b891f2.csv","informacaoPlanejamento_498c778a-94da-4978-a23c-2ec80e01af80.csv","empenhos_d0f912cd-8215-4a59-88e8-59ea58f9a265.csv","suplementacoes_89e03f04-7f7e-4276-8173-da7bff2bab34.csv"," "
"PREFEITURA MUNICIPAL DE CRICIUMA",2025,"GESTÃO ADMINISTRATIVA","Manutenção da Diretoria de Atos Oficiais e Gestão de Pessoas","Planejar a gestão publica atraves de implementações de dados gerenciais visando a redução de custos, e estrategicas na defesa civil do municipio.","GABINETE DO PREFEITO","Gabinete do Prefeito",Administração,"Administração Geral",1246,"Manutenção da Diretoria de Atos Oficiais e Gestão de Pessoas","APLICAÇÕES DIRETAS",227,33900000000000,"APLICAÇÕES DIRETAS","PREFEITURA MUNICIPAL DE CRICIUMA","DESPESAS CORRENTES",0,3493229.47,3493229.47,1309116.56,800829.65,765064.28,764601.68,36227.97,728984.52,462.6,728521.92,72307.73,36079.76,0.0,37.48,0.0,21.9,0.0,479.19,"fontesRecursos_146e1c15-bdb7-4808-966d-fbe9b23312b7.csv","informacaoPlanejamento_c5715ecc-74b3-4a83-81a9-0a8f7f61c17a.csv","empenhos_a8444cb6-e6c3-401c-9b7e-52976cc3a72a.csv","suplementacoes_287ea5fd-cbf6-4791-b04e-900b7912e3ad.csv"," "
"PREFEITURA MUNICIPAL DE CRICIUMA",2025,"CONSCIENTIZAÇÃO AMBIENTAL","Manutenção da Diretoria de Meio Ambiente","Incentivar a conscientização ambiental entre os cidadãos e promover a conservação do meio ambiente para a melhoria da qualidade de vida.","COMITÊ DE MEIO AMBIENTE E SANEAMENTO BÁSICO","Diretoria de Meio Ambiente","Gestão Ambiental","Administração Geral",1262,"Manutenção da Diretoria de Meio Ambiente","APLICAÇÕES DIRETAS",280,33900000000000,"APLICAÇÕES DIRETAS","PREFEITURA MUNICIPAL DE CRICIUMA","DESPESAS CORRENTES",0,2560644.38,2560644.38,173376.86,141196.18,129388.78,129020.98,12175.2,89428.58,367.8,89060.78,52135.4,39960.2,0.0,6.77,0.0,5.05,0.0,2863.34,"fontesRecursos_04e157bc-f793-4857-94a3-ccb997e513ae.csv","informacaoPlanejamento_51215074-ea1d-4eca-970a-33e6d727caa5.csv","empenhos_16818de9-4597-4f62-a01f-153c160e0a55.csv","suplementacoes_06160840-7225-4223-9b41-e28a1dc59644.csv"," "
"PREFEITURA MUNICIPAL DE CRICIUMA",2025,"CENTRAL DE ALIMENTOS","Manut. Merenda Escolar","Elaborar cardapio de qualidade para um bom desenvolvimento e crescimento doa slunos; Oportunizar Formação Continuada as serventes, apra qualificar o atendimento; Fornecer generos alimenticios, gas e outros, para garantir as necessidades basicas das unidades.","SEC. MUN. DE EDUCAÇÃO","Merenda Escolar",Educação,"Ensino Fundamental",1240,"Manut. Merenda Escolar","APLICAÇÕES DIRETAS",162,33900000000000,"APLICAÇÕES DIRETAS","PREFEITURA MUNICIPAL DE CRICIUMA","DESPESAS CORRENTES",1000000,1058898.5,2058898.5,2053332.59,1557943.45,1783691.33,1543691.33,14252.12,1767202.52,240000.0,1527202.52,30740.93,16488.81,205.33,99.73,178.37,86.63,176.72,116.51,"fontesRecursos_87b44af4-4f28-4199-92d4-534a6f66f732.csv","informacaoPlanejamento_65751f5f-66f1-4820-9ed4-2af27c6e341e.csv","empenhos_a161b36f-250f-43b4-a9ad-1472184b0105.csv","suplementacoes_c3de96a1-ec28-45a5-b089-e9ce57abcc78.csv"," "
"FUNDO MUNICIPAL DE SAUDE DE CRICIUMA",2025,"SAUDE PARA TODOS","Manut. do Fundo Municipal de Saude, despesas de pessoal outros p/ manut.","Realizar ações de promoção e prevenção à saúde na rede básica e Estratégia Saúde da Família, e ações curativas na rede secundaria e terciária do sistema municipal da saúde.","FUNDO MUNICIPAL DE SAÚDE","Fundo Mun. de Saúde",Saúde,"Atenção Básica",1045,"Manut. do Fundo Municipal de Saude, despesas de pessoal outros p/ manut.","APLICAÇÕES DIRETAS",1,31900000000000,"APLICAÇÕES DIRETAS","FUNDO MUNICIPAL DE SAUDE DE CRICIUMA","DESPESAS CORRENTES",39000000,-5840412.74,3.315958726E7,2.035339704E7,1.838342641E7,1.82643483E7,1.824506345E7,138362.96,1.797012795E7,19284.85,1.79508431E7,432583.31,294220.35,52.19,61.38,46.83,55.08,46.08,184.53,"fontesRecursos_47aae333-fb20-4cda-a004-5131ab6b0044.csv","informacaoPlanejamento_b294d536-221f-468c-bbaa-0001c3d3ee26.csv","empenhos_c9664aea-9b95-48d6-ba60-e4193a4c6176.csv","suplementacoes_fce21020-ceee-437f-b38d-bd145d7e515d.csv"," "
"PREFEITURA MUNICIPAL DE CRICIUMA",2025,"AVANÇAR CRICIUMA","Manut. depto de Obras","Elaborar projetos arquitetônicos, urbanísticos e geométricos (rodoviários) de espaços públicos; Revisar e regulamentar constantemente a legislação urbanística do Plano Diretor; Executar obras de edificações e espaços públicos de interesse da coletividade. Garantir o desenvolvimento econômico do município por meio de execução de obras significativas ao crescimento urbano.Tornar à cidade mais humanizada, bonita e agradável de se viver, sempre em conformidade com o novo Plano Diretor do Municipio.","SEC. M. DE INFRAEST.,PLANEJ. E MOBILIDADE URBANA",Obras,Urbanismo,"Serviços Urbanos",1073,"Manut. depto de Obras","APLICAÇÕES DIRETAS",179,44900000000000,"APLICAÇÕES DIRETAS","PREFEITURA MUNICIPAL DE CRICIUMA","DESPESAS DE CAPITAL",10010000,-6737000,3273000,424200.08,424200.08,424200.08,424200.08,0.0,424200.08,0,424200.08,0.0,0.0,4.24,12.96,4.24,12.96,4.24,771.57,"fontesRecursos_626c30cc-cf2f-402f-97e7-c65458d90973.csv","informacaoPlanejamento_9edd2786-bea0-4bfe-855f-ba9f058d6201.csv","empenhos_07159efb-6fab-410f-aa39-5fc3b7f9b44d.csv","suplementacoes_cf253d76-f71a-43ed-8880-d9e3700db695.csv"," "
"FUNDO MUNICIPAL DE SAUDE DE CRICIUMA",2025,"SAUDE PARA TODOS","Manut. e contrução das Unidades de Saude, 24 Horas e Policlinicas","Realizar ações de promoção e prevenção à saúde na rede básica e Estratégia Saúde da Família, e ações curativas na rede secundaria e terciária do sistema municipal da saúde.","FUNDO MUNICIPAL DE SAÚDE","Unidades de Saúde / 24Hs / Policlinicas",Saúde,"Atenção Básica",1048,"Manut. e contrução das Unidades de Saude, 24 Horas e Policlinicas","APLICAÇÕES DIRETAS",71,33900000000000,"APLICAÇÕES DIRETAS","FUNDO MUNICIPAL DE SAUDE DE CRICIUMA","DESPESAS CORRENTES",5250000,2173848.88,7423848.88,7281631.08,5782727.2,6202010.18,5312530.08,470197.12,6201700.29,889480.1,5312220.19,470507.01,309.89,138.7,98.08,118.13,83.54,118.13,119.71,"fontesRecursos_eae4d8e7-46f2-4573-ad83-a431110745c2.csv","informacaoPlanejamento_f52217aa-aba2-44b6-9a93-d5b47cca6993.csv","empenhos_a5d1e78d-f594-46c9-a813-30f48e4d8aa1.csv","suplementacoes_07129041-151b-4088-8c2c-ef75a42148dd.csv"," "
"FUNDO MUNICIPAL DE SAUDE DE CRICIUMA",2025,"SAUDE PARA TODOS","Manut. e contrução das Unidades de Saude, 24 Horas e Policlinicas","Realizar ações de promoção e prevenção à saúde na rede básica e Estratégia Saúde da Família, e ações curativas na rede secundaria e terciária do sistema municipal da saúde.","FUNDO MUNICIPAL DE SAÚDE","Unidades de Saúde / 24Hs / Policlinicas",Saúde,"Atenção Básica",1048,"Manut. e contrução das Unidades de Saude, 24 Horas e Policlinicas","TRANSFERÊNCIAS A INSTITUIÇÕES PRIVADAS SEM FINS LUCRATIVOS",70,33500000000000,"TRANSFERÊNCIAS A INSTITUIÇÕES PRIVADAS SEM FINS LUCRATIVOS","FUNDO MUNICIPAL DE SAUDE DE CRICIUMA","DESPESAS CORRENTES",7350000,6445418.9,1.37954189E7,1.435984456E7,1.054011502E7,1.434991739E7,1.054011502E7,0.0,1.434991739E7,3809802.37,1.054011502E7,0.0,0.0,195.37,104.09,195.24,104.02,195.24,96.14,"fontesRecursos_4605d238-678d-4217-b258-0e0a43695137.csv","informacaoPlanejamento_11b883c2-e43a-43dd-819a-aa77f9eb3409.csv","empenhos_eefbc6b0-34df-4c91-8cf9-a28968fd4d40.csv","suplementacoes_e426efda-e9d2-49a8-b0fe-347c86f6356a.csv"," "
"PREFEITURA MUNICIPAL DE CRICIUMA",2025,"GESTÃO FISCAL E FINANCEIRA","Manut. do Convênio Trânsito Policia Civil","Que as receitas possam crescer o suficiente para podermos cobrir as despesas fixas, e ainda obtermos sobra para os investimentos.","SEC. MUN. DA FAZENDA","Convênio Trânsito - Polícia Civil","Segurança Pública",Policiamento,1028,"Manut. do Convênio Trânsito Policia Civil","APLICAÇÕES DIRETAS",101,44900000000000,"APLICAÇÕES DIRETAS","PREFEITURA MUNICIPAL DE CRICIUMA","DESPESAS DE CAPITAL",220000,2128549.83,2348549.83,1012542.7,807176.69,589789.79,589789.79,217386.9,487978.24,0,487978.24,319198.45,101811.55,460.25,43.11,268.09,25.11,221.81,481.28,"fontesRecursos_18cc5f95-cb42-4320-b8ea-ace7681e6a14.csv","informacaoPlanejamento_a26bc1c7-6015-4a9c-b28c-be78c24eab07.csv","empenhos_6552036e-0737-4a14-b3e6-cb227fe6fe2a.csv","suplementacoes_b4285f06-7b9a-440c-ab46-7c22d49b444a.csv"," "
"PREFEITURA MUNICIPAL DE CRICIUMA",2025,"AVANÇAR CRICIUMA","Manut. Fdo. Iluminação Pública","Elaborar projetos arquitetônicos, urbanísticos e geométricos (rodoviários) de espaços públicos; Revisar e regulamentar constantemente a legislação urbanística do Plano Diretor; Executar obras de edificações e espaços públicos de interesse da coletividade. Garantir o desenvolvimento econômico do município por meio de execução de obras significativas ao crescimento urbano.Tornar à cidade mais humanizada, bonita e agradável de se viver, sempre em conformidade com o novo Plano Diretor do Municipio.","SEC. M. DE INFRAEST.,PLANEJ. E MOBILIDADE URBANA","Manut. Fdo. Iluminação Pública",Urbanismo,"Conservação de Energia",1082,"Manut. Fdo. Iluminação Pública","APLICAÇÕES DIRETAS",206,33900000000000,"APLICAÇÕES DIRETAS","PREFEITURA MUNICIPAL DE CRICIUMA","DESPESAS CORRENTES",20000000,7430000,27430000,2.512678554E7,1.892663908E7,1.81843346E7,1.81843346E7,742304.48,1.642026251E7,0,1.642026251E7,2506376.57,1764072.09,125.63,91.6,90.92,66.29,82.1,167.05,"fontesRecursos_ef928f56-4fd7-46fb-97f9-98b4b2f4088a.csv","informacaoPlanejamento_eb6277b4-98d3-4612-99a5-635813cf295b.csv","empenhos_79f25dc2-6488-4425-8db7-b276f2e55f2e.csv","suplementacoes_79df6cd7-f81f-4989-83fe-5a637c5115cd.csv"," "
"PREFEITURA MUNICIPAL DE CRICIUMA",2025,"AVANÇAR CRICIUMA","Frota Municipal","Elaborar projetos arquitetônicos, urbanísticos e geométricos (rodoviários) de espaços públicos; Revisar e regulamentar constantemente a legislação urbanística do Plano Diretor; Executar obras de edificações e espaços públicos de interesse da coletividade. Garantir o desenvolvimento econômico do município por meio de execução de obras significativas ao crescimento urbano.Tornar à cidade mais humanizada, bonita e agradável de se viver, sempre em conformidade com o novo Plano Diretor do Municipio.","SEC. M. DE INFRAEST.,PLANEJ. E MOBILIDADE URBANA","Frota Municipal",Administração,"Administração Geral",1084,"Frota Municipal","APLICAÇÕES DIRETAS",212,44900000000000,"APLICAÇÕES DIRETAS","PREFEITURA MUNICIPAL DE CRICIUMA","DESPESAS DE CAPITAL",10100000,2408672.79,1.250867279E7,5003519.01,4634519.0,3922119.0,3922119.0,712400.0,3454893.81,0,3454893.81,1179625.19,467225.19,49.54,40.0,38.83,31.36,34.21,362.06,"fontesRecursos_9d3adfcd-c3ac-4c40-8ba9-a941d8636eb0.csv","informacaoPlanejamento_f5da305a-d4b3-4515-af39-a9c4f098d183.csv","empenhos_8729013a-2f0e-4a8e-a847-4d0dd749141b.csv","suplementacoes_fc8cf6d7-a001-4190-9041-3f07e7728c66.csv"," "
"PREFEITURA MUNICIPAL DE CRICIUMA",2025,"GESTÃO ADMINISTRATIVA","Manut. da Secretaria Geral","Planejar a gestão publica atraves de implementações de dados gerenciais visando a redução de custos, e estrategicas na defesa civil do municipio.","GABINETE DO PREFEITO","Gabinete do Prefeito",Administração,"Administração Geral",1003,"Manut. da Secretaria Geral","APLICAÇÕES DIRETAS",5,33900000000000,"APLICAÇÕES DIRETAS","PREFEITURA MUNICIPAL DE CRICIUMA","DESPESAS CORRENTES",450000,324800,774800,651023.93,392120.86,383150.2,380050.3,12070.56,375650.2,3099.9,372550.3,19570.56,7500.0,144.67,84.02,85.14,49.45,83.48,206.26,"fontesRecursos_6de8d949-2348-4ee2-b371-f5ebf35ccf41.csv","informacaoPlanejamento_bd76d438-1b79-4f3b-a7b6-78d0b8d8bc72.csv","empenhos_9ccea7cf-4628-4065-9460-3ceafc6a4ad2.csv","suplementacoes_a3e3e907-552b-4837-81ed-db6b6d092d0f.csv"," "
"FUNDO MUNICIPAL DE SAUDE DE CRICIUMA",2025,"SAUDE PARA TODOS","Manut. da Epidemiologia","Realizar ações de promoção e prevenção à saúde na rede básica e Estratégia Saúde da Família, e ações curativas na rede secundaria e terciária do sistema municipal da saúde.","FUNDO MUNICIPAL DE SAÚDE","Fundo Mun. de Saúde",Saúde,"Vigilância Epidemiológica",1052,"Manut. da Epidemiologia","APLICAÇÕES DIRETAS",19,33900000000000,"APLICAÇÕES DIRETAS","FUNDO MUNICIPAL DE SAUDE DE CRICIUMA","DESPESAS CORRENTES",800000,0,800000,373546.64,240571.8,222070.21,222070.21,18501.59,209056.9,0,209056.9,31514.9,13013.31,46.69,46.69,27.76,27.76,26.13,382.67,"fontesRecursos_7d583aa0-d3dd-4dff-a948-74b888a0fcea.csv","informacaoPlanejamento_19cc4667-829e-40f1-b268-39d82db4e721.csv","empenhos_263f7c1b-0272-41d0-911a-3f8657c04477.csv"," "," "
"FUNDO MUNICIPAL DE SAUDE DE CRICIUMA",2025,"SAUDE PARA TODOS","Manut. CAPs","Realizar ações de promoção e prevenção à saúde na rede básica e Estratégia Saúde da Família, e ações curativas na rede secundaria e terciária do sistema municipal da saúde.","FUNDO MUNICIPAL DE SAÚDE","Fundo Mun. de Saúde",Saúde,"Atenção Básica",1055,"Manut. CAPs","APLICAÇÕES DIRETAS",31,33900000000000,"APLICAÇÕES DIRETAS","FUNDO MUNICIPAL DE SAUDE DE CRICIUMA","DESPESAS CORRENTES",2500000,2897726.9,5397726.9,4176394.69,3166235.09,2891373.16,2890375.47,275859.62,2725015.25,26465.74,2698549.51,467685.58,191825.96,167.06,77.37,115.65,53.57,109.0,198.08,"fontesRecursos_bd8c8915-7ad0-476e-a649-bd95bb67d1e4.csv","informacaoPlanejamento_d228e201-cb48-45a8-8a89-c3a7447f79a9.csv","empenhos_0644450e-594c-4ae1-9479-ad0c4e7731c9.csv","suplementacoes_7d18bdfa-76d6-4dfe-ac9b-6dda601bcc2d.csv"," "
"FUNDO MUNICIPAL DE SAUDE DE CRICIUMA",2025,"SAUDE PARA TODOS","Manut. das UPAs","Realizar ações de promoção e prevenção à saúde na rede básica e Estratégia Saúde da Família, e ações curativas na rede secundaria e terciária do sistema municipal da saúde.","FUNDO MUNICIPAL DE SAÚDE","Fundo Mun. de Saúde",Saúde,"Atenção Básica",1058,"Manut. das UPAs","APLICAÇÕES DIRETAS",40,33900000000000,"APLICAÇÕES DIRETAS","FUNDO MUNICIPAL DE SAUDE DE CRICIUMA","DESPESAS CORRENTES",14000000,1.137502374E7,2.537502374E7,2.668486942E7,2.172952516E7,2.347659208E7,1.986778156E7,1861743.6,2.339969271E7,3608810.52,1.979088219E7,1938642.97,76899.37,190.61,105.16,167.69,92.52,167.14,108.44,"fontesRecursos_9e9c828e-71f2-4615-90d4-46c091188b83.csv","informacaoPlanejamento_c0df44f9-032a-42f3-bd7f-c27a543d1429.csv","empenhos_c9a2dec6-19d0-4cf9-a6ed-21b22e75374d.csv","suplementacoes_b0a28494-5ba8-4db8-ae6a-2b9b85d5248c.csv"," "
"PREFEITURA MUNICIPAL DE CRICIUMA",2025,"DEFENSORIA PUBLICA","Manut. Fundo de Defesa dos Dir. Difusos-FMDD","Para que os processos e ações movidas contra ou a favor o municipio, possam ser estudado e receberem o tratamento necessario.","PROCURADORIA GERAL DO MUNICIPIO","PROCON Municipal","Direitos da Cidadania","Direitos Individuais, Coletivos e Difusos",1018,"Manut. Fundo de Defesa dos Dir. Difusos-FMDD","APLICAÇÕES DIRETAS",51,33900000000000,"APLICAÇÕES DIRETAS","PREFEITURA MUNICIPAL DE CRICIUMA","DESPESAS CORRENTES",600000,-40000,560000,493034.54,343024.4,329012.28,315855.58,27168.82,315587.21,631.52,314955.69,28068.71,899.89,82.17,88.04,54.84,58.75,52.6,177.45,"fontesRecursos_d5a493e3-7e94-49bd-aa66-3c17091cec31.csv","informacaoPlanejamento_9e39bc2f-880e-42bb-b895-99c038a1ad74.csv","empenhos_23d37280-b880-4da0-a0df-ea89668ca421.csv","suplementacoes_36e4ce22-7904-4ece-a32e-8168671cb871.csv"," "
"PREFEITURA MUNICIPAL DE CRICIUMA",2025,"AVANÇAR CRICIUMA","Manut. depto de Obras","Elaborar projetos arquitetônicos, urbanísticos e geométricos (rodoviários) de espaços públicos; Revisar e regulamentar constantemente a legislação urbanística do Plano Diretor; Executar obras de edificações e espaços públicos de interesse da coletividade. Garantir o desenvolvimento econômico do município por meio de execução de obras significativas ao crescimento urbano.Tornar à cidade mais humanizada, bonita e agradável de se viver, sempre em conformidade com o novo Plano Diretor do Municipio.","SEC. M. DE INFRAEST.,PLANEJ. E MOBILIDADE URBANA",Obras,Urbanismo,"Serviços Urbanos",1073,"Manut. depto de Obras","APLICAÇÕES DIRETAS",177,33900000000000,"APLICAÇÕES DIRETAS","PREFEITURA MUNICIPAL DE CRICIUMA","DESPESAS CORRENTES",15900000,5465438.48,2.136543848E7,1.925754474E7,1.179323771E7,1.074708732E7,1.04469269E7,1346310.81,9344887.72,4433.25,9340454.47,2452783.24,1106472.43,121.12,90.13,67.59,50.3,58.77,228.63,"fontesRecursos_2dfecc23-8faf-426f-9bbf-0dbf77175a1f.csv","informacaoPlanejamento_7549f0d2-681b-4397-bfe6-070b4e0c5b11.csv","empenhos_e02ef326-66d2-484a-8966-29647e2feefb.csv","suplementacoes_5278dafc-f92b-4f7b-9cb6-304e271b643e.csv"," "
"FUNDO MUNICIPAL DE SAUDE DE CRICIUMA",2025,"SAUDE PARA TODOS","Manut. CEREST","Realizar ações de promoção e prevenção à saúde na rede básica e Estratégia Saúde da Família, e ações curativas na rede secundaria e terciária do sistema municipal da saúde.","FUNDO MUNICIPAL DE SAÚDE","Fundo Mun. de Saúde",Saúde,"Atenção Básica",1057,"Manut. CEREST","APLICAÇÕES DIRETAS",37,33900000000000,"APLICAÇÕES DIRETAS","FUNDO MUNICIPAL DE SAUDE DE CRICIUMA","DESPESAS CORRENTES",1200000,0,1200000,175346.82,98611.78,96811.78,96811.78,1800.0,87702.04,60.0,87642.04,10969.74,9169.74,14.61,14.61,8.07,8.07,7.31,1368.27,"fontesRecursos_c4388ad0-c6eb-4cf2-8132-0a9bed1e0550.csv","informacaoPlanejamento_1c5349a8-632d-4393-bbf3-a8298351aaa6.csv","empenhos_9f7df8ff-c5fe-40bd-9560-c902df33fc99.csv"," "," "
"FUNDO MUN. SANEAMENTO BASICO DE CRICIUMA - FUNSAB",2025,"SANEAMENTO BÁSICO MUNICIPAL (LIMPEZA PÚBLICA URBANA)","Limpeza de vias e logradouro públicos","Além da TAXA DE LIMPEZA PÚBLICA, pretende o município criar as condições para que através do Contrato de Programa com a CASAN, possa o município utilizar recursos desse Contrato para melhorar a limpeza pública urbana, conforme prevê a Lei do Saneamento Basico.","FUNDO MUN. DE SANEAMENTO BASICO-FUNSAB","Limpeza Pública",Urbanismo,"Serviços Urbanos",1099,"Limpeza de vias e logradouro públicos","APLICAÇÕES DIRETAS",3,33900000000000,"APLICAÇÕES DIRETAS","FUNDO MUN. SANEAMENTO BASICO DE CRICIUMA - FUNSAB","DESPESAS CORRENTES",15400000,210000.0,1.561E7,1.570066516E7,1.320112508E7,1.196612508E7,1.196612508E7,1235000.0,1.196612508E7,0,1.196612508E7,1235000.0,0.0,101.95,100.58,77.7,76.66,77.7,130.45,"fontesRecursos_2f250262-10a2-43e8-8fc5-c929fc303121.csv","informacaoPlanejamento_9c2b4d4d-9ee9-4e3e-8598-a8db4478cd0a.csv","empenhos_ac812052-eeb3-44be-a10e-c56eef3b205a.csv","suplementacoes_9a220779-e263-41ab-8efd-511305618b26.csv"," "
"FUNDO MUNICIPAL DE SAUDE DE CRICIUMA",2025,"SAUDE PARA TODOS","Manut. PSF e ESF","Realizar ações de promoção e prevenção à saúde na rede básica e Estratégia Saúde da Família, e ações curativas na rede secundaria e terciária do sistema municipal da saúde.","FUNDO MUNICIPAL DE SAÚDE","Fundo Mun. de Saúde",Saúde,"Atenção Básica",1050,"Manut. PSF e ESF","APLICAÇÕES DIRETAS",13,33900000000000,"APLICAÇÕES DIRETAS","FUNDO MUNICIPAL DE SAUDE DE CRICIUMA","DESPESAS CORRENTES",10000000,450000,10450000,8265233.19,6342117.02,6046624.32,6046624.32,295492.7,5685442.9,0,5685442.9,656674.12,361181.42,82.65,79.09,60.47,57.86,56.85,183.8,"fontesRecursos_3f2881db-79a4-4821-b177-562f503244d6.csv","informacaoPlanejamento_60d0f56f-6511-436b-8bba-d24a261fcbcb.csv","empenhos_52ec63a3-d178-4bd1-bafe-5833bddd842c.csv","suplementacoes_5bf81fbb-57c1-4da0-96d2-eeae32f08ef2.csv"," "
"PREFEITURA MUNICIPAL DE CRICIUMA",2025,"AVANÇAR CRICIUMA","Edificações Publicas","Elaborar projetos arquitetônicos, urbanísticos e geométricos (rodoviários) de espaços públicos; Revisar e regulamentar constantemente a legislação urbanística do Plano Diretor; Executar obras de edificações e espaços públicos de interesse da coletividade. Garantir o desenvolvimento econômico do município por meio de execução de obras significativas ao crescimento urbano.Tornar à cidade mais humanizada, bonita e agradável de se viver, sempre em conformidade com o novo Plano Diretor do Municipio.","SEC. M. DE INFRAEST.,PLANEJ. E MOBILIDADE URBANA","Edificações Públicas",Urbanismo,"Infra-Estrutura Urbana",1074,"Edificações Publicas","APLICAÇÕES DIRETAS",185,44900000000000,"APLICAÇÕES DIRETAS","PREFEITURA MUNICIPAL DE CRICIUMA","DESPESAS DE CAPITAL",26380000,-6095100.5,2.02848995E7,1.176933691E7,4739931.51,4458674.16,4458674.16,281257.35,4421844.81,0,4421844.81,318086.7,36829.35,44.61,58.02,16.9,21.98,16.76,458.74,"fontesRecursos_ba5d285b-ccf8-40cc-bfdf-1f409dc3f597.csv","informacaoPlanejamento_b060ae6e-f4b9-4e1f-a6db-2ee3a93c9b94.csv","empenhos_b0263b8e-7e77-49d9-9fc4-d35a2599b0ee.csv","suplementacoes_1d420c17-c466-4a51-a26a-18988823e7a6.csv"," "
"PREFEITURA MUNICIPAL DE CRICIUMA",2025,"DEFENSORIA PUBLICA","Manut. da Procuradoria Geral","Para que os processos e ações movidas contra ou a favor o municipio, possam ser estudado e receberem o tratamento necessario.","PROCURADORIA GERAL DO MUNICIPIO","Defensoria Publica",Judiciária,"Ação Judiciária",1016,"Manut. da Procuradoria Geral","APLICAÇÕES DIRETAS",48,33900000000000,"APLICAÇÕES DIRETAS","PREFEITURA MUNICIPAL DE CRICIUMA","DESPESAS CORRENTES",60000,221000,281000,195376.73,74318.24,62800.04,62800.04,11518.2,62800.04,0,62800.04,11518.2,0.0,325.63,69.53,104.67,22.35,104.67,447.45,"fontesRecursos_337bd98f-68b4-4765-b606-c75fc9000ef4.csv","informacaoPlanejamento_63711935-da68-45fd-acfe-8e4b6da08f93.csv","empenhos_b17c5d59-bcad-44be-b35e-50386e900858.csv","suplementacoes_481d28fe-70ec-4960-875d-dcfbc8b4934e.csv"," "
"PREFEITURA MUNICIPAL DE CRICIUMA",2025,"GESTÃO FISCAL E FINANCEIRA","Manut. do Patrimonio","Que as receitas possam crescer o suficiente para podermos cobrir as despesas fixas, e ainda obtermos sobra para os investimentos.","SEC. MUN. DA FAZENDA","Gab. Secretaria da Fazenda",Administração,"Administração Geral",1025,"Manut. do Patrimonio","APLICAÇÕES DIRETAS",70,33900000000000,"APLICAÇÕES DIRETAS","PREFEITURA MUNICIPAL DE CRICIUMA","DESPESAS CORRENTES",200000,1035437.6,1235437.6,918049.6,659906.74,608542.87,608463.08,51443.66,573672.02,79.79,573592.23,86314.51,34870.85,459.02,74.31,304.27,49.26,286.84,215.36,"fontesRecursos_a68e0513-f036-4c8d-814f-e8c6ae2afa19.csv","informacaoPlanejamento_9f4d74ea-5eca-4542-91ee-cc64b83623b0.csv","empenhos_58b285dd-d3b4-4ed7-9464-e7fc8ae2ae20.csv","suplementacoes_32654f7b-df75-47fd-b0c8-6199e0714c74.csv"," "
"PREFEITURA MUNICIPAL DE CRICIUMA",2025,"GESTÃO ADMINISTRATIVA","Manut. da Diretoria de Logistica","Planejar a gestão publica atraves de implementações de dados gerenciais visando a redução de custos, e estrategicas na defesa civil do municipio.","GABINETE DO PREFEITO","Gabinete do Prefeito",Administração,"Administração Geral",1012,"Manut. da Diretoria de Logistica","APLICAÇÕES DIRETAS",11,33900000000000,"APLICAÇÕES DIRETAS","PREFEITURA MUNICIPAL DE CRICIUMA","DESPESAS CORRENTES",80000,151139.7,231139.7,151301.17,123745.17,113247.29,113247.29,10497.88,113037.59,0,113037.59,10707.58,209.7,189.13,65.46,141.56,49.0,141.3,204.48,"fontesRecursos_224015fd-804e-459f-b04b-db4efcddedc5.csv","informacaoPlanejamento_c2d821ea-3e7c-4c5d-a928-c5e4970512ef.csv","empenhos_ab65862a-d190-463a-8845-4fe84452629e.csv","suplementacoes_6a5bbf3a-b83c-4e59-8991-b1a6db773e4f.csv"," "
"PREFEITURA MUNICIPAL DE CRICIUMA",2025,"GESTÃO FISCAL E FINANCEIRA","Construção do Novo Quartel do 4 Batalhão de Bombeiros Militar","Que as receitas possam crescer o suficiente para podermos cobrir as despesas fixas, e ainda obtermos sobra para os investimentos.","SEC. MUN. DA FAZENDA","Convênio Corpo de Bombeiros","Segurança Pública",Policiamento,1228,"Construção do Novo Quartel do 4 Batalhão de Bombeiros Militar","APLICAÇÕES DIRETAS",106,44900000000000,"APLICAÇÕES DIRETAS","PREFEITURA MUNICIPAL DE CRICIUMA","DESPESAS DE CAPITAL",7000000,2710095.41,9710095.41,9356256.84,5768346.47,5517815.02,5517815.02,250531.45,5095455.36,0,5095455.36,672891.11,422359.66,133.66,96.36,78.83,56.83,72.79,190.56,"fontesRecursos_5b73e5a3-f281-4d4b-99e8-b3754b894519.csv","informacaoPlanejamento_cbaadd9d-6033-4158-b609-c5d84eb18878.csv","empenhos_39635047-a00d-4490-9a4c-bfed6f7be95c.csv","suplementacoes_1bbbf174-8e59-4397-b207-2a9ab55a1752.csv"," "
"PREFEITURA MUNICIPAL DE CRICIUMA",2025,"GESTÃO FISCAL E FINANCEIRA","Manut. do Convênio Corpo de Bombeiros","Que as receitas possam crescer o suficiente para podermos cobrir as despesas fixas, e ainda obtermos sobra para os investimentos.","SEC. MUN. DA FAZENDA","Convênio Corpo de Bombeiros","Segurança Pública",Policiamento,1029,"Manut. do Convênio Corpo de Bombeiros","APLICAÇÕES DIRETAS",103,33900000000000,"APLICAÇÕES DIRETAS","PREFEITURA MUNICIPAL DE CRICIUMA","DESPESAS CORRENTES",3300000,303599.9,3603599.9,3716824.57,1968122.27,1914100.99,1914100.99,54021.28,1891704.82,0,1891704.82,76417.45,22396.17,112.63,103.14,58.0,53.12,57.32,190.49,"fontesRecursos_302aa776-550b-4ce2-a8cd-2d94dea70d73.csv","informacaoPlanejamento_aadcc137-3f29-491e-bde1-01662055e78d.csv","empenhos_e019a437-4ff4-4775-898b-752e3b390749.csv","suplementacoes_c6ac23a9-4cd9-4c5b-9ace-eb4c58a46363.csv"," "
"PREFEITURA MUNICIPAL DE CRICIUMA",2025,"GESTÃO FISCAL E FINANCEIRA","Manut. do Convênio Trânsito Policia Civil","Que as receitas possam crescer o suficiente para podermos cobrir as despesas fixas, e ainda obtermos sobra para os investimentos.","SEC. MUN. DA FAZENDA","Convênio Trânsito - Polícia Civil","Segurança Pública",Policiamento,1028,"Manut. do Convênio Trânsito Policia Civil","APLICAÇÕES DIRETAS",100,33900000000000,"APLICAÇÕES DIRETAS","PREFEITURA MUNICIPAL DE CRICIUMA","DESPESAS CORRENTES",2020000,-97500,1922500,1784862.86,1438699.41,1410286.62,1410286.62,28412.79,1370782.77,0,1370782.77,67916.64,39503.85,88.36,92.84,69.82,73.36,67.86,140.25,"fontesRecursos_3ddc44ab-9080-44c2-9b2a-36582b55edf9.csv","informacaoPlanejamento_88cffd4e-7de6-4fa8-b6f9-38397fa4f44a.csv","empenhos_4e75328b-9907-4675-9a59-4d27ab8cba6a.csv","suplementacoes_bd2607cc-ede1-4514-876d-323a61bb38fa.csv"," "
"PREFEITURA MUNICIPAL DE CRICIUMA",2025,"GESTÃO ADMINISTRATIVA","Manut. da Diretoria de Transito e Transporte","Planejar a gestão publica atraves de implementações de dados gerenciais visando a redução de custos, e estrategicas na defesa civil do municipio.","GABINETE DO PREFEITO","Diretoria de Transito e Transporte",Urbanismo,"Infra-Estrutura Urbana",1013,"Manut. da Diretoria de Transito e Transporte","APLICAÇÕES DIRETAS",43,44900000000000,"APLICAÇÕES DIRETAS","PREFEITURA MUNICIPAL DE CRICIUMA","DESPESAS DE CAPITAL",15570000,-9000000,6570000,1192714.0,488756.6,476829.3,476829.3,11927.3,422173.14,0,422173.14,66583.46,54656.16,7.66,18.15,3.06,7.26,2.71,1556.23,"fontesRecursos_c436fa0e-7097-4023-ba91-913e70e4f329.csv","informacaoPlanejamento_7a551aef-ea0b-47d4-ae14-9a52cb0fe873.csv","empenhos_1c013420-ce1d-48eb-9730-beada5b78544.csv","suplementacoes_63e6a45a-714a-4e49-87c4-59ecf548da45.csv"," "
"FUNDO MUNICIPAL DE SAUDE DE CRICIUMA",2025,"SAUDE PARA TODOS","Manutenção dos Consórcios de Saúde","Realizar ações de promoção e prevenção à saúde na rede básica e Estratégia Saúde da Família, e ações curativas na rede secundaria e terciária do sistema municipal da saúde.","FUNDO MUNICIPAL DE SAÚDE","Fundo Mun. de Saúde",Saúde,"Atenção Básica",1243,"Manutenção dos Consórcios de Saúde","APLICAÇÃO DIRETA DECORRENTE DE OPERAÇÃO DE ÓRGÃOS, FUNDOS E ENTIDADES INTEGRANTES DOS ORÇAMENTOS FISCAL E DA SEGURIDADE SOCIAL COM CONSÓRCIO PÚBLICO D",64,33930000000000,"APLICAÇÃO DIRETA DECORRENTE DE OPERAÇÃO DE ÓRGÃOS, FUNDOS E ENTIDADES INTEGRANTES DOS ORÇAMENTOS FISCAL E DA SEGURIDADE SOCIAL COM CONSÓRCIO PÚBLICO D","FUNDO MUNICIPAL DE SAUDE DE CRICIUMA","DESPESAS CORRENTES",13090000,1.595213166E7,2.904213166E7,2.383603061E7,2.166203154E7,1.973780081E7,1.973780081E7,1924230.73,1.973780081E7,0,1.973780081E7,1924230.73,0.0,182.09,82.07,150.79,67.96,150.79,147.14,"fontesRecursos_fd3c2c78-b76a-49ae-b2e8-2bbe00d6e5eb.csv","informacaoPlanejamento_72cf1930-7c4b-448e-a640-e1c4f8292381.csv","empenhos_e285dc2b-7f73-4d3d-b3b2-57c09a007d2d.csv","suplementacoes_8888fbc5-f827-4af8-a463-74a0b3d608dd.csv"," "
"FUNDO MUN. SANEAMENTO BASICO DE CRICIUMA - FUNSAB",2025,"SANEAMENTO BÁSICO MUNICIPAL (AGUA E ESGOTO)","manut. do Sistema de Saneamento Básico - Contrato CASAN/FUNSAB","Criar as condições para que com o Contrato de Programa PMC/CASAN, possa o município ser parceiro na administração dos sistemas de distribuição de água e de coleta do esgoto sanitário e possa usar recursos desse Contrato para melhorar a drenagem urbana e para desassoriar rios da região.","FUNDO MUN. DE SANEAMENTO BASICO-FUNSAB","Convênios com o Estado",Saneamento,"Saneamento Básico Urbano",1097,"manut. do Sistema de Saneamento Básico - Contrato CASAN/FUNSAB","APLICAÇÕES DIRETAS",5,33900000000000,"APLICAÇÕES DIRETAS","FUNDO MUN. SANEAMENTO BASICO DE CRICIUMA - FUNSAB","DESPESAS CORRENTES",1700000,0,1700000,558779.06,369382.54,355578.39,353921.84,15460.7,352021.22,1656.55,350364.67,19017.87,3557.17,32.87,32.87,20.92,20.92,20.71,482.93,"fontesRecursos_6b28af68-e73c-462a-b92f-887c7c9bca5e.csv","informacaoPlanejamento_290a31f7-97d1-4b1a-8505-88e6c4965ef8.csv","empenhos_e0d09810-93fc-4635-a359-864a638c2370.csv"," "," "
"PREFEITURA MUNICIPAL DE CRICIUMA",2025,"GESTÃO ADMINISTRATIVA","Manutenção do Controle Interno","Planejar a gestão publica atraves de implementações de dados gerenciais visando a redução de custos, e estrategicas na defesa civil do municipio.","CONTROLADORIA-GERAL DO MUNICÍPIO","Controladoria-Geral do Município",Administração,"Administração Geral",1250,"Manutenção do Controle Interno","APLICAÇÕES DIRETAS",240,44900000000000,"APLICAÇÕES DIRETAS","PREFEITURA MUNICIPAL DE CRICIUMA","DESPESAS DE CAPITAL",0,20000,20000,20000.0,20000.0,14440.0,14440.0,5560.0,0,0,0,20000.0,14440.0,0.0,100.0,0.0,72.2,0.0,0.0,"fontesRecursos_4108d53a-3977-4143-adef-65c9a481b166.csv","informacaoPlanejamento_b93baeae-4f9d-4018-93ed-f130b86b2b28.csv","empenhos_aeb1d6c9-6216-4aa4-acea-e44be5ab5d59.csv","suplementacoes_15e51f78-1a73-4de7-8f8e-605431170c73.csv"," "
"PREFEITURA MUNICIPAL DE CRICIUMA",2025,"GESTÃO FISCAL E FINANCEIRA","Manut. do Controle Interno","Que as receitas possam crescer o suficiente para podermos cobrir as despesas fixas, e ainda obtermos sobra para os investimentos.","SEC. MUN. DA FAZENDA","Arrecadação e Fiscalização",Administração,"Controle Interno",1021,"Manut. do Controle Interno","APLICAÇÕES DIRETAS",84,44900000000000,"APLICAÇÕES DIRETAS","PREFEITURA MUNICIPAL DE CRICIUMA","DESPESAS DE CAPITAL",20000,-13997.19,6002.81,5929.99,5929.99,0,0,5929.99,0,0,0,5929.99,0,29.65,98.79,0.0,0.0,0.0,0.0,"fontesRecursos_74d2b5cb-3b6b-4437-998d-dae076877d35.csv","informacaoPlanejamento_5158fcba-bf36-4794-bc7e-ea81ff98312c.csv","empenhos_c7f88ba7-f0b9-4337-b1d0-cb7a1cf520f0.csv","suplementacoes_59fb3391-21ff-4064-be00-f54187f8c5b1.csv"," "
"PREFEITURA MUNICIPAL DE CRICIUMA",2025,"AVANÇAR CRICIUMA","Edificações Publicas","Elaborar projetos arquitetônicos, urbanísticos e geométricos (rodoviários) de espaços públicos; Revisar e regulamentar constantemente a legislação urbanística do Plano Diretor; Executar obras de edificações e espaços públicos de interesse da coletividade. Garantir o desenvolvimento econômico do município por meio de execução de obras significativas ao crescimento urbano.Tornar à cidade mais humanizada, bonita e agradável de se viver, sempre em conformidade com o novo Plano Diretor do Municipio.","SEC. M. DE INFRAEST.,PLANEJ. E MOBILIDADE URBANA","Edificações Públicas",Urbanismo,"Infra-Estrutura Urbana",1074,"Edificações Publicas","APLICAÇÕES DIRETAS",184,33900000000000,"APLICAÇÕES DIRETAS","PREFEITURA MUNICIPAL DE CRICIUMA","DESPESAS CORRENTES",2670000,9320000,11990000,9036042.87,6970375.9,6096800.96,6096800.96,873574.94,6066130.51,37727.94,6028402.57,941973.33,68398.39,338.43,75.36,228.34,50.85,227.2,197.65,"fontesRecursos_7a611ada-1c53-4132-9592-5fd9b0ed51e6.csv","informacaoPlanejamento_5aa52210-b81d-4c4b-9e23-0ca6b7caa1c9.csv","empenhos_01efea4b-86dc-4027-8c56-0890ca5c56bb.csv","suplementacoes_ba9ea5d5-7cb4-4856-80da-fd45eded7ccc.csv"," "
"PREFEITURA MUNICIPAL DE CRICIUMA",2025,"AVANÇAR CRICIUMA","Frota Municipal","Elaborar projetos arquitetônicos, urbanísticos e geométricos (rodoviários) de espaços públicos; Revisar e regulamentar constantemente a legislação urbanística do Plano Diretor; Executar obras de edificações e espaços públicos de interesse da coletividade. Garantir o desenvolvimento econômico do município por meio de execução de obras significativas ao crescimento urbano.Tornar à cidade mais humanizada, bonita e agradável de se viver, sempre em conformidade com o novo Plano Diretor do Municipio.","SEC. M. DE INFRAEST.,PLANEJ. E MOBILIDADE URBANA","Frota Municipal",Administração,"Administração Geral",1084,"Frota Municipal","APLICAÇÕES DIRETAS",211,33900000000000,"APLICAÇÕES DIRETAS","PREFEITURA MUNICIPAL DE CRICIUMA","DESPESAS CORRENTES",24000000,-2000000,22000000,1.092311445E7,1.009325193E7,9891046.84,9868406.84,224845.09,9720801.63,22640.0,9698161.63,395090.3,170245.21,45.51,49.65,41.21,44.96,40.5,226.32,"fontesRecursos_1bb844ed-6c61-459d-b478-09502dde55ac.csv","informacaoPlanejamento_7796fcea-a880-480c-aaa8-73b264cc2bc5.csv","empenhos_576962a0-2df1-49cc-aa80-1a5c59697290.csv","suplementacoes_e7e30840-a86b-4c26-8034-29a4f12d26a2.csv"," "
"PREFEITURA MUNICIPAL DE CRICIUMA",2025,"GESTÃO ADMINISTRATIVA","Manut. da Diretoria de Comunicação","Planejar a gestão publica atraves de implementações de dados gerenciais visando a redução de custos, e estrategicas na defesa civil do municipio.","GABINETE DO PREFEITO","Diretoria Executiva de Comunicação",Administração,"Administração Geral",1011,"Manut. da Diretoria de Comunicação","APLICAÇÕES DIRETAS",31,33900000000000,"APLICAÇÕES DIRETAS","PREFEITURA MUNICIPAL DE CRICIUMA","DESPESAS CORRENTES",5000000,173200,5173200,4757593.49,4696847.15,3817961.72,3817961.72,878885.43,3748553.73,0,3748553.73,948293.42,69407.99,95.15,91.97,76.36,73.8,74.97,138.01,"fontesRecursos_5c643447-5f15-4293-8446-ae5be1d99367.csv","informacaoPlanejamento_592b90e9-bd75-463a-b3e7-3a3363ef6eb3.csv","empenhos_d71c1bc7-9914-455b-befd-1541f2cb4da0.csv","suplementacoes_8ca4dbfa-fd01-4943-aad0-669969478b5e.csv"," "
"PREFEITURA MUNICIPAL DE CRICIUMA",2025,"GESTÃO ADMINISTRATIVA","Manut. do Fundo do Idoso - Proteção ao Idoso","Planejar a gestão publica atraves de implementações de dados gerenciais visando a redução de custos, e estrategicas na defesa civil do municipio.","GABINETE DO PREFEITO","Proteção ao Idoso","Assistência Social","Assistência ao Idoso",1014,"Manut. do Fundo do Idoso - Proteção ao Idoso","APLICAÇÕES DIRETAS",18,33900000000000,"APLICAÇÕES DIRETAS","PREFEITURA MUNICIPAL DE CRICIUMA","DESPESAS CORRENTES",250000,-210000,40000,56652.0,20196.6,27704.68,20196.6,0.0,27704.68,7508.08,20196.6,0.0,0.0,22.66,141.63,11.08,69.26,11.08,144.38,"fontesRecursos_6195015f-e19c-4385-919b-e4a693af6f86.csv","informacaoPlanejamento_4b7c2eb7-eb59-43f4-8d10-c54b94a4b67d.csv","empenhos_032328e1-773c-4583-8444-02f9e780bb8b.csv","suplementacoes_c2644539-12b0-4875-a4b8-a68f8eb0325f.csv"," "
"FUNDO MUNICIPAL DE SAUDE DE CRICIUMA",2025,"SAUDE PARA TODOS","Manutenção dos Consórcios de Saúde","Realizar ações de promoção e prevenção à saúde na rede básica e Estratégia Saúde da Família, e ações curativas na rede secundaria e terciária do sistema municipal da saúde.","FUNDO MUNICIPAL DE SAÚDE","Fundo Mun. de Saúde",Saúde,"Atenção Básica",1243,"Manutenção dos Consórcios de Saúde","TRANSFERÊNCIAS A CONSÓRCIOS PÚBLICOS MEDIANTE CONTRATO DE RATEIO",65,44710000000000,"TRANSFERÊNCIAS A CONSÓRCIOS PÚBLICOS MEDIANTE CONTRATO DE RATEIO","FUNDO MUNICIPAL DE SAUDE DE CRICIUMA","DESPESAS DE CAPITAL",100000,-71000,29000,8772.17,8772.17,4810.11,4810.11,3962.06,4810.11,0,4810.11,3962.06,0.0,8.77,30.25,4.81,16.59,4.81,602.9,"fontesRecursos_f1ee8bef-85d9-448e-8ff2-16c23c60a26a.csv","informacaoPlanejamento_b27e4ace-74cd-4559-8741-a17ef07cf50c.csv","empenhos_394a1659-81a6-41a0-934f-e8c7fd25194b.csv","suplementacoes_f23c8bb4-4217-48a1-8cec-9dfaad77c0c9.csv"," "
"FUNDO MUNICIPAL DE SAUDE DE CRICIUMA",2025,"SAUDE PARA TODOS","Manutenção dos Consórcios de Saúde","Realizar ações de promoção e prevenção à saúde na rede básica e Estratégia Saúde da Família, e ações curativas na rede secundaria e terciária do sistema municipal da saúde.","FUNDO MUNICIPAL DE SAÚDE","Fundo Mun. de Saúde",Saúde,"Atenção Básica",1243,"Manutenção dos Consórcios de Saúde","TRANSFERÊNCIAS A CONSÓRCIOS PÚBLICOS MEDIANTE CONTRATO DE RATEIO",63,33710000000000,"TRANSFERÊNCIAS A CONSÓRCIOS PÚBLICOS MEDIANTE CONTRATO DE RATEIO","FUNDO MUNICIPAL DE SAUDE DE CRICIUMA","DESPESAS CORRENTES",100000,70000,170000,103015.29,103015.29,65351.56,65351.56,37663.73,65351.56,0,65351.56,37663.73,0.0,103.02,60.6,65.35,38.44,65.35,260.13,"fontesRecursos_1cb403cf-a57c-429c-8277-cb4a755d4c0c.csv","informacaoPlanejamento_d25f3092-f9bd-49ae-bcf0-f3adf41488fb.csv","empenhos_9fed68df-c01e-4891-850c-3945f1607684.csv","suplementacoes_f988459e-e95d-486e-bbbb-98011c80f728.csv"," "
"FUNDO MUNICIPAL DE SAUDE DE CRICIUMA",2025,"SAUDE PARA TODOS","Manutenção dos Consórcios de Saúde","Realizar ações de promoção e prevenção à saúde na rede básica e Estratégia Saúde da Família, e ações curativas na rede secundaria e terciária do sistema municipal da saúde.","FUNDO MUNICIPAL DE SAÚDE","Fundo Mun. de Saúde",Saúde,"Atenção Básica",1243,"Manutenção dos Consórcios de Saúde","TRANSFERÊNCIAS A CONSÓRCIOS PÚBLICOS MEDIANTE CONTRATO DE RATEIO",62,31710000000000,"TRANSFERÊNCIAS A CONSÓRCIOS PÚBLICOS MEDIANTE CONTRATO DE RATEIO","FUNDO MUNICIPAL DE SAUDE DE CRICIUMA","DESPESAS CORRENTES",150000,342000,492000,245827.17,203303.09,154476.0,111951.92,91351.17,154476.0,42524.08,111951.92,91351.17,0.0,163.88,49.96,102.98,31.4,102.98,318.5,"fontesRecursos_7dbcb9df-3e4c-4490-bbcf-8ad35c0d2470.csv","informacaoPlanejamento_0f7afcf5-9131-45fc-84c2-21d69e85d262.csv","empenhos_df88b362-dfdf-47e6-8f53-bfd1520beca9.csv","suplementacoes_a50d2e1d-fc84-4a98-ba7f-ed9cab9af580.csv"," "
"PREFEITURA MUNICIPAL DE CRICIUMA",2025,"GESTÃO FISCAL E FINANCEIRA","Manutenção do Apoio Administrativo, Contribuição a Entidades Associativas","Que as receitas possam crescer o suficiente para podermos cobrir as despesas fixas, e ainda obtermos sobra para os investimentos.","SEC. MUN. DA FAZENDA",Financeiro,Administração,"Administração Geral",1237,"Manutenção do Apoio Administrativo, Contribuição a Entidades Associativas","APLICAÇÕES DIRETAS",79,33900000000000,"APLICAÇÕES DIRETAS","PREFEITURA MUNICIPAL DE CRICIUMA","DESPESAS CORRENTES",10000000,6934000.0,1.6934E7,1.812518352E7,1.357191308E7,1.300065042E7,1.300065042E7,571262.66,1.28949483E7,0,1.28949483E7,676964.78,105702.12,181.25,107.03,130.01,76.77,128.95,131.32,"fontesRecursos_e275424d-1eed-4847-96e8-b698d4167ab1.csv","informacaoPlanejamento_d45e3734-6c35-4478-8179-87d97a7fac23.csv","empenhos_3bbf41ac-565f-440f-8781-6d19244ebf28.csv","suplementacoes_b47806df-6a63-4e04-ad46-51e0f9826474.csv"," "
"FUNDO MUNICIPAL DE SAUDE DE CRICIUMA",2025,"SAUDE PARA TODOS","Manut. PSF e ESF","Realizar ações de promoção e prevenção à saúde na rede básica e Estratégia Saúde da Família, e ações curativas na rede secundaria e terciária do sistema municipal da saúde.","FUNDO MUNICIPAL DE SAÚDE","Fundo Mun. de Saúde",Saúde,"Atenção Básica",1050,"Manut. PSF e ESF","APLICAÇÕES DIRETAS",14,44900000000000,"APLICAÇÕES DIRETAS","FUNDO MUNICIPAL DE SAUDE DE CRICIUMA","DESPESAS DE CAPITAL",6450000,30000,6480000,3550989.34,3314428.17,3291048.17,3291048.17,23380.0,1621256.05,0,1621256.05,1693172.12,1669792.12,55.05,54.8,51.02,50.79,25.14,399.69,"fontesRecursos_337044f3-83fd-49ac-af6a-f43509938b69.csv","informacaoPlanejamento_d80d01b7-1894-41cb-b7e9-7e8ee0b4c4c6.csv","empenhos_93944365-4ac9-4f44-be8c-b7fd246639b8.csv","suplementacoes_1ab910a9-80d8-4e87-b207-642692150330.csv"," "
"PREFEITURA MUNICIPAL DE CRICIUMA",2025,"GESTÃO DE QUALIDADE NO ENSINO","Parque Astronômico","Garantir espaço educativo adequado para a promoção da formação humana; fornecer materiais de consumo e didático, generos alimenticios, limpeza e outros paa as escolas e CEIMs; Acompanhar e das suporte administrativo e financeiro as Unidades Escolares; Manter e ampliar os espaços fisicos internos e externos das escolas e CEIMs.","SEC. MUN. DE EDUCAÇÃO","Parque Astronômico",Educação,"Ensino Fundamental",1226,"Parque Astronômico","APLICAÇÕES DIRETAS",158,33900000000000,"APLICAÇÕES DIRETAS","PREFEITURA MUNICIPAL DE CRICIUMA","DESPESAS CORRENTES",1000000,0,1000000,474437.06,238548.56,99757.15,99577.44,138971.12,93016.38,179.71,92836.67,145711.89,6740.77,47.44,47.44,9.98,9.98,9.3,1075.08,"fontesRecursos_cb2680e6-109a-4248-b8d6-01d4fd4e843a.csv","informacaoPlanejamento_c40fd363-1af1-429d-a1f0-8c681d57089f.csv","empenhos_61c8bf2c-9e20-49e4-b626-a9bf5f0c58a5.csv"," ","Receitas de Impostos e de Transferência de Impostos - Educação"
"PREFEITURA MUNICIPAL DE CRICIUMA",2025,"GESTÃO DE QUALIDADE NO ENSINO","Manut. do Depto. Administrativo da Educação, formação continuada","Garantir espaço educativo adequado para a promoção da formação humana; fornecer materiais de consumo e didático, generos alimenticios, limpeza e outros paa as escolas e CEIMs; Acompanhar e das suporte administrativo e financeiro as Unidades Escolares; Manter e ampliar os espaços fisicos internos e externos das escolas e CEIMs.","SEC. MUN. DE EDUCAÇÃO","Administrativo da Educação",Educação,"Ensino Fundamental",1034,"Manut. do Depto. Administrativo da Educação, formação continuada","APLICAÇÕES DIRETAS",153,33900000000000,"APLICAÇÕES DIRETAS","PREFEITURA MUNICIPAL DE CRICIUMA","DESPESAS CORRENTES",8000000,6558000.0,1.4558E7,1.483892473E7,1.212654241E7,1.13550962E7,1.130279457E7,823747.84,1.126306439E7,53712.95,1.120935144E7,917190.97,93443.13,185.49,101.93,141.94,78.0,140.79,129.25,"fontesRecursos_14a9c734-f2f3-42d3-b837-e7540745020c.csv","informacaoPlanejamento_9136ea04-c9d6-4d0a-84d1-d30b84e7375e.csv","empenhos_64cb6491-00b0-4dae-b95b-f38797b4781e.csv","suplementacoes_60ebe10e-5e45-4328-8609-1d58ff6b7675.csv","Receitas de Impostos e de Transferência de Impostos - Educação"
"PREFEITURA MUNICIPAL DE CRICIUMA",2025,"GESTÃO DE QUALIDADE NO ENSINO","Creches e Pré-Escolares - Educação Infantil","Garantir espaço educativo adequado para a promoção da formação humana; fornecer materiais de consumo e didático, generos alimenticios, limpeza e outros paa as escolas e CEIMs; Acompanhar e das suporte administrativo e financeiro as Unidades Escolares; Manter e ampliar os espaços fisicos internos e externos das escolas e CEIMs.","SEC. MUN. DE EDUCAÇÃO","Creches e Pré-Escolares",Educação,"Educação Infantil",1031,"Creches e Pré-Escolares - Educação Infantil","APLICAÇÕES DIRETAS",121,33900000000000,"APLICAÇÕES DIRETAS","PREFEITURA MUNICIPAL DE CRICIUMA","DESPESAS CORRENTES",5800000,7164277.1,1.29642771E7,1.177393976E7,8385606.81,6214304.66,6156771.09,2228835.72,6073711.48,57533.57,6016177.91,2369428.9,140593.18,203.0,90.82,107.14,47.93,104.72,213.45,"fontesRecursos_e3c7537b-88a0-408b-a0ba-283749e52caa.csv","informacaoPlanejamento_67227699-9154-45ef-b672-f979d89a2d8a.csv","empenhos_15969c6e-736b-4229-b447-9152f627fb68.csv","suplementacoes_7985fff2-b868-49c6-b572-202dbaf2b4f0.csv","Transf. de Convênios - União/Educação"
"PREFEITURA MUNICIPAL DE CRICIUMA",2025,"GESTÃO DE QUALIDADE NO ENSINO","Unidades Escolares - Ensino Fundamental","Garantir espaço educativo adequado para a promoção da formação humana; fornecer materiais de consumo e didático, generos alimenticios, limpeza e outros paa as escolas e CEIMs; Acompanhar e das suporte administrativo e financeiro as Unidades Escolares; Manter e ampliar os espaços fisicos internos e externos das escolas e CEIMs.","SEC. MUN. DE EDUCAÇÃO","Unidades Escolares",Educação,"Ensino Fundamental",1032,"Unidades Escolares - Ensino Fundamental","APLICAÇÕES DIRETAS",129,33900000000000,"APLICAÇÕES DIRETAS","PREFEITURA MUNICIPAL DE CRICIUMA","DESPESAS CORRENTES",32370000,1.808827363E7,5.045827363E7,5.292312427E7,4.402956633E7,3.466471391E7,3.455898745E7,9470578.88,3.348432439E7,85512.28,3.339881211E7,1.063075422E7,1160175.34,163.49,104.88,107.09,68.7,103.44,150.69,"fontesRecursos_14aa2a2b-a517-4d7f-a463-d049b74b28a5.csv","informacaoPlanejamento_2a1bbcca-65b5-4e39-ba34-d728f709fdf1.csv","empenhos_6a0698db-46cf-459e-b571-a64d078f69e8.csv","suplementacoes_b877d1dd-66bb-43b3-9e44-6045506d4054.csv","Transferências do FUNDEB - 30%"
